Model year,Make,Model,Vehicle class,Engine size (L),Cylinders,Transmission,Fuel type,City (L/100 km),Highway (L/100 km),Combined (L/100 km),Combined (mpg),CO2 emissions (g/km),CO2 rating,Smog rating
2015,Acura,ilx,Compact,2.0,4,AS5,Z,9.7,6.7,8.3,34,191,,
2015,Acura,ilx,Compact,2.4,4,M6,Z,10.8,7.4,9.3,30,214,,
2015,Acura,ilx hybrid,Compact,1.5,4,AV7,Z,6.0,6.1,6.1,46,140,,
2015,Acura,mdx sh-awd,Sport utility vehicle: Small,3.5,6,AS6,Z,12.7,9.1,11.1,25,255,,
2015,Acura,rdx awd,Sport utility vehicle: Small,3.5,6,AS6,Z,12.1,8.7,10.6,27,244,,
2015,Acura,rlx,Mid-size,3.5,6,AS6,Z,11.9,7.7,10.0,28,230,,
2015,Acura,rlx hybrid,Mid-size,3.5,6,AM7,Z,8.0,7.5,7.7,37,177,,
2015,Acura,tlx,Compact,2.4,4,AM8,Z,9.6,6.6,8.3,34,191,,
2015,Acura,tlx,Compact,3.5,6,AS9,Z,11.2,6.9,9.2,31,212,,
2015,Acura,tlx sh-awd,Compact,3.5,6,AS9,Z,11.2,7.5,9.6,29,221,,
2015,Alfa Romeo,4c,Two-seater,1.8,4,AM6,Z,9.7,6.9,8.4,34,193,,
2015,Aston Martin,db9,Minicompact,5.9,12,A6,Z,18.0,12.6,15.6,18,359,,
2015,Aston Martin,rapide s,Subcompact,6.0,12,A8,Z,16.8,10.9,14.2,20,327,,
2015,Aston Martin,v8 vantage,Two-seater,4.7,8,AM7,Z,17.4,11.3,14.7,19,338,,
2015,Aston Martin,v8 vantage,Two-seater,4.7,8,M6,Z,18.1,12.3,15.5,18,356,,
2015,Aston Martin,v8 vantage s,Two-seater,4.7,8,AM7,Z,17.4,11.3,14.7,19,338,,
2015,Aston Martin,v8 vantage s,Two-seater,4.7,8,M6,Z,18.1,12.3,15.5,18,356,,
2015,Aston Martin,v12 vantage s,Two-seater,6.0,12,AM7,Z,19.5,12.8,16.5,17,379,,
2015,Aston Martin,vantage gt,Two-seater,4.7,8,AM7,Z,17.4,11.3,14.7,19,338,,
2015,Aston Martin,vantage gt,Two-seater,4.7,8,M6,Z,18.1,12.3,15.5,18,356,,
2015,Aston Martin,vanquish,Minicompact,6.0,12,A8,Z,17.6,11.4,14.8,19,340,,
2015,Audi,a3,Subcompact,1.8,4,AM6,Z,10.0,7.1,8.7,32,200,,
2015,Audi,a3 tdi (modified),Subcompact,2.0,4,AM6,D,7.6,5.5,6.5,43,177,,
2015,Audi,a3 quattro,Subcompact,2.0,4,AM6,Z,9.8,7.2,8.6,33,198,,
2015,Audi,a3 cabriolet quattro,Subcompact,2.0,4,AM6,Z,10.1,7.5,8.9,32,205,,
2015,Audi,a4,Compact,2.0,4,AV8,Z,9.9,7.6,8.9,32,205,,
2015,Audi,a4 quattro,Compact,2.0,4,AS8,Z,11.0,7.8,9.6,29,221,,
2015,Audi,a4 quattro,Compact,2.0,4,M6,Z,10.6,7.3,9.1,31,209,,
2015,Audi,a4 allroad quattro,Station wagon: Small,2.0,4,AS8,Z,11.2,8.4,9.9,29,228,,
2015,Audi,a5 quattro,Subcompact,2.0,4,AS8,Z,11.0,7.8,9.6,29,221,,
2015,Audi,a5 quattro,Subcompact,2.0,4,M6,Z,10.6,7.3,9.1,31,209,,
2015,Audi,a5 cabriolet quattro,Subcompact,2.0,4,AS8,Z,11.3,8.0,9.8,29,225,,
2015,Audi,a6 quattro,Mid-size,2.0,4,AS8,Z,12.0,8.1,10.3,27,237,,
2015,Audi,a6 quattro,Mid-size,3.0,6,AS8,Z,12.8,8.6,10.9,26,251,,
2015,Audi,a6 quattro tdi (modified),Mid-size,3.0,6,AS8,D,9.8,6.2,8.1,35,217,,
2015,Audi,a7 quattro,Mid-size,3.0,6,AS8,Z,13.1,8.5,11.0,26,253,,
2015,Audi,a7 quattro tdi (modified),Mid-size,3.0,6,AS8,D,9.8,6.2,8.1,35,217,,
2015,Audi,a8,Mid-size,3.0,6,AS8,Z,12.6,8.0,10.5,27,242,,
2015,Audi,a8 tdi (modified),Mid-size,3.0,6,AS8,D,9.8,6.5,8.4,34,224,,
2015,Audi,a8,Mid-size,4.0,8,AS8,Z,12.9,8.0,10.7,26,246,,
2015,Audi,a8l,Full-size,3.0,6,AS8,Z,12.6,8.0,10.5,27,242,,
2015,Audi,a8l tdi (modified),Full-size,3.0,6,AS8,D,9.8,6.5,8.4,34,224,,
2015,Audi,a8l,Full-size,4.0,8,AS8,Z,13.2,8.3,11.0,26,258,,
2015,Audi,a8l,Full-size,6.3,12,AS8,Z,17.8,10.8,14.6,19,344,,
2015,Audi,q3,Compact,2.0,4,AS6,Z,12.0,8.2,10.3,27,237,,
2015,Audi,q3 quattro,Compact,2.0,4,AS6,Z,11.9,8.4,10.3,27,237,,
2015,Audi,q5,Sport utility vehicle: Small,2.0,4,AS8,Z,12.0,8.5,10.4,27,239,,
2015,Audi,q5,Sport utility vehicle: Small,3.0,6,AS8,Z,13.2,9.2,11.4,25,262,,
2015,Audi,q5 tdi (modified),Sport utility vehicle: Small,3.0,6,AS8,D,10.2,7.8,9.0,31,244,,
2015,Audi,q5 hybrid,Sport utility vehicle: Small,2.0,4,AS8,Z,9.8,7.9,8.9,32,205,,
2015,Audi,q7,Sport utility vehicle: Standard,3.0,6,AS8,Z,15.2,11.0,13.3,21,306,,
2015,Audi,q7 tdi (modified),Sport utility vehicle: Standard,3.0,6,AS8,D,12.4,8.7,10.7,26,290,,
2015,Audi,r8,Two-seater,4.2,8,AM7,Z,17.3,10.4,14.2,20,327,,
2015,Audi,r8,Two-seater,4.2,8,M6,Z,20.5,11.7,16.6,17,382,,
2015,Audi,r8,Two-seater,5.2,10,AM7,Z,18.2,10.6,14.8,19,347,,
2015,Audi,r8,Two-seater,5.2,10,M6,Z,19.9,12.0,16.4,17,377,,
2015,Audi,r8 spyder,Two-seater,4.2,8,AM7,Z,17.3,10.4,14.2,20,327,,
2015,Audi,r8 spyder,Two-seater,4.2,8,M6,Z,20.5,11.7,16.6,17,382,,
2015,Audi,r8 spyder,Two-seater,5.2,10,AM7,Z,18.2,10.6,14.8,19,347,,
2015,Audi,r8 spyder,Two-seater,5.2,10,M6,Z,19.9,12.0,16.4,17,377,,
2015,Audi,rs 5,Subcompact,4.2,8,AM7,Z,14.9,10.1,12.8,22,294,,
2015,Audi,rs 5 cabriolet,Subcompact,4.2,8,AM7,Z,14.8,10.6,12.9,22,297,,
2015,Audi,rs 7,Mid-size,4.0,8,AS8,Z,16.6,9.4,13.3,21,313,,
2015,Audi,s3,Subcompact,2.0,4,AM6,Z,10.1,7.7,9.0,31,207,,
2015,Audi,s4,Compact,3.0,6,AM7,Z,13.0,8.5,11.0,26,253,,
2015,Audi,s4,Compact,3.0,6,M6,Z,13.8,9.0,11.7,24,269,,
2015,Audi,s5,Subcompact,3.0,6,AM7,Z,13.0,8.5,11.0,26,253,,
2015,Audi,s5,Subcompact,3.0,6,M6,Z,13.8,9.0,11.7,24,269,,
2015,Audi,s5 cabriolet,Subcompact,3.0,6,AM7,Z,13.3,9.1,11.4,25,262,,
2015,Audi,s6,Mid-size,4.0,8,AM7,Z,14.0,8.7,11.7,24,269,,
2015,Audi,s7,Mid-size,4.0,8,AM7,Z,14.0,8.7,11.7,24,269,,
2015,Audi,s8,Mid-size,4.0,8,AS8,Z,14.6,8.8,11.9,24,281,,
2015,Audi,sq5,Sport utility vehicle: Small,3.0,6,AS8,Z,14.1,9.9,12.2,23,281,,
2015,Audi,tt coupe quattro,Subcompact,2.0,4,AM6,Z,10.4,7.6,9.1,31,209,,
2015,Audi,tt roadster quattro,Two-seater,2.0,4,AM6,Z,10.4,7.7,9.2,31,212,,
2015,Audi,tts coupe quattro,Subcompact,2.0,4,AM6,Z,11.7,8.4,10.2,28,235,,
2015,Audi,tts roadster quattro,Two-seater,2.0,4,AM6,Z,11.7,8.5,10.2,28,235,,
2015,Bentley,continental gt,Compact,4.0,8,AS8,Z,16.1,9.4,13.1,22,307,,
2015,Bentley,continental gt,Compact,6.0,12,AS8,Z,18.9,11.2,15.4,18,354,,
2015,Bentley,continental gt convertible,Subcompact,4.0,8,AS8,Z,17.7,10.3,14.4,20,337,,
2015,Bentley,continental gt convertible,Subcompact,6.0,12,AS8,Z,19.6,11.7,16.0,18,368,,
2015,Bentley,continental gt3-r,Two-seater,4.0,8,AS8,Z,17.6,10.1,14.2,20,327,,
2015,Bentley,flying spur,Mid-size,4.0,8,AS8,Z,17.7,10.0,14.2,20,334,,
2015,Bentley,flying spur,Mid-size,6.0,12,AS8,Z,20.3,11.9,16.5,17,388,,
2015,Bentley,mulsanne,Mid-size,6.8,8,AS8,Z,22.3,13.3,18.2,16,419,,
2015,BMW,228i cabriolet,Subcompact,2.0,4,AS8,Z,10.4,7.1,8.9,32,205,,
2015,BMW,228i xdrive cabriolet,Subcompact,2.0,4,AS8,Z,10.6,7.2,9.1,31,209,,
2015,BMW,228i coupe,Subcompact,2.0,4,AS8,Z,10.0,6.5,8.4,34,193,,
2015,BMW,228i coupe,Subcompact,2.0,4,M6,Z,10.7,6.9,9.0,31,207,,
2015,BMW,228i xdrive coupe,Subcompact,2.0,4,AS8,Z,10.3,6.7,8.7,32,200,,
2015,BMW,320i sedan,Compact,2.0,4,AS8,Z,10.0,6.5,8.4,34,193,,
2015,BMW,320i sedan,Compact,2.0,4,M6,Z,10.7,6.9,9.0,31,207,,
2015,BMW,320i xdrive sedan,Compact,2.0,4,AS8,Z,10.3,6.7,8.7,32,200,,
2015,BMW,328d xdrive sedan,Compact,2.0,4,AS8,D,7.6,5.5,6.7,42,181,,
2015,BMW,328d xdrive touring,Station wagon: Small,2.0,4,AS8,D,7.6,5.5,6.7,42,181,,
2015,BMW,328i sedan,Compact,2.0,4,AS8,Z,10.0,6.5,8.4,34,193,,
2015,BMW,328i sedan,Compact,2.0,4,M6,Z,10.7,6.9,9.0,31,207,,
2015,BMW,328i xdrive sedan,Compact,2.0,4,AS8,Z,10.6,7.2,9.1,31,209,,
2015,BMW,328i xdrive gran turismo,Full-size,2.0,4,AS8,Z,10.6,7.2,9.1,31,209,,
2015,BMW,328i xdrive touring,Station wagon: Small,2.0,4,AS8,Z,10.6,7.2,9.1,31,209,,
2015,BMW,335i sedan,Compact,3.0,6,AS8,Z,11.4,7.4,9.6,29,221,,
2015,BMW,335i sedan,Compact,3.0,6,M6,Z,11.5,7.8,9.8,29,225,,
2015,BMW,335i xdrive sedan,Compact,3.0,6,AS8,Z,11.9,7.8,10.0,28,230,,
2015,BMW,335i xdrive sedan,Compact,3.0,6,M6,Z,12.0,8.3,10.3,27,237,,
2015,BMW,335i xdrive gran turismo,Full-size,3.0,6,AS8,Z,11.9,7.8,10.0,28,230,,
2015,BMW,428i cabriolet,Subcompact,2.0,4,AS8,Z,10.4,7.1,8.9,32,205,,
2015,BMW,428i xdrive cabriolet,Subcompact,2.0,4,AS8,Z,11.2,7.5,9.6,29,221,,
2015,BMW,428i coupe,Compact,2.0,4,AS8,Z,10.0,6.5,8.4,34,193,,
2015,BMW,428i coupe,Compact,2.0,4,M6,Z,10.7,6.9,9.0,31,207,,
2015,BMW,428i xdrive coupe,Compact,2.0,4,AS8,Z,10.6,7.2,9.1,31,209,,
2015,BMW,428i gran coupe,Compact,2.0,4,AS8,Z,10.4,7.1,8.9,32,205,,
2015,BMW,428i gran coupe,Compact,2.0,4,M6,Z,10.9,6.8,9.0,31,207,,
2015,BMW,428i xdrive gran coupe,Compact,2.0,4,AS8,Z,10.6,7.2,9.1,31,209,,
2015,BMW,435i cabriolet,Subcompact,3.0,6,AS8,Z,11.8,7.6,9.9,29,228,,
2015,BMW,435i xdrive cabriolet,Subcompact,3.0,6,AS8,Z,12.1,8.1,10.3,27,237,,
2015,BMW,435i coupe,Compact,3.0,6,AS8,Z,11.4,7.4,9.6,29,221,,
2015,BMW,435i coupe,Compact,3.0,6,M6,Z,11.5,7.8,9.8,29,225,,
2015,BMW,435i xdrive coupe,Compact,3.0,6,AS8,Z,11.9,7.8,10.0,28,230,,
2015,BMW,435i xdrive coupe,Compact,3.0,6,M6,Z,12.0,8.3,10.3,27,237,,
2015,BMW,435i gran coupe,Compact,3.0,6,AS8,Z,11.4,7.4,9.6,29,221,,
2015,BMW,435i xdrive gran coupe,Compact,3.0,6,AS8,Z,11.9,7.8,10.0,28,230,,
2015,BMW,528i sedan,Mid-size,2.0,4,AS8,Z,10.4,7.1,8.9,32,205,,
2015,BMW,528i xdrive sedan,Mid-size,2.0,4,AS8,Z,10.6,7.2,9.1,31,209,,
2015,BMW,535d xdrive sedan,Mid-size,3.0,6,AS8,D,9.2,6.3,7.9,36,213,,
2015,BMW,535i xdrive sedan,Mid-size,3.0,6,AS8,Z,12.1,8.1,10.3,27,237,,
2015,BMW,535i xdrive gran turismo,Full-size,3.0,6,AS8,Z,12.8,8.9,11.0,26,253,,
2015,BMW,550i xdrive sedan,Mid-size,4.4,8,AS8,Z,14.4,9.7,12.3,23,283,,
2015,BMW,550i xdrive gran turismo,Full-size,4.4,8,AS8,Z,15.2,9.8,12.8,22,294,,
2015,BMW,640i xdrive cabriolet,Subcompact,3.0,6,AS8,Z,12.1,8.1,10.3,27,237,,
2015,BMW,640i xdrive gran coupe,Compact,3.0,6,AS8,Z,12.1,8.1,10.3,27,237,,
2015,BMW,650i xdrive cabriolet,Subcompact,4.4,8,AS8,Z,15.2,9.8,12.8,22,294,,
2015,BMW,650i xdrive coupe,Compact,4.4,8,AS8,Z,14.4,9.7,12.3,23,283,,
2015,BMW,650i xdrive gran coupe,Compact,4.4,8,AS8,Z,15.2,9.8,12.8,22,294,,
2015,BMW,740ld xdrive sedan,Full-size,3.0,6,AS8,D,10.2,7.1,8.8,32,238,,
2015,BMW,740li xdrive sedan,Full-size,3.0,6,AS8,Z,12.1,8.1,10.3,27,237,,
2015,BMW,750i xdrive sedan,Full-size,4.4,8,AS8,Z,15.2,9.8,12.8,22,294,,
2015,BMW,750li xdrive sedan,Full-size,4.4,8,AS8,Z,15.2,9.8,12.8,22,294,,
2015,BMW,760li sedan,Full-size,6.0,12,AS8,Z,18.7,11.6,15.5,18,356,,
2015,BMW,activehybrid 3,Compact,3.0,6,AS8,Z,9.7,7.5,8.7,32,200,,
2015,BMW,activehybrid 5,Mid-size,3.0,6,AS8,Z,10.6,7.9,9.4,30,216,,
2015,BMW,activehybrid 7l,Full-size,3.0,6,AS8,Z,10.6,7.7,9.3,30,214,,
2015,BMW,alpina b6 xdrive gran coupe,Compact,4.4,8,AS8,Z,15.2,9.8,12.8,22,294,,
2015,BMW,alpina b7 xdrive swb,Full-size,4.4,8,AS8,Z,15.2,9.8,12.8,22,294,,
2015,BMW,alpina b7 xdrive lwb,Full-size,4.4,8,AS8,Z,15.2,9.8,12.8,22,294,,
2015,BMW,m235i cabriolet,Subcompact,3.0,6,AS8,Z,11.8,8.1,10.2,28,235,,
2015,BMW,m235i cabriolet,Subcompact,3.0,6,M6,Z,12.3,9.0,10.8,26,248,,
2015,BMW,m235i coupe,Subcompact,3.0,6,AS8,Z,11.8,8.1,10.2,28,235,,
2015,BMW,m235i coupe,Subcompact,3.0,6,M6,Z,11.9,8.5,10.4,27,239,,
2015,BMW,m235i xdrive coupe,Subcompact,3.0,6,AS8,Z,11.9,7.8,10.0,28,230,,
2015,BMW,m3 sedan,Compact,3.0,6,AM7,Z,14.2,9.6,12.1,23,278,,
2015,BMW,m3 sedan,Compact,3.0,6,M6,Z,13.7,9.0,11.6,24,267,,
2015,BMW,m4 cabriolet,Subcompact,3.0,6,AM7,Z,14.1,9.7,12.1,23,278,,
2015,BMW,m4 cabriolet,Subcompact,3.0,6,M6,Z,14.1,9.0,11.8,24,271,,
2015,BMW,m4 coupe,Compact,3.0,6,AM7,Z,14.1,9.7,12.1,23,278,,
2015,BMW,m4 coupe,Compact,3.0,6,M6,Z,13.7,9.0,11.6,24,267,,
2015,BMW,m5 sedan,Mid-size,4.4,8,AM7,Z,17.3,11.5,14.7,19,338,,
2015,BMW,m5 sedan,Mid-size,4.4,8,M6,Z,16.1,10.8,13.7,21,315,,
2015,BMW,m6 cabriolet,Subcompact,4.4,8,AM7,Z,17.3,11.5,14.7,19,338,,
2015,BMW,m6 cabriolet,Subcompact,4.4,8,M6,Z,16.1,10.8,13.7,21,315,,
2015,BMW,m6 coupe,Compact,4.4,8,AM7,Z,17.3,11.5,14.7,19,338,,
2015,BMW,m6 coupe,Compact,4.4,8,M6,Z,16.1,10.8,13.7,21,315,,
2015,BMW,m6 gran coupe,Compact,4.4,8,AM7,Z,17.3,11.5,14.7,19,338,,
2015,BMW,m6 gran coupe,Compact,4.4,8,M6,Z,16.1,10.8,13.7,21,315,,
2015,BMW,x1 xdrive28i,Sport utility vehicle: Small,2.0,4,AS8,Z,10.6,7.2,9.1,31,209,,
2015,BMW,x1 xdrive35i,Sport utility vehicle: Small,3.0,6,AS6,Z,13.2,8.9,11.2,25,258,,
2015,BMW,x3 xdrive28d,Sport utility vehicle: Small,2.0,4,AS8,D,8.6,6.9,7.9,36,213,,
2015,BMW,x3 xdrive28i,Sport utility vehicle: Small,2.0,4,AS8,Z,11.1,8.4,9.9,29,228,,
2015,BMW,x3 xdrive35i,Sport utility vehicle: Small,3.0,6,AS8,Z,12.7,8.8,10.9,26,251,,
2015,BMW,x4 xdrive28i,Sport utility vehicle: Small,2.0,4,AS8,Z,11.7,8.4,10.2,28,235,,
2015,BMW,x4 xdrive35i,Sport utility vehicle: Small,3.0,6,AS8,Z,12.7,8.8,10.9,26,251,,
2015,BMW,x5 xdrive35d,Sport utility vehicle: Standard,3.0,6,AS8,D,9.9,7.2,8.7,32,235,,
2015,BMW,x5 xdrive35i,Sport utility vehicle: Standard,3.0,6,AS8,Z,13.0,8.9,11.1,25,255,,
2015,BMW,x5 xdrive50i,Sport utility vehicle: Standard,4.4,8,AS8,Z,16.1,10.9,13.8,20,317,,
2015,BMW,x5 m,Sport utility vehicle: Standard,4.4,8,AS8,Z,16.6,12.1,14.6,19,336,,
2015,BMW,x6 xdrive35i,Sport utility vehicle: Standard,3.0,6,AS8,Z,13.0,8.9,11.1,25,255,,
2015,BMW,x6 xdrive50i,Sport utility vehicle: Standard,4.4,8,AS8,Z,16.1,10.9,13.8,20,317,,
2015,BMW,x6 m,Sport utility vehicle: Standard,4.4,8,AS8,Z,16.6,12.1,14.6,19,336,,
2015,BMW,z4 sdrive28i,Two-seater,2.0,4,AS8,Z,10.7,7.1,9.1,31,209,,
2015,BMW,z4 sdrive28i,Two-seater,2.0,4,M6,Z,10.7,6.9,9.0,31,207,,
2015,BMW,z4 sdrive35i,Two-seater,3.0,6,AM7,Z,13.7,10.0,12.1,23,278,,
2015,BMW,z4 sdrive35i,Two-seater,3.0,6,M6,Z,12.7,9.0,11.0,26,253,,
2015,BMW,z4 sdrive35is,Two-seater,3.0,6,AM7,Z,13.7,10.0,12.1,23,278,,
2015,Buick,enclave,Sport utility vehicle: Standard,3.6,6,A6,X,14.2,9.9,12.3,23,283,,
2015,Buick,enclave awd,Sport utility vehicle: Standard,3.6,6,A6,X,14.6,10.2,12.6,22,290,,
2015,Buick,encore,Sport utility vehicle: Small,1.4,4,AS6,X,9.5,7.2,8.5,33,196,,
2015,Buick,encore awd,Sport utility vehicle: Small,1.4,4,AS6,X,10.2,8.0,9.2,31,212,,
2015,Buick,lacrosse eassist,Mid-size,2.4,4,AS6,X,9.6,6.5,8.2,34,189,,
2015,Buick,lacrosse,Mid-size,3.6,6,AS6,X,13.7,8.6,11.4,25,262,,
2015,Buick,lacrosse,Mid-size,3.6,6,AS6,E,18.7,12.4,15.8,18,253,,
2015,Buick,lacrosse awd,Mid-size,3.6,6,AS6,X,13.9,9.1,11.7,24,269,,
2015,Buick,lacrosse awd,Mid-size,3.6,6,AS6,E,18.6,12.6,15.9,18,254,,
2015,Buick,regal,Mid-size,2.0,4,AS6,Z,11.4,7.9,9.8,29,225,,
2015,Buick,regal,Mid-size,2.0,4,M6,Z,11.6,7.6,9.8,29,225,,
2015,Buick,regal eassist,Mid-size,2.4,4,AS6,X,9.6,6.5,8.2,34,189,,
2015,Buick,regal awd,Mid-size,2.0,4,AS6,Z,12.4,8.7,10.7,26,246,,
2015,Buick,verano,Compact,2.0,4,AS6,Z,11.4,7.9,9.8,29,225,,
2015,Buick,verano,Compact,2.0,4,M6,Z,11.6,7.6,9.8,29,225,,
2015,Buick,verano,Compact,2.4,4,AS6,X,11.1,7.4,9.4,30,216,,
2015,Cadillac,ats,Compact,2.0,4,AS6,Z,11.1,7.9,9.7,29,223,,
2015,Cadillac,ats,Compact,2.0,4,M6,Z,12.2,7.9,10.3,27,237,,
2015,Cadillac,ats,Compact,2.5,4,AS6,X,11.1,7.2,9.3,30,214,,
2015,Cadillac,ats,Compact,3.6,6,AS6,X,12.8,8.4,10.8,26,248,,
2015,Cadillac,ats awd,Compact,2.0,4,AS6,Z,11.5,8.5,10.2,28,235,,
2015,Cadillac,ats awd,Compact,3.6,6,AS6,X,12.8,8.9,11.0,26,253,,
2015,Cadillac,cts,Mid-size,2.0,4,AS6,Z,11.5,7.9,9.9,29,228,,
2015,Cadillac,cts,Mid-size,3.6,6,AS8,X,12.8,8.2,10.7,26,246,,
2015,Cadillac,cts awd,Mid-size,2.0,4,AS6,Z,12.3,8.5,10.6,27,244,,
2015,Cadillac,cts awd,Mid-size,3.6,6,AS6,X,12.8,8.9,11.0,26,253,,
2015,Cadillac,cts vsport,Mid-size,3.6,6,AS8,Z,15.1,9.9,12.7,22,292,,
2015,Cadillac,escalade 4wd,Sport utility vehicle: Standard,6.2,8,A6,Z,16.2,11.4,14.0,20,322,,
2015,Cadillac,escalade 4wd,Sport utility vehicle: Standard,6.2,8,A8,Z,15.9,11.1,13.8,20,317,,
2015,Cadillac,escalade esv 4wd,Sport utility vehicle: Standard,6.2,8,A6,Z,16.8,11.7,14.5,19,334,,
2015,Cadillac,escalade esv 4wd,Sport utility vehicle: Standard,6.2,8,A8,Z,16.4,11.7,14.3,20,329,,
2015,Cadillac,srx,Sport utility vehicle: Standard,3.6,6,AS6,X,14.2,9.8,12.3,23,283,,
2015,Cadillac,srx awd,Sport utility vehicle: Standard,3.6,6,AS6,X,14.8,10.4,12.8,22,294,,
2015,Cadillac,xts,Full-size,3.6,6,AS6,X,13.6,8.6,11.3,25,260,,
2015,Cadillac,xts awd,Full-size,3.6,6,AS6,X,13.7,8.9,11.6,24,267,,
2015,Cadillac,xts vsport awd,Full-size,3.6,6,AS6,Z,14.8,9.9,12.6,22,290,,
2015,Chevrolet,camaro,Compact,3.6,6,AS6,X,13.3,8.8,11.3,25,260,,
2015,Chevrolet,camaro,Compact,3.6,6,M6,X,14.0,8.4,11.5,25,265,,
2015,Chevrolet,camaro,Compact,6.2,8,AS6,Z,15.3,9.8,12.8,22,294,,
2015,Chevrolet,camaro,Compact,6.2,8,M6,Z,15.0,9.9,12.7,22,292,,
2015,Chevrolet,camaro 2ls,Compact,3.6,6,AS6,X,12.6,7.9,10.5,27,242,,
2015,Chevrolet,camaro z/28,Compact,6.2,8,M6,Z,18.1,12.3,15.5,18,357,,
2015,Chevrolet,camaro zl1,Compact,6.2,8,AS6,Z,19.9,13.0,16.8,17,386,,
2015,Chevrolet,camaro zl1,Compact,6.2,8,M6,Z,16.6,12.4,14.7,19,338,,
2015,Chevrolet,city express,Special purpose vehicle,2.0,4,AV,X,9.7,9.0,9.4,30,216,,
2015,Chevrolet,colorado,Pickup truck: Small,2.5,4,A6,X,11.9,8.8,10.5,27,242,,
2015,Chevrolet,colorado,Pickup truck: Small,2.5,4,M6,X,12.2,9.1,10.8,26,248,,
2015,Chevrolet,colorado,Pickup truck: Small,3.6,6,A6,X,13.0,9.2,11.3,25,260,,
2015,Chevrolet,colorado 4wd,Pickup truck: Small,2.5,4,A6,X,12.7,9.5,11.3,25,260,,
2015,Chevrolet,colorado 4wd,Pickup truck: Small,3.6,6,A6,X,13.5,9.8,11.8,24,271,,
2015,Chevrolet,corvette,Two-seater,6.2,8,AS8,Z,14.6,8.1,11.7,24,269,,
2015,Chevrolet,corvette,Two-seater,6.2,8,M7,Z,13.7,8.2,11.2,25,258,,
2015,Chevrolet,corvette z06,Two-seater,6.2,8,AS8,Z,17.7,10.2,14.3,20,329,,
2015,Chevrolet,corvette z06,Two-seater,6.2,8,M7,Z,15.7,10.6,13.4,21,308,,
2015,Chevrolet,cruze,Mid-size,1.4,4,AS6,X,9.1,6.3,7.8,36,179,,
2015,Chevrolet,cruze eco,Mid-size,1.4,4,A6,X,9.0,6.1,7.7,37,177,,
2015,Chevrolet,cruze,Mid-size,1.4,4,M6,X,9.0,6.2,7.8,36,179,,
2015,Chevrolet,cruze eco,Mid-size,1.4,4,M6,X,8.4,5.6,7.1,40,163,,
2015,Chevrolet,cruze,Mid-size,1.8,4,AS6,X,10.5,6.8,8.8,32,202,,
2015,Chevrolet,cruze,Mid-size,1.8,4,M6,X,9.4,6.6,8.1,35,186,,
2015,Chevrolet,cruze diesel,Mid-size,2.0,4,AS6,D,8.7,5.1,7.1,40,192,,
2015,Chevrolet,equinox,Sport utility vehicle: Small,2.4,4,A6,X,10.5,7.3,9.1,31,209,,
2015,Chevrolet,equinox ffv,Sport utility vehicle: Small,2.4,4,A6,X,10.5,7.3,9.1,31,209,,
2015,Chevrolet,equinox ffv,Sport utility vehicle: Small,2.4,4,A6,E,15.6,10.8,13.4,21,214,,
2015,Chevrolet,equinox,Sport utility vehicle: Small,3.6,6,A6,X,14.2,9.5,12.1,23,278,,
2015,Chevrolet,equinox awd,Sport utility vehicle: Small,2.4,4,A6,X,11.5,8.2,10.0,28,230,,
2015,Chevrolet,equinox awd ffv,Sport utility vehicle: Small,2.4,4,A6,X,11.5,8.2,10.0,28,230,,
2015,Chevrolet,equinox awd ffv,Sport utility vehicle: Small,2.4,4,A6,E,16.3,11.6,14.2,20,227,,
2015,Chevrolet,equinox awd,Sport utility vehicle: Small,3.6,6,A6,X,14.8,9.9,12.6,22,290,,
2015,Chevrolet,express 2500 passenger,Van: Passenger,4.8,8,A6,X,21.0,14.2,18.0,16,414,,
2015,Chevrolet,express 2500 passenger,Van: Passenger,6.0,8,A6,X,22.0,14.9,18.8,15,432,,
2015,Chevrolet,express 2500 passenger ffv,Van: Passenger,6.0,8,A6,X,22.0,14.9,18.8,15,432,,
2015,Chevrolet,express 2500 passenger ffv,Van: Passenger,6.0,8,A6,E,30.3,20.5,25.9,11,414,,
2015,Chevrolet,express 3500 passenger,Van: Passenger,4.8,8,A6,X,21.3,14.3,18.1,16,416,,
2015,Chevrolet,express 3500 passenger,Van: Passenger,6.0,8,A6,X,22.2,15.1,19.0,15,437,,
2015,Chevrolet,express 3500 passenger ffv,Van: Passenger,6.0,8,A6,X,22.2,15.1,19.0,15,437,,
2015,Chevrolet,express 3500 passenger ffv,Van: Passenger,6.0,8,A6,E,30.6,20.6,26.1,11,418,,
2015,Chevrolet,impala,Full-size,2.5,4,AS6,X,10.6,7.5,9.2,31,212,,
2015,Chevrolet,impala,Full-size,3.6,6,AS6,X,12.5,8.2,10.6,27,244,,
2015,Chevrolet,impala,Full-size,3.6,6,AS6,E,17.0,11.5,14.5,19,232,,
2015,Chevrolet,malibu,Mid-size,2.0,4,AS6,Z,11.4,7.9,9.8,29,225,,
2015,Chevrolet,malibu,Mid-size,2.5,4,AS6,X,9.3,6.4,8.0,35,184,,
2015,Chevrolet,silverado,Pickup truck: Standard,4.3,6,A6,X,13.4,9.9,11.9,24,274,,
2015,Chevrolet,silverado,Pickup truck: Standard,4.3,6,A6,E,19.3,14.3,17.1,17,274,,
2015,Chevrolet,silverado,Pickup truck: Standard,5.3,8,A6,X,14.6,10.3,12.7,22,292,,
2015,Chevrolet,silverado,Pickup truck: Standard,5.3,8,A6,E,19.9,13.8,17.2,16,275,,
2015,Chevrolet,silverado,Pickup truck: Standard,6.2,8,A8,Z,16.1,11.4,14.0,20,322,,
2015,Chevrolet,silverado 4wd,Pickup truck: Standard,4.3,6,A6,X,14.1,10.6,12.5,23,288,,
2015,Chevrolet,silverado 4wd,Pickup truck: Standard,4.3,6,A6,E,20.3,15.2,18.0,16,288,,
2015,Chevrolet,silverado 4wd,Pickup truck: Standard,5.3,8,A6,X,14.9,10.7,13.0,22,299,,
2015,Chevrolet,silverado 4wd,Pickup truck: Standard,5.3,8,A6,E,20.2,14.3,17.5,16,280,,
2015,Chevrolet,silverado 4wd,Pickup truck: Standard,6.2,8,A8,Z,16.3,11.6,14.2,20,327,,
2015,Chevrolet,sonic,Compact,1.4,4,AS6,X,9.0,6.8,8.0,35,184,,
2015,Chevrolet,sonic,Compact,1.4,4,M6,X,8.5,6.2,7.5,38,173,,
2015,Chevrolet,sonic,Compact,1.8,4,AS6,X,9.6,6.7,8.3,34,191,,
2015,Chevrolet,sonic,Compact,1.8,4,M5,X,9.0,6.8,8.0,35,184,,
2015,Chevrolet,sonic rs,Compact,1.4,4,AS6,X,9.4,7.0,8.3,34,191,,
2015,Chevrolet,sonic rs,Compact,1.4,4,M6,X,8.9,6.9,8.0,35,184,,
2015,Chevrolet,sonic 5,Mid-size,1.4,4,AS6,X,9.0,6.8,8.0,35,184,,
2015,Chevrolet,sonic 5,Mid-size,1.4,4,M6,X,8.5,6.2,7.5,38,173,,
2015,Chevrolet,sonic 5,Mid-size,1.8,4,AS6,X,9.6,6.7,8.3,34,191,,
2015,Chevrolet,sonic 5,Mid-size,1.8,4,M5,X,9.0,6.8,8.0,35,184,,
2015,Chevrolet,sonic 5 rs,Mid-size,1.4,4,AS6,X,9.4,7.0,8.3,34,191,,
2015,Chevrolet,sonic 5 rs,Mid-size,1.4,4,M6,X,8.9,6.9,8.0,35,184,,
2015,Chevrolet,spark,Subcompact,1.2,4,AV,X,7.7,6.1,7.0,40,161,,
2015,Chevrolet,spark,Subcompact,1.2,4,M5,X,7.5,6.0,6.8,42,156,,
2015,Chevrolet,suburban,Sport utility vehicle: Standard,5.3,8,A6,X,14.9,10.1,12.7,22,292,,
2015,Chevrolet,suburban,Sport utility vehicle: Standard,5.3,8,A6,E,20.2,13.6,17.2,16,275,,
2015,Chevrolet,suburban 4wd,Sport utility vehicle: Standard,5.3,8,A6,X,15.4,10.8,13.3,21,306,,
2015,Chevrolet,suburban 4wd,Sport utility vehicle: Standard,5.3,8,A6,E,22.1,15.4,19.1,15,306,,
2015,Chevrolet,tahoe,Sport utility vehicle: Standard,5.3,8,A6,X,14.9,10.1,12.7,22,292,,
2015,Chevrolet,tahoe,Sport utility vehicle: Standard,5.3,8,A6,E,20.2,13.6,17.2,16,275,,
2015,Chevrolet,tahoe 4wd,Sport utility vehicle: Standard,5.3,8,A6,X,15.1,10.4,13.0,22,299,,
2015,Chevrolet,tahoe 4wd,Sport utility vehicle: Standard,5.3,8,A6,E,20.5,14.0,17.6,16,282,,
2015,Chevrolet,traverse,Sport utility vehicle: Standard,3.6,6,A6,X,14.2,9.9,12.3,23,283,,
2015,Chevrolet,traverse awd,Sport utility vehicle: Standard,3.6,6,A6,X,14.6,10.2,12.6,22,290,,
2015,Chevrolet,trax,Sport utility vehicle: Small,1.4,4,AS6,X,9.2,7.0,8.2,34,189,,
2015,Chevrolet,trax,Sport utility vehicle: Small,1.4,4,M6,X,9.1,6.9,8.1,35,186,,
2015,Chevrolet,trax awd,Sport utility vehicle: Small,1.4,4,AS6,X,9.7,7.6,8.7,32,200,,
2015,Chrysler,200,Mid-size,2.4,4,A9,X,10.2,6.4,8.5,33,196,,
2015,Chrysler,200 ffv,Mid-size,2.4,4,A9,X,10.2,6.4,8.5,33,196,,
2015,Chrysler,200 ffv,Mid-size,2.4,4,A9,E,13.6,8.5,11.3,25,181,,
2015,Chrysler,200,Mid-size,3.6,6,A9,X,12.4,7.5,10.2,28,235,,
2015,Chrysler,200 ffv,Mid-size,3.6,6,A9,X,12.4,7.5,10.2,28,235,,
2015,Chrysler,200 ffv,Mid-size,3.6,6,A9,E,16.5,10.1,13.6,21,218,,
2015,Chrysler,200 awd,Mid-size,3.6,6,A9,X,12.8,8.1,10.7,26,246,,
2015,Chrysler,200 awd ffv,Mid-size,3.6,6,A9,X,12.8,8.1,10.7,26,246,,
2015,Chrysler,200 awd ffv,Mid-size,3.6,6,A9,E,16.9,10.8,14.1,20,226,,
2015,Chrysler,300,Full-size,3.6,6,A8,X,12.4,7.7,10.3,27,237,,
2015,Chrysler,300 ffv,Full-size,3.6,6,A8,X,12.4,7.7,10.3,27,237,,
2015,Chrysler,300 ffv,Full-size,3.6,6,A8,E,16.8,10.3,13.9,20,222,,
2015,Chrysler,300 (mds),Full-size,5.7,8,A8,X,14.8,9.3,12.3,23,283,,
2015,Chrysler,300 awd,Full-size,3.6,6,A8,X,12.8,8.6,10.9,26,251,,
2015,Chrysler,300 awd ffv,Full-size,3.6,6,A8,X,12.8,8.6,10.9,26,251,,
2015,Chrysler,300 awd ffv,Full-size,3.6,6,A8,E,17.3,11.7,14.8,19,237,,
2015,Chrysler,town & country ffv,Minivan,3.6,6,A6,X,14.1,9.5,12.0,24,276,,
2015,Chrysler,town & country ffv,Minivan,3.6,6,A6,E,19.7,13.3,16.8,17,269,,
2015,Dodge,challenger,Mid-size,3.6,6,A8,X,12.4,7.8,10.3,27,237,,
2015,Dodge,challenger,Mid-size,5.7,8,M6,X,15.6,10.0,13.1,22,301,,
2015,Dodge,challenger (mds),Mid-size,5.7,8,A8,X,14.8,9.3,12.3,23,283,,
2015,Dodge,challenger,Mid-size,6.4,8,M6,Z,16.8,10.4,13.9,20,320,,
2015,Dodge,challenger (mds),Mid-size,6.4,8,A8,Z,15.7,9.5,12.9,22,297,,
2015,Dodge,challenger srt,Mid-size,6.4,8,M6,Z,16.8,10.4,13.9,20,320,,
2015,Dodge,challenger srt (mds),Mid-size,6.4,8,A8,Z,15.7,9.5,12.9,22,297,,
2015,Dodge,challenger srt hellcat,Mid-size,6.2,8,A8,Z,18.0,10.7,14.7,19,338,,
2015,Dodge,challenger srt hellcat,Mid-size,6.2,8,M6,Z,18.1,11.4,15.1,19,347,,
2015,Dodge,charger,Full-size,3.6,6,A5,X,13.7,8.9,11.5,25,264,,
2015,Dodge,charger ffv,Full-size,3.6,6,A5,X,13.7,8.9,11.5,25,264,,
2015,Dodge,charger ffv,Full-size,3.6,6,A5,E,18.7,12.4,15.9,18,254,,
2015,Dodge,charger,Full-size,3.6,6,A8,X,12.4,7.7,10.3,27,237,,
2015,Dodge,charger ffv,Full-size,3.6,6,A8,X,12.4,7.7,10.3,27,237,,
2015,Dodge,charger ffv,Full-size,3.6,6,A8,E,16.8,10.3,13.9,20,222,,
2015,Dodge,charger (mds),Full-size,5.7,8,A5,X,15.7,9.6,12.9,22,297,,
2015,Dodge,charger (mds),Full-size,5.7,8,A8,X,14.8,9.3,12.3,23,283,,
2015,Dodge,charger awd,Full-size,3.6,6,A8,X,12.8,8.6,10.9,26,251,,
2015,Dodge,charger awd ffv,Full-size,3.6,6,A8,X,12.8,8.6,10.9,26,251,,
2015,Dodge,charger awd ffv,Full-size,3.6,6,A8,E,17.3,11.7,14.8,19,237,,
2015,Dodge,charger awd (mds),Full-size,5.7,8,A5,X,16.1,10.0,13.4,21,308,,
2015,Dodge,charger srt 392 hemi,Full-size,6.4,8,A8,Z,15.7,9.5,12.9,22,297,,
2015,Dodge,charger srt hellcat,Full-size,6.2,8,A8,Z,18.0,10.7,14.7,19,338,,
2015,Dodge,dart ffv,Mid-size,2.0,4,A6,X,9.9,7.0,8.6,33,198,,
2015,Dodge,dart ffv,Mid-size,2.0,4,A6,E,13.3,9.3,11.5,25,184,,
2015,Dodge,dart,Mid-size,2.0,4,M6,X,9.4,6.5,8.1,35,186,,
2015,Dodge,dart,Mid-size,2.4,4,A6,X,10.1,6.8,8.6,33,198,,
2015,Dodge,dart,Mid-size,2.4,4,M6,X,10.5,6.7,8.8,32,202,,
2015,Dodge,dart gt,Mid-size,2.4,4,A6,X,10.6,7.5,9.2,31,212,,
2015,Dodge,dart gt,Mid-size,2.4,4,M6,X,10.2,7.0,8.8,32,202,,
2015,Dodge,dart turbo aero,Mid-size,1.4,4,AM6,X,8.4,5.9,7.3,39,168,,
2015,Dodge,dart turbo aero,Mid-size,1.4,4,M6,X,8.5,5.8,7.3,39,168,,
2015,Dodge,durango awd ffv,Sport utility vehicle: Standard,3.6,6,A8,X,13.9,9.8,12.1,23,278,,
2015,Dodge,durango awd ffv,Sport utility vehicle: Standard,3.6,6,A8,E,17.7,13.0,15.6,18,250,,
2015,Dodge,durango awd (mds),Sport utility vehicle: Standard,5.7,8,A8,X,17.3,11.5,14.7,19,338,,
2015,Dodge,grand caravan ffv,Minivan,3.6,6,A6,X,13.7,9.4,11.8,24,271,,
2015,Dodge,grand caravan ffv,Minivan,3.6,6,A6,E,19.2,13.1,16.4,17,262,,
2015,Dodge,journey,Sport utility vehicle: Small,2.4,4,A4,X,12.7,9.1,11.1,25,255,,
2015,Dodge,journey ffv,Sport utility vehicle: Small,3.6,6,A6,X,14.2,9.4,12.1,23,278,,
2015,Dodge,journey ffv,Sport utility vehicle: Small,3.6,6,A6,E,18.9,12.9,16.2,17,259,,
2015,Dodge,journey awd,Sport utility vehicle: Small,3.6,6,A6,X,14.5,9.9,12.4,23,285,,
2015,Dodge,viper srt coupe,Two-seater,8.4,10,M6,Z,19.4,11.3,15.8,18,363,,
2015,FIAT,500 cabrio,Minicompact,1.4,4,A6,X,8.7,6.9,7.9,36,182,,
2015,FIAT,500 cabrio,Minicompact,1.4,4,M5,X,7.9,6.3,7.2,39,166,,
2015,FIAT,500 hatchback,Minicompact,1.4,4,A6,X,8.7,6.9,7.9,36,182,,
2015,FIAT,500 hatchback,Minicompact,1.4,4,M5,X,7.6,5.9,6.8,42,156,,
2015,FIAT,500 hatchback turbo,Minicompact,1.4,4,A6,X,9.6,7.3,8.6,33,198,,
2015,FIAT,500 hatchback turbo,Minicompact,1.4,4,M5,X,8.5,6.9,7.8,36,179,,
2015,FIAT,500 abarth cabrio,Minicompact,1.4,4,A6,X,9.6,7.3,8.6,33,198,,
2015,FIAT,500 abarth cabrio,Minicompact,1.4,4,M5,X,8.5,6.9,7.8,36,179,,
2015,FIAT,500 abarth hatchback,Minicompact,1.4,4,A6,X,9.6,7.3,8.6,33,198,,
2015,FIAT,500 abarth hatchback,Minicompact,1.4,4,M5,X,8.5,6.9,7.8,36,179,,
2015,FIAT,500l,Station wagon: Small,1.4,4,A6,X,10.6,7.8,9.4,30,216,,
2015,FIAT,500l,Station wagon: Small,1.4,4,AM6,X,9.9,7.2,8.7,32,200,,
2015,FIAT,500l,Station wagon: Small,1.4,4,M6,X,9.3,7.1,8.3,34,191,,
2015,Ford,c-max hybrid,Full-size,2.0,4,AV,X,5.6,6.4,6.0,47,138,,
2015,Ford,edge,Sport utility vehicle: Small,2.0,4,AS6,X,11.5,7.8,9.8,29,225,,
2015,Ford,edge (start/stop),Sport utility vehicle: Small,2.0,4,AS6,X,11.3,7.9,9.8,29,225,,
2015,Ford,edge,Sport utility vehicle: Small,3.5,6,AS6,X,13.2,9.0,11.3,25,260,,
2015,Ford,edge awd,Sport utility vehicle: Small,2.0,4,AS6,X,11.8,8.4,10.3,27,237,,
2015,Ford,edge awd,Sport utility vehicle: Small,3.5,6,AS6,X,13.7,9.6,11.8,24,271,,
2015,Ford,edge sport awd,Sport utility vehicle: Small,2.7,6,AS6,X,13.6,9.8,11.9,24,274,,
2015,Ford,escape,Sport utility vehicle: Small,1.6,4,AS6,X,10.4,7.4,9.0,31,207,,
2015,Ford,escape,Sport utility vehicle: Small,2.0,4,AS6,X,10.9,8.0,9.6,29,221,,
2015,Ford,escape,Sport utility vehicle: Small,2.5,4,AS6,X,10.9,7.6,9.5,30,218,,
2015,Ford,escape awd,Sport utility vehicle: Small,1.6,4,AS6,X,10.6,8.0,9.4,30,216,,
2015,Ford,escape awd,Sport utility vehicle: Small,2.0,4,AS6,X,11.4,8.4,10.1,28,232,,
2015,Ford,expedition 4x4,Sport utility vehicle: Standard,3.5,6,AS6,X,16.2,11.8,14.2,20,327,,
2015,Ford,expedition max 4x4,Sport utility vehicle: Standard,3.5,6,AS6,X,16.4,12.0,14.4,20,331,,
2015,Ford,explorer,Sport utility vehicle: Standard,2.0,4,A6,X,11.9,8.5,10.4,27,239,,
2015,Ford,explorer ffv,Sport utility vehicle: Standard,3.5,6,AS6,X,13.7,9.7,11.9,24,274,,
2015,Ford,explorer ffv,Sport utility vehicle: Standard,3.5,6,AS6,E,18.6,13.0,16.1,18,258,,
2015,Ford,explorer ffv awd,Sport utility vehicle: Standard,3.5,6,AS6,X,14.2,10.3,12.5,23,288,,
2015,Ford,explorer ffv awd,Sport utility vehicle: Standard,3.5,6,AS6,E,19.2,14.1,16.9,17,270,,
2015,Ford,explorer awd (ecoboost),Sport utility vehicle: Standard,3.5,6,AS6,X,14.9,10.7,13.0,22,299,,
2015,Ford,f-150,Pickup truck: Standard,2.7,6,AS6,X,12.2,9.2,10.8,26,248,,
2015,Ford,f-150,Pickup truck: Standard,3.5,6,AS6,X,13.7,9.9,12.0,24,276,,
2015,Ford,f-150 ffv,Pickup truck: Standard,3.5,6,A6,X,13.2,9.6,11.5,25,264,,
2015,Ford,f-150 ffv,Pickup truck: Standard,3.5,6,A6,E,17.9,13.0,15.7,18,251,,
2015,Ford,f-150 ffv,Pickup truck: Standard,5.0,8,AS6,X,15.5,10.6,13.3,21,306,,
2015,Ford,f-150 ffv,Pickup truck: Standard,5.0,8,AS6,E,20.7,14.3,17.9,16,286,,
2015,Ford,f-150 4x4,Pickup truck: Standard,2.7,6,AS6,X,13.3,10.4,12.0,24,276,,
2015,Ford,f-150 4x4,Pickup truck: Standard,3.5,6,AS6,X,14.2,10.4,12.5,23,288,,
2015,Ford,f-150 ffv 4x4,Pickup truck: Standard,3.5,6,A6,X,13.9,10.5,12.4,23,285,,
2015,Ford,f-150 ffv 4x4,Pickup truck: Standard,3.5,6,A6,E,18.9,14.2,16.8,17,269,,
2015,Ford,f-150 ffv 4x4,Pickup truck: Standard,5.0,8,AS6,X,16.0,11.3,13.9,20,320,,
2015,Ford,f-150 ffv 4x4,Pickup truck: Standard,5.0,8,AS6,E,21.7,15.1,18.7,15,299,,
2015,Ford,fiesta sfe,Subcompact,1.0,3,M5,X,7.5,5.5,6.6,43,152,,
2015,Ford,fiesta,Subcompact,1.6,4,AS6,X,8.7,6.4,7.6,37,175,,
2015,Ford,fiesta sfe,Subcompact,1.6,4,AS6,X,8.4,6.2,7.4,38,170,,
2015,Ford,fiesta,Subcompact,1.6,4,M5,X,8.5,6.5,7.6,37,175,,
2015,Ford,fiesta st,Subcompact,1.6,4,M6,X,8.9,6.8,8.0,35,184,,
2015,Ford,flex,Sport utility vehicle: Standard,3.5,6,AS6,X,13.3,9.5,11.6,24,267,,
2015,Ford,flex awd,Sport utility vehicle: Standard,3.5,6,AS6,X,13.7,10.1,12.1,23,278,,
2015,Ford,flex awd (ecoboost),Sport utility vehicle: Standard,3.5,6,AS6,X,14.6,10.4,12.8,22,294,,
2015,Ford,focus,Compact,1.0,3,M6,X,8.1,5.9,7.1,40,163,,
2015,Ford,focus ffv,Compact,2.0,4,AM6,X,8.9,6.2,7.7,37,177,,
2015,Ford,focus ffv,Compact,2.0,4,AM6,E,11.9,8.5,10.4,27,166,,
2015,Ford,focus ffv,Compact,2.0,4,AS6,X,9.1,6.3,7.8,36,179,,
2015,Ford,focus ffv,Compact,2.0,4,AS6,E,12.2,8.6,10.6,27,170,,
2015,Ford,focus ffv,Compact,2.0,4,M5,X,9.3,6.7,8.1,35,186,,
2015,Ford,focus ffv,Compact,2.0,4,M5,E,12.4,9.1,10.9,26,174,,
2015,Ford,focus,Compact,2.0,4,M6,X,10.2,7.3,8.9,32,205,,
2015,Ford,fusion,Mid-size,1.5,4,AS6,X,9.9,6.5,8.4,34,193,,
2015,Ford,fusion (start/stop),Mid-size,1.5,4,AS6,X,9.4,6.3,8.0,35,184,,
2015,Ford,fusion,Mid-size,2.0,4,AS6,X,10.5,7.0,8.9,32,205,,
2015,Ford,fusion,Mid-size,2.5,4,AS6,X,10.6,7.0,8.9,32,205,,
2015,Ford,fusion awd,Mid-size,2.0,4,AS6,X,10.8,7.5,9.3,30,214,,
2015,Ford,fusion hybrid,Mid-size,2.0,4,AV,X,5.4,5.8,5.5,51,126,,
2015,Ford,mustang,Subcompact,2.3,4,AS6,X,11.0,7.4,9.4,30,216,,
2015,Ford,mustang,Subcompact,2.3,4,M6,X,10.6,7.5,9.2,31,212,,
2015,Ford,mustang,Subcompact,3.7,6,AS6,X,12.6,8.5,10.7,26,246,,
2015,Ford,mustang,Subcompact,3.7,6,M6,X,13.5,8.3,11.2,25,258,,
2015,Ford,mustang,Subcompact,5.0,8,AS6,X,14.9,9.5,12.4,23,285,,
2015,Ford,mustang,Subcompact,5.0,8,M6,X,15.2,9.3,12.5,23,288,,
2015,Ford,mustang convertible,Subcompact,2.3,4,AS6,X,11.6,7.9,9.9,29,228,,
2015,Ford,mustang convertible,Subcompact,5.0,8,AS6,X,15.4,10.0,13.0,22,299,,
2015,Ford,t-150 wagon,Van: Passenger,3.5,6,AS6,X,16.6,12.5,14.7,19,338,,
2015,Ford,t-150 wagon ffv,Van: Passenger,3.7,6,AS6,X,16.6,12.6,14.8,19,340,,
2015,Ford,t-150 wagon ffv,Van: Passenger,3.7,6,AS6,E,22.1,16.7,19.7,14,315,,
2015,Ford,taurus,Full-size,2.0,4,AS6,X,10.5,7.4,9.1,31,209,,
2015,Ford,taurus ffv,Full-size,3.5,6,AS6,X,12.2,8.2,10.4,27,239,,
2015,Ford,taurus ffv,Full-size,3.5,6,AS6,E,17.4,11.3,14.7,19,235,,
2015,Ford,taurus awd,Full-size,3.5,6,AS6,X,13.9,9.5,11.9,24,274,,
2015,Ford,taurus ffv awd,Full-size,3.5,6,AS6,X,13.0,9.1,11.3,25,260,,
2015,Ford,taurus ffv awd,Full-size,3.5,6,AS6,E,18.8,12.6,16.0,18,256,,
2015,Ford,transit connect van,Special purpose vehicle,1.6,4,AS6,X,10.6,7.9,9.4,30,216,,
2015,Ford,transit connect van,Special purpose vehicle,2.5,4,AS6,X,11.3,8.2,9.9,29,228,,
2015,Ford,transit connect wagon,Special purpose vehicle,2.5,4,AS6,X,11.7,8.4,10.2,28,235,,
2015,Ford,transit connect wagon taxi,Special purpose vehicle,2.5,4,AS6,X,12.0,8.5,10.4,27,239,,
2015,GMC,acadia,Sport utility vehicle: Standard,3.6,6,A6,X,14.2,9.9,12.3,23,283,,
2015,GMC,acadia awd,Sport utility vehicle: Standard,3.6,6,A6,X,14.6,10.2,12.6,22,290,,
2015,GMC,canyon,Pickup truck: Small,2.5,4,A6,X,11.9,8.8,10.5,27,242,,
2015,GMC,canyon,Pickup truck: Small,2.5,4,M6,X,12.2,9.1,10.8,26,248,,
2015,GMC,canyon,Pickup truck: Small,3.6,6,A6,X,13.0,9.2,11.3,25,260,,
2015,GMC,canyon 4wd,Pickup truck: Small,2.5,4,A6,X,12.7,9.5,11.3,25,260,,
2015,GMC,canyon 4wd,Pickup truck: Small,3.6,6,A6,X,13.5,9.8,11.8,24,271,,
2015,GMC,savana 2500 passenger,Van: Passenger,4.8,8,A6,X,21.0,14.2,18.0,16,414,,
2015,GMC,savana 2500 passenger,Van: Passenger,6.0,8,A6,X,22.0,14.9,18.8,15,432,,
2015,GMC,savana 2500 passenger ffv,Van: Passenger,6.0,8,A6,X,22.0,14.9,18.8,15,432,,
2015,GMC,savana 2500 passenger ffv,Van: Passenger,6.0,8,A6,E,30.3,20.5,25.9,11,414,,
2015,GMC,savana 3500 passenger,Van: Passenger,4.8,8,A6,X,21.3,14.3,18.1,16,416,,
2015,GMC,savana 3500 passenger,Van: Passenger,6.0,8,A6,X,22.2,15.1,19.0,15,437,,
2015,GMC,savana 3500 passenger ffv,Van: Passenger,6.0,8,A6,X,22.2,15.1,19.0,15,437,,
2015,GMC,savana 3500 passenger ffv,Van: Passenger,6.0,8,A6,E,30.6,20.6,26.1,11,418,,
2015,GMC,sierra,Pickup truck: Standard,4.3,6,A6,X,13.4,9.9,11.9,24,274,,
2015,GMC,sierra,Pickup truck: Standard,4.3,6,A6,E,19.3,14.3,17.1,17,274,,
2015,GMC,sierra,Pickup truck: Standard,5.3,8,A6,X,14.6,10.3,12.7,22,292,,
2015,GMC,sierra,Pickup truck: Standard,5.3,8,A6,E,19.9,13.8,17.2,16,275,,
2015,GMC,sierra,Pickup truck: Standard,6.2,8,A8,Z,16.1,11.4,14.0,20,322,,
2015,GMC,sierra 4wd,Pickup truck: Standard,4.3,6,A6,X,14.1,10.6,12.5,23,288,,
2015,GMC,sierra 4wd,Pickup truck: Standard,4.3,6,A6,E,20.3,15.2,18.0,16,288,,
2015,GMC,sierra 4wd,Pickup truck: Standard,5.3,8,A6,X,14.9,10.7,13.0,22,299,,
2015,GMC,sierra 4wd,Pickup truck: Standard,5.3,8,A6,E,20.2,14.3,17.5,16,280,,
2015,GMC,sierra 4wd,Pickup truck: Standard,6.2,8,A8,Z,16.3,11.6,14.2,20,327,,
2015,GMC,terrain,Sport utility vehicle: Small,2.4,4,A6,X,10.5,7.3,9.1,31,209,,
2015,GMC,terrain ffv,Sport utility vehicle: Small,2.4,4,A6,X,10.5,7.3,9.1,31,209,,
2015,GMC,terrain ffv,Sport utility vehicle: Small,2.4,4,A6,E,15.6,10.8,13.4,21,214,,
2015,GMC,terrain,Sport utility vehicle: Small,3.6,6,A6,X,14.2,9.5,12.1,23,278,,
2015,GMC,terrain awd,Sport utility vehicle: Small,2.4,4,A6,X,11.5,8.2,10.0,28,230,,
2015,GMC,terrain awd,Sport utility vehicle: Small,3.6,6,A6,X,14.8,9.9,12.6,22,290,,
2015,GMC,yukon,Sport utility vehicle: Standard,5.3,8,A6,X,14.9,10.1,12.7,22,292,,
2015,GMC,yukon,Sport utility vehicle: Standard,5.3,8,A6,E,20.2,13.6,17.2,16,275,,
2015,GMC,yukon 4wd,Sport utility vehicle: Standard,5.3,8,A6,X,15.1,10.4,13.0,22,299,,
2015,GMC,yukon 4wd,Sport utility vehicle: Standard,5.3,8,A6,E,20.5,14.0,17.6,16,282,,
2015,GMC,yukon denali 4wd,Sport utility vehicle: Standard,6.2,8,A6,Z,16.2,11.4,14.0,20,322,,
2015,GMC,yukon denali 4wd,Sport utility vehicle: Standard,6.2,8,A8,Z,15.9,11.1,13.8,20,317,,
2015,GMC,yukon xl,Sport utility vehicle: Standard,5.3,8,A6,X,14.9,10.1,12.7,22,292,,
2015,GMC,yukon xl,Sport utility vehicle: Standard,5.3,8,A6,E,20.2,13.6,17.2,16,275,,
2015,GMC,yukon xl 4wd,Sport utility vehicle: Standard,5.3,8,A6,X,15.4,10.8,13.3,21,306,,
2015,GMC,yukon xl 4wd,Sport utility vehicle: Standard,5.3,8,A6,E,22.1,15.4,19.1,15,306,,
2015,GMC,yukon xl denali 4wd,Sport utility vehicle: Standard,6.2,8,A6,Z,16.8,11.7,14.5,19,334,,
2015,GMC,yukon xl denali 4wd,Sport utility vehicle: Standard,6.2,8,A8,Z,16.4,11.7,14.3,20,329,,
2015,Honda,accord,Mid-size,2.4,4,AV,X,8.8,6.5,7.8,36,179,,
2015,Honda,accord,Mid-size,2.4,4,AV7,X,9.0,6.7,8.0,35,184,,
2015,Honda,accord,Mid-size,2.4,4,M6,X,10.1,6.9,8.7,32,200,,
2015,Honda,accord,Mid-size,3.5,6,A6,X,11.0,6.8,9.1,31,209,,
2015,Honda,accord,Mid-size,3.5,6,AS6,X,11.4,7.3,9.5,30,219,,
2015,Honda,accord,Mid-size,3.5,6,M6,X,13.0,8.4,10.9,26,251,,
2015,Honda,accord hybrid,Mid-size,2.0,4,AV,X,4.7,5.3,5.0,56,115,,
2015,Honda,civic,Compact,1.8,4,AV,X,7.9,6.1,7.1,40,163,,
2015,Honda,civic,Compact,1.8,4,AV7,X,8.1,6.2,7.2,39,166,,
2015,Honda,civic,Compact,1.8,4,M5,X,8.6,6.6,7.7,37,177,,
2015,Honda,civic si,Compact,2.4,4,M6,Z,10.8,7.6,9.4,30,216,,
2015,Honda,civic hybrid,Compact,1.5,4,AV,X,5.3,5.0,5.2,54,120,,
2015,Honda,cr-v,Sport utility vehicle: Small,2.4,4,AV,X,8.6,6.9,7.8,36,179,,
2015,Honda,cr-v awd,Sport utility vehicle: Small,2.4,4,AV,X,9.1,7.2,8.3,34,191,,
2015,Honda,cr-z,Two-seater,1.5,4,AV7,X,6.6,6.0,6.3,45,145,,
2015,Honda,cr-z,Two-seater,1.5,4,M6,X,7.6,6.1,6.9,41,159,,
2015,Honda,fit,Station wagon: Small,1.5,4,AV,X,7.0,5.7,6.4,44,147,,
2015,Honda,fit,Station wagon: Small,1.5,4,AV7,X,7.3,6.1,6.8,42,156,,
2015,Honda,fit,Station wagon: Small,1.5,4,M6,X,8.1,6.4,7.3,39,168,,
2015,Honda,odyssey,Minivan,3.5,6,A6,X,12.3,8.5,10.6,27,244,,
2015,Honda,pilot,Sport utility vehicle: Small,3.5,6,A5,X,13.3,9.3,11.5,25,264,,
2015,Honda,pilot 4wd,Sport utility vehicle: Small,3.5,6,A5,X,13.8,9.7,12.0,24,276,,
2015,Hyundai,accent,Compact,1.6,4,AS6,X,8.9,6.3,7.7,37,177,,
2015,Hyundai,accent,Compact,1.6,4,M6,X,8.7,6.3,7.6,37,175,,
2015,Hyundai,elantra,Mid-size,1.8,4,AS6,X,8.5,6.3,7.5,38,172,,
2015,Hyundai,elantra,Mid-size,1.8,4,M6,X,8.8,6.4,7.7,37,177,,
2015,Hyundai,elantra,Mid-size,2.0,4,AS6,X,9.7,6.7,8.3,34,191,,
2015,Hyundai,elantra,Mid-size,2.0,4,M6,X,9.8,7.0,8.5,33,196,,
2015,Hyundai,elantra coupe,Mid-size,2.0,4,AS6,X,9.6,6.8,8.3,34,191,,
2015,Hyundai,elantra coupe,Mid-size,2.0,4,M6,X,9.7,6.7,8.3,34,191,,
2015,Hyundai,elantra gt,Mid-size,2.0,4,AS6,X,9.7,7.2,8.6,33,198,,
2015,Hyundai,elantra gt,Mid-size,2.0,4,M6,X,9.8,6.9,8.5,33,196,,
2015,Hyundai,equus,Full-size,5.0,8,AS8,Z,15.8,10.2,13.3,21,306,,
2015,Hyundai,genesis awd,Full-size,3.8,6,AS8,X,14.4,9.4,12.1,23,278,,
2015,Hyundai,genesis awd,Full-size,5.0,8,AS8,Z,17.3,10.5,14.2,20,327,,
2015,Hyundai,genesis coupe,Subcompact,3.8,6,AS8,Z,14.6,9.6,12.3,23,283,,
2015,Hyundai,genesis coupe,Subcompact,3.8,6,M6,Z,14.4,9.9,12.4,23,285,,
2015,Hyundai,santa fe,Sport utility vehicle: Small,3.3,6,AS6,X,12.9,9.4,11.3,25,260,,
2015,Hyundai,santa fe awd,Sport utility vehicle: Small,3.3,6,AS6,X,13.0,9.7,11.5,25,264,,
2015,Hyundai,santa fe ultimate awd,Sport utility vehicle: Small,3.3,6,AS6,X,13.9,10.8,12.5,23,287,,
2015,Hyundai,santa fe sport,Sport utility vehicle: Small,2.4,4,AS6,X,11.7,8.7,10.3,27,237,,
2015,Hyundai,santa fe sport awd,Sport utility vehicle: Small,2.0,4,AS6,X,12.9,9.8,11.5,25,264,,
2015,Hyundai,santa fe sport awd,Sport utility vehicle: Small,2.4,4,AS6,X,12.5,9.3,11.1,25,255,,
2015,Hyundai,sonata,Full-size,2.0,4,AS6,X,10.4,7.4,9.1,31,209,,
2015,Hyundai,sonata,Full-size,2.4,4,AS6,X,9.8,6.7,8.4,34,193,,
2015,Hyundai,sonata sport/limited,Full-size,2.4,4,AS6,X,9.8,6.7,8.4,34,193,,
2015,Hyundai,sonata hybrid,Mid-size,2.4,4,AS6,X,6.6,5.9,6.3,45,145,,
2015,Hyundai,sonata hybrid limited,Mid-size,2.4,4,AS6,X,6.6,5.9,6.3,45,145,,
2015,Hyundai,tucson,Sport utility vehicle: Small,2.0,4,AS6,X,10.2,8.2,9.3,30,214,,
2015,Hyundai,tucson,Sport utility vehicle: Small,2.0,4,M6,X,11.4,8.5,10.1,28,232,,
2015,Hyundai,tucson,Sport utility vehicle: Small,2.4,4,AS6,X,11.3,8.3,10.0,28,230,,
2015,Hyundai,tucson awd,Sport utility vehicle: Small,2.0,4,AS6,X,11.4,9.3,10.4,27,239,,
2015,Hyundai,tucson awd,Sport utility vehicle: Small,2.4,4,AS6,X,11.6,9.3,10.6,27,244,,
2015,Hyundai,veloster,Compact,1.6,4,AM6,X,8.6,6.6,7.7,37,177,,
2015,Hyundai,veloster,Compact,1.6,4,M6,X,9.0,6.7,8.0,35,184,,
2015,Hyundai,veloster turbo,Compact,1.6,4,AS6,X,9.9,7.6,8.8,32,202,,
2015,Hyundai,veloster turbo,Compact,1.6,4,M6,X,9.7,7.0,8.5,33,196,,
2015,Infiniti,q50,Mid-size,3.7,6,AS7,Z,12.0,8.1,10.3,27,237,,
2015,Infiniti,q50 awd,Mid-size,3.7,6,AS7,Z,12.5,8.7,10.8,26,248,,
2015,Infiniti,q50 hybrid,Compact,3.5,6,AS7,Z,8.2,6.7,7.5,38,172,,
2015,Infiniti,q50 hybrid awd,Compact,3.5,6,AS7,Z,8.7,7.5,8.2,34,189,,
2015,Infiniti,q60,Subcompact,3.7,6,AS7,Z,12.4,8.7,10.7,26,246,,
2015,Infiniti,q60,Subcompact,3.7,6,M6,Z,13.6,9.3,11.6,24,267,,
2015,Infiniti,q60 awd,Subcompact,3.7,6,AS7,Z,13.3,9.4,11.5,25,264,,
2015,Infiniti,q60 convertible,Subcompact,3.7,6,AS7,Z,13.6,9.3,11.7,24,269,,
2015,Infiniti,q60 convertible,Subcompact,3.7,6,M6,Z,14.3,9.8,12.3,23,283,,
2015,Infiniti,q70,Mid-size,3.7,6,AS7,Z,12.8,8.9,11.0,26,253,,
2015,Infiniti,q70,Mid-size,5.6,8,AS7,Z,14.8,9.5,12.4,23,285,,
2015,Infiniti,q70 awd,Mid-size,3.7,6,AS7,Z,13.2,9.6,11.6,24,267,,
2015,Infiniti,q70 awd,Mid-size,5.6,8,AS7,Z,15.0,10.2,12.9,22,297,,
2015,Infiniti,q70 hybrid,Mid-size,3.5,6,AS7,Z,8.0,6.9,7.5,38,172,,
2015,Infiniti,qx50 awd,Station wagon: Small,3.7,6,AS7,Z,13.7,9.7,11.9,24,274,,
2015,Infiniti,qx60,Sport utility vehicle: Small,3.5,6,AV7,Z,11.4,8.5,10.1,28,232,,
2015,Infiniti,qx60 awd,Sport utility vehicle: Small,3.5,6,AV7,Z,12.2,8.9,10.7,26,246,,
2015,Infiniti,qx60 hybrid awd,Sport utility vehicle: Standard,2.5,4,AV,X,8.9,8.4,8.7,32,200,,
2015,Infiniti,qx70 awd,Sport utility vehicle: Small,3.7,6,AS7,Z,14.6,10.7,12.8,22,294,,
2015,Infiniti,qx80 4wd,Sport utility vehicle: Standard,5.6,8,AS7,Z,16.9,11.9,14.7,19,338,,
2015,Jaguar,f-type convertible,Two-seater,3.0,6,AS8,Z,11.8,8.4,10.3,27,237,,
2015,Jaguar,f-type coupe,Two-seater,3.0,6,AS8,Z,11.8,8.4,10.3,27,237,,
2015,Jaguar,f-type s convertible,Two-seater,3.0,6,AS8,Z,12.2,8.7,10.6,27,244,,
2015,Jaguar,f-type s coupe,Two-seater,3.0,6,AS8,Z,12.2,8.7,10.6,27,244,,
2015,Jaguar,f-type v8 r coupe,Two-seater,5.0,8,AS8,Z,15.0,10.2,12.8,22,294,,
2015,Jaguar,f-type v8 s convertible,Two-seater,5.0,8,AS8,Z,15.0,10.2,12.8,22,294,,
2015,Jaguar,xf,Mid-size,2.0,4,AS8,Z,12.3,8.2,10.5,27,242,,
2015,Jaguar,xf awd,Mid-size,3.0,6,AS8,Z,13.9,8.8,11.6,24,267,,
2015,Jaguar,xfr,Mid-size,5.0,8,AS8,Z,15.7,10.3,13.2,21,304,,
2015,Jaguar,xfr,Mid-size,5.0,8,AS8,E,21.3,14.1,18.1,16,290,,
2015,Jaguar,xfr-s,Mid-size,5.0,8,AS8,Z,15.7,10.3,13.2,21,304,,
2015,Jaguar,xj awd,Full-size,3.0,6,AS8,Z,14.6,9.6,12.4,23,285,,
2015,Jaguar,xj supercharged,Full-size,5.0,8,AS8,Z,15.8,10.2,13.3,21,306,,
2015,Jaguar,xj supercharged,Full-size,5.0,8,AS8,E,20.6,13.6,17.5,16,280,,
2015,Jaguar,xjl awd portfolio,Full-size,3.0,6,AS8,Z,14.7,9.6,12.5,23,288,,
2015,Jaguar,xjl supercharged,Full-size,5.0,8,AS8,Z,15.8,10.2,13.3,21,306,,
2015,Jaguar,xjl supercharged,Full-size,5.0,8,AS8,E,20.6,13.6,17.5,16,280,,
2015,Jaguar,xjr,Full-size,5.0,8,AS8,Z,15.8,10.2,13.3,21,306,,
2015,Jaguar,xjr lwb,Full-size,5.0,8,AS8,Z,15.8,10.2,13.3,21,306,,
2015,Jaguar,xkr convertible,Minicompact,5.0,8,AS6,Z,15.9,10.9,13.6,21,313,,
2015,Jaguar,xkr coupe,Minicompact,5.0,8,AS6,Z,15.6,10.9,13.4,21,308,,
2015,Jaguar,xkr-s convertible,Minicompact,5.0,8,AS6,Z,15.9,10.9,13.6,21,313,,
2015,Jaguar,xkr-s coupe,Minicompact,5.0,8,AS6,Z,15.6,10.9,13.4,21,308,,
2015,Jeep,cherokee,Sport utility vehicle: Small,2.4,4,A9,X,10.9,7.7,9.5,30,218,,
2015,Jeep,cherokee ffv,Sport utility vehicle: Small,2.4,4,A9,X,10.9,7.7,9.5,30,218,,
2015,Jeep,cherokee ffv,Sport utility vehicle: Small,2.4,4,A9,E,15.2,10.2,12.9,22,206,,
2015,Jeep,cherokee,Sport utility vehicle: Small,3.2,6,A9,X,11.4,8.1,9.9,29,228,,
2015,Jeep,cherokee 4x4,Sport utility vehicle: Small,2.4,4,A9,X,11.3,8.3,10.0,28,230,,
2015,Jeep,cherokee 4x4 ffv,Sport utility vehicle: Small,2.4,4,A9,X,11.3,8.3,10.0,28,230,,
2015,Jeep,cherokee 4x4 ffv,Sport utility vehicle: Small,2.4,4,A9,E,15.9,11.0,13.7,21,219,,
2015,Jeep,cherokee 4x4,Sport utility vehicle: Small,3.2,6,A9,X,11.6,8.5,10.2,28,235,,
2015,Jeep,cherokee 4x4 active drive ii,Sport utility vehicle: Small,2.4,4,A9,X,11.4,8.6,10.1,28,232,,
2015,Jeep,cherokee 4x4 active drive ii,Sport utility vehicle: Small,3.2,6,A9,X,12.6,8.9,10.9,26,251,,
2015,Jeep,cherokee trailhawk 4x4,Sport utility vehicle: Small,2.4,4,A9,X,12.1,9.4,10.9,26,251,,
2015,Jeep,cherokee trailhawk 4x4,Sport utility vehicle: Small,3.2,6,A9,X,12.2,9.0,10.8,26,248,,
2015,Jeep,compass,Sport utility vehicle: Small,2.0,4,AV,X,10.7,8.8,9.9,29,228,,
2015,Jeep,compass,Sport utility vehicle: Small,2.0,4,M5,X,10.2,7.8,9.2,31,212,,
2015,Jeep,compass,Sport utility vehicle: Small,2.4,4,A6,X,11.2,8.6,10.0,28,230,,
2015,Jeep,compass,Sport utility vehicle: Small,2.4,4,M5,X,10.2,8.2,9.3,30,214,,
2015,Jeep,compass 4x4,Sport utility vehicle: Small,2.4,4,A6,X,11.4,8.7,10.2,28,235,,
2015,Jeep,compass 4x4,Sport utility vehicle: Small,2.4,4,M5,X,10.6,8.6,9.7,29,223,,
2015,Jeep,compass 4x4 trail rated,Sport utility vehicle: Small,2.4,4,AV,X,11.7,10.3,11.1,25,255,,
2015,Jeep,grand cherokee 4x4 ffv,Sport utility vehicle: Standard,3.6,6,A8,X,13.9,9.8,12.1,23,278,,
2015,Jeep,grand cherokee 4x4 ffv,Sport utility vehicle: Standard,3.6,6,A8,E,17.7,13.0,15.6,18,250,,
2015,Jeep,grand cherokee 4x4 (mds),Sport utility vehicle: Standard,5.7,8,A8,X,17.3,11.5,14.7,19,338,,
2015,Jeep,grand cherokee srt 4x4 (mds),Sport utility vehicle: Standard,6.4,8,A8,Z,18.5,12.6,15.8,18,363,,
2015,Jeep,patriot,Sport utility vehicle: Small,2.0,4,AV,X,10.7,8.8,9.9,29,228,,
2015,Jeep,patriot,Sport utility vehicle: Small,2.0,4,M5,X,10.2,7.8,9.2,31,212,,
2015,Jeep,patriot,Sport utility vehicle: Small,2.4,4,A6,X,11.2,8.6,10.0,28,230,,
2015,Jeep,patriot,Sport utility vehicle: Small,2.4,4,M5,X,10.2,8.2,9.3,30,214,,
2015,Jeep,patriot 4x4,Sport utility vehicle: Small,2.4,4,A6,X,11.4,8.7,10.2,28,235,,
2015,Jeep,patriot 4x4,Sport utility vehicle: Small,2.4,4,M5,X,10.6,8.6,9.7,29,223,,
2015,Jeep,patriot 4x4 trail rated,Sport utility vehicle: Small,2.4,4,AV,X,11.7,10.3,11.1,25,255,,
2015,Jeep,renegade,Sport utility vehicle: Small,1.4,4,M6,X,9.9,7.5,8.8,32,202,,
2015,Jeep,renegade ffv,Sport utility vehicle: Small,2.4,4,A9,X,10.8,7.7,9.4,30,216,,
2015,Jeep,renegade ffv,Sport utility vehicle: Small,2.4,4,A9,E,14.2,9.9,12.2,23,195,,
2015,Jeep,renegade 4x4,Sport utility vehicle: Small,1.4,4,M6,X,9.9,7.5,8.8,32,202,,
2015,Jeep,renegade 4x4,Sport utility vehicle: Small,2.4,4,A9,X,11.2,8.0,9.8,29,225,,
2015,Jeep,wrangler 4x4,Sport utility vehicle: Small,3.6,6,A5,X,14.1,11.1,12.8,22,294,,
2015,Jeep,wrangler 4x4,Sport utility vehicle: Small,3.6,6,M6,X,14.2,11.0,12.8,22,294,,
2015,Jeep,wrangler unlimited 4x4,Sport utility vehicle: Small,3.6,6,A5,X,14.8,11.7,13.4,21,308,,
2015,Jeep,wrangler unlimited 4x4,Sport utility vehicle: Small,3.6,6,M6,X,15.0,11.4,13.4,21,308,,
2015,Kia,cadenza,Full-size,3.3,6,AS6,X,12.7,8.4,10.7,26,246,,
2015,Kia,forte,Mid-size,1.8,4,AS6,X,8.8,6.1,7.6,37,175,,
2015,Kia,forte,Mid-size,1.8,4,M6,X,9.3,6.3,7.9,36,182,,
2015,Kia,forte,Mid-size,2.0,4,AS6,X,9.7,6.7,8.3,34,191,,
2015,Kia,forte,Mid-size,2.0,4,M6,X,9.8,6.9,8.5,33,196,,
2015,Kia,forte 5,Full-size,1.6,4,AS6,X,11.1,8.0,9.7,29,223,,
2015,Kia,forte 5,Full-size,1.6,4,M6,X,11.1,8.2,9.8,29,225,,
2015,Kia,forte 5,Full-size,2.0,4,AS6,X,9.5,7.2,8.5,33,196,,
2015,Kia,forte 5,Full-size,2.0,4,M6,X,9.7,6.9,8.4,34,193,,
2015,Kia,forte koup,Compact,1.6,4,AS6,X,10.6,7.8,9.4,30,216,,
2015,Kia,forte koup,Compact,1.6,4,M6,X,10.8,8.1,9.6,29,221,,
2015,Kia,forte koup,Compact,2.0,4,AS6,X,9.7,7.1,8.6,33,198,,
2015,Kia,forte koup,Compact,2.0,4,M6,X,10.0,7.4,8.8,32,202,,
2015,Kia,k900,Full-size,3.8,6,AS8,X,13.3,8.9,11.3,25,260,,
2015,Kia,k900,Full-size,5.0,8,AS8,Z,15.7,10.3,13.3,21,306,,
2015,Kia,optima,Mid-size,2.0,4,AS6,X,11.7,7.7,9.9,29,228,,
2015,Kia,optima,Mid-size,2.4,4,AS6,X,10.2,6.9,8.7,32,200,,
2015,Kia,optima hybrid,Mid-size,2.4,4,AS6,X,6.6,5.9,6.3,45,145,,
2015,Kia,optima hybrid ex,Mid-size,2.4,4,AS6,X,6.7,6.1,6.4,44,147,,
2015,Kia,rio,Compact,1.6,4,AS6,X,8.8,6.3,7.7,37,177,,
2015,Kia,rio eco,Compact,1.6,4,AS6,X,8.5,6.3,7.6,37,175,,
2015,Kia,rio,Compact,1.6,4,M6,X,8.7,6.4,7.7,37,177,,
2015,Kia,rondo,Station wagon: Mid-size,2.0,4,AS6,X,10.6,7.6,9.3,30,214,,
2015,Kia,rondo,Station wagon: Mid-size,2.0,4,M6,X,10.8,7.4,9.3,30,214,,
2015,Kia,sedona,Minivan,3.3,6,AS6,X,13.2,9.7,11.6,24,267,,
2015,Kia,sedona sx,Minivan,3.3,6,AS6,X,12.9,9.5,11.4,25,262,,
2015,Kia,sedona sxl,Minivan,3.3,6,AS6,X,14.2,10.5,12.5,23,288,,
2015,Kia,sorento,Sport utility vehicle: Small,2.4,4,AS6,X,11.8,8.7,10.4,27,239,,
2015,Kia,sorento,Sport utility vehicle: Small,3.3,6,AS6,X,12.7,9.0,11.1,25,255,,
2015,Kia,sorento awd,Sport utility vehicle: Small,2.4,4,AS6,X,12.2,9.4,10.9,26,251,,
2015,Kia,sorento awd,Sport utility vehicle: Small,3.3,6,AS6,X,13.4,10.0,11.8,24,271,,
2015,Kia,soul,Station wagon: Small,1.6,4,AS6,X,9.8,7.8,8.9,32,205,,
2015,Kia,soul,Station wagon: Small,1.6,4,M6,X,9.9,7.8,9.0,31,207,,
2015,Kia,soul,Station wagon: Small,2.0,4,AS6,X,10.1,7.7,9.0,31,207,,
2015,Kia,soul eco dynamics,Station wagon: Small,2.0,4,AS6,X,9.7,7.7,8.8,32,202,,
2015,Kia,sportage,Sport utility vehicle: Small,2.4,4,AS6,X,11.4,8.3,10.0,28,230,,
2015,Kia,sportage,Sport utility vehicle: Small,2.4,4,M6,X,12.9,9.2,11.3,25,260,,
2015,Kia,sportage awd,Sport utility vehicle: Small,2.0,4,AS6,X,12.6,9.7,11.3,25,260,,
2015,Kia,sportage awd,Sport utility vehicle: Small,2.4,4,AS6,X,12.0,9.1,10.7,26,246,,
2015,Lamborghini,aventador coupe,Two-seater,6.5,12,AM7,Z,22.2,12.7,17.9,16,412,,
2015,Lamborghini,aventador roadster,Two-seater,6.5,12,AM7,Z,24.0,14.5,19.7,14,453,,
2015,Lamborghini,huracan,Two-seater,5.2,10,AM7,Z,16.8,11.7,14.5,19,334,,
2015,Lamborghini,veneno roadster,Two-seater,6.5,12,AM7,Z,22.1,13.9,18.4,15,423,,
2015,Land Rover,lr2,Sport utility vehicle: Small,2.0,4,AS6,Z,13.5,9.9,11.9,24,274,,
2015,Land Rover,lr4,Sport utility vehicle: Standard,3.0,6,AS8,Z,16.2,12.1,14.3,20,329,,
2015,Land Rover,range rover,Sport utility vehicle: Standard,3.0,6,AS8,Z,13.9,10.4,12.3,23,283,,
2015,Land Rover,range rover supercharged,Sport utility vehicle: Standard,5.0,8,AS8,Z,17.2,12.5,15.1,19,347,,
2015,Land Rover,range rover supercharged,Sport utility vehicle: Standard,5.0,8,AS8,E,25.0,16.9,21.4,13,342,,
2015,Land Rover,range rover supercharged lwb,Sport utility vehicle: Standard,5.0,8,AS8,Z,17.2,12.5,15.1,19,347,,
2015,Land Rover,range rover supercharged lwb,Sport utility vehicle: Standard,5.0,8,AS8,E,25.0,16.9,21.4,13,342,,
2015,Land Rover,range rover sport,Sport utility vehicle: Standard,3.0,6,AS8,Z,14.0,10.5,12.4,23,285,,
2015,Land Rover,range rover sport supercharged,Sport utility vehicle: Standard,5.0,8,AS8,Z,16.6,12.3,14.7,19,338,,
2015,Land Rover,range rover sport supercharged,Sport utility vehicle: Standard,5.0,8,AS8,E,24.0,16.6,20.7,14,331,,
2015,Land Rover,range rover evoque,Sport utility vehicle: Small,2.0,4,AS9,Z,11.3,7.9,9.7,29,223,,
2015,Land Rover,range rover evoque coupe,Sport utility vehicle: Small,2.0,4,AS9,Z,11.3,7.9,9.7,29,223,,
2015,Lexus,ct 200h,Compact,1.8,4,AV,X,5.5,5.9,5.7,50,131,,
2015,Lexus,es 300h,Mid-size,2.5,4,AV6,X,5.8,6.1,5.9,48,136,,
2015,Lexus,es 350,Mid-size,3.5,6,AS6,X,11.3,7.5,9.6,29,221,,
2015,Lexus,gs 350,Mid-size,3.5,6,AS8,Z,12.3,8.5,10.6,27,244,,
2015,Lexus,gs 350 awd,Mid-size,3.5,6,AS6,Z,12.6,9.1,11.0,26,253,,
2015,Lexus,gs 450h,Mid-size,3.5,6,AV8,Z,8.0,6.9,7.5,38,172,,
2015,Lexus,gx 460,Sport utility vehicle: Standard,4.6,8,AS6,Z,15.7,11.7,13.9,20,320,,
2015,Lexus,is 250,Compact,2.5,6,AS6,Z,11.1,7.8,9.6,29,221,,
2015,Lexus,is 250 awd,Compact,2.5,6,AS6,Z,11.8,8.7,10.4,27,239,,
2015,Lexus,is 250 c,Subcompact,2.5,6,AS6,Z,11.2,7.8,9.6,29,221,,
2015,Lexus,is 350,Compact,3.5,6,AS8,Z,12.3,8.5,10.6,27,244,,
2015,Lexus,is 350 awd,Compact,3.5,6,AS6,Z,12.6,9.1,11.0,26,253,,
2015,Lexus,is 350 c,Subcompact,3.5,6,AS6,Z,12.2,8.7,10.6,27,244,,
2015,Lexus,ls 460,Mid-size,4.6,8,AS8,Z,14.4,9.6,12.3,23,283,,
2015,Lexus,ls 460 awd,Mid-size,4.6,8,AS8,Z,15.2,10.2,12.9,22,297,,
2015,Lexus,ls 460 l awd,Mid-size,4.6,8,AS8,Z,15.2,10.2,12.9,22,297,,
2015,Lexus,ls 600h l,Mid-size,5.0,8,AV8,Z,12.7,10.1,11.5,25,264,,
2015,Lexus,lx 570,Sport utility vehicle: Standard,5.7,8,AS6,Z,19.0,13.6,16.6,17,382,,
2015,Lexus,nx 200t awd,Sport utility vehicle: Small,2.0,4,AS6,Z,10.6,8.4,9.6,29,221,,
2015,Lexus,nx 200t awd f sport,Sport utility vehicle: Small,2.0,4,AS6,Z,10.8,8.8,9.9,29,228,,
2015,Lexus,nx 300h awd,Sport utility vehicle: Small,2.5,4,AV6,X,7.1,7.7,7.4,38,170,,
2015,Lexus,rc 350,Subcompact,3.5,6,AS8,Z,12.3,8.5,10.6,27,244,,
2015,Lexus,rc 350 awd,Subcompact,3.5,6,AS6,Z,12.6,9.1,11.0,26,253,,
2015,Lexus,rc f,Subcompact,5.0,8,AS8,Z,15.2,9.5,12.6,22,290,,
2015,Lexus,rx 350 awd,Sport utility vehicle: Small,3.5,6,AS6,X,13.3,9.8,11.7,24,269,,
2015,Lexus,rx 350 awd,Sport utility vehicle: Small,3.5,6,AS8,X,12.7,9.1,11.1,25,255,,
2015,Lexus,rx 450h awd,Sport utility vehicle: Small,3.5,6,AV6,Z,8.0,8.5,8.2,34,189,,
2015,Lincoln,mkc awd,Sport utility vehicle: Small,2.0,4,AS6,X,12.4,9.0,10.9,26,251,,
2015,Lincoln,mkc awd,Sport utility vehicle: Small,2.3,4,AS6,X,12.9,9.2,11.2,25,258,,
2015,Lincoln,mks awd,Full-size,3.5,6,AS6,X,13.9,9.5,11.9,24,274,,
2015,Lincoln,mks awd,Full-size,3.7,6,AS6,X,13.1,9.0,11.2,25,258,,
2015,Lincoln,mkt awd,Sport utility vehicle: Standard,3.5,6,AS6,X,14.6,10.4,12.8,22,294,,
2015,Lincoln,mkt livery,Special purpose vehicle,2.0,4,AS6,X,11.5,8.4,10.1,28,232,,
2015,Lincoln,mkt livery awd,Special purpose vehicle,3.7,6,A6,X,14.1,10.0,12.2,23,281,,
2015,Lincoln,mkx awd,Sport utility vehicle: Small,3.7,6,AS6,X,13.7,10.3,12.1,23,278,,
2015,Lincoln,mkz,Mid-size,2.0,4,AS6,X,10.5,7.0,8.9,32,205,,
2015,Lincoln,mkz awd,Mid-size,3.7,6,AS6,X,13.1,9.2,11.3,25,260,,
2015,Lincoln,mkz hybrid,Mid-size,2.0,4,AV,X,5.7,6.0,5.8,49,133,,
2015,Lincoln,navigator 4x4,Sport utility vehicle: Standard,3.5,6,AS6,X,16.2,11.8,14.2,20,327,,
2015,Lincoln,navigator l 4x4,Sport utility vehicle: Standard,3.5,6,AS6,X,16.1,12.3,14.4,20,331,,
2015,Maserati,ghibli,Mid-size,3.0,6,AS8,Z,15.2,9.6,12.7,22,292,,
2015,Maserati,ghibli awd,Mid-size,3.0,6,AS8,Z,15.6,9.5,12.8,22,294,,
2015,Maserati,granturismo,Subcompact,4.7,8,AS6,Z,18.2,11.4,15.1,19,347,,
2015,Maserati,granturismo convertible,Subcompact,4.7,8,AS6,Z,18.2,11.6,15.2,19,350,,
2015,Maserati,quattroporte gts,Full-size,3.8,8,AS8,Z,17.5,10.7,14.5,19,334,,
2015,Maserati,quattroporte sq4,Full-size,3.0,6,AS8,Z,15.7,9.7,13.0,22,299,,
2015,Mazda,cx-5,Sport utility vehicle: Small,2.0,4,AS6,X,8.9,7.3,8.2,34,189,,
2015,Mazda,cx-5,Sport utility vehicle: Small,2.0,4,M6,X,9.0,6.8,8.0,35,184,,
2015,Mazda,cx-5,Sport utility vehicle: Small,2.5,4,AS6,X,9.6,7.4,8.6,33,198,,
2015,Mazda,cx-5 4wd,Sport utility vehicle: Small,2.0,4,AS6,X,9.3,7.6,8.5,33,196,,
2015,Mazda,cx-5 4wd,Sport utility vehicle: Small,2.5,4,AS6,X,9.9,7.9,9.0,31,207,,
2015,Mazda,cx-9,Sport utility vehicle: Small,3.7,6,AS6,X,14.2,10.0,12.3,23,283,,
2015,Mazda,cx-9 4wd,Sport utility vehicle: Small,3.7,6,AS6,X,14.3,10.6,12.7,22,292,,
2015,Mazda,mazda3 4-door,Compact,2.0,4,AS6,X,7.9,5.7,6.9,41,159,,
2015,Mazda,mazda3 4-door (sil),Compact,2.0,4,M6,X,8.0,5.8,7.0,40,161,,
2015,Mazda,mazda3 4-door,Compact,2.5,4,AS6,X,8.4,6.1,7.4,38,170,,
2015,Mazda,mazda3 4-door (i-eloop),Compact,2.5,4,AS6,X,8.2,5.9,7.2,39,166,,
2015,Mazda,mazda3 4-door (sil),Compact,2.5,4,M6,X,9.3,6.4,8.0,35,184,,
2015,Mazda,mazda3 5-door,Mid-size,2.0,4,AS6,X,8.0,5.9,7.0,40,161,,
2015,Mazda,mazda3 5-door (sil),Mid-size,2.0,4,M6,X,8.2,5.9,7.1,40,163,,
2015,Mazda,mazda3 5-door,Mid-size,2.5,4,AS6,X,8.7,6.5,7.7,37,177,,
2015,Mazda,mazda3 5-door (i-eloop),Mid-size,2.5,4,AS6,X,8.2,6.0,7.2,39,166,,
2015,Mazda,mazda3 5-door (sil),Mid-size,2.5,4,M6,X,9.2,6.6,8.1,35,186,,
2015,Mazda,mazda5,Minivan,2.5,4,AS5,X,10.7,8.2,9.6,29,221,,
2015,Mazda,mazda5,Minivan,2.5,4,M6,X,11.1,8.3,9.8,29,225,,
2015,Mazda,mazda6,Mid-size,2.5,4,AS6,X,8.8,6.1,7.6,37,175,,
2015,Mazda,mazda6 (i-eloop),Mid-size,2.5,4,AS6,X,8.4,5.9,7.3,39,168,,
2015,Mazda,mazda6,Mid-size,2.5,4,M6,X,9.4,6.4,8.1,35,186,,
2015,Mazda,mx-5,Two-seater,2.0,4,AS6,Z,11.5,8.5,10.1,28,232,,
2015,Mazda,mx-5,Two-seater,2.0,4,M5,Z,10.5,8.5,9.6,29,221,,
2015,Mazda,mx-5,Two-seater,2.0,4,M6,Z,11.1,8.4,9.9,29,228,,
2015,Mercedes-Benz,b 250,Station wagon: Small,2.0,4,AS7,Z,9.2,6.6,8.0,35,184,,
2015,Mercedes-Benz,b 250 4matic,Station wagon: Small,2.0,4,AS7,Z,10.0,7.5,8.9,32,205,,
2015,Mercedes-Benz,c 250 coupe,Subcompact,1.8,4,AS7,Z,10.9,7.5,9.4,30,216,,
2015,Mercedes-Benz,c 300 4matic,Compact,2.0,4,AS7,Z,10.1,7.8,9.0,31,207,,
2015,Mercedes-Benz,c 350 4matic coupe,Subcompact,3.5,6,AS7,Z,12.1,8.7,10.6,27,244,,
2015,Mercedes-Benz,c 350 coupe,Subcompact,3.5,6,AS7,Z,12.1,8.6,10.5,27,242,,
2015,Mercedes-Benz,c 400 4matic,Compact,3.0,6,AS7,Z,11.1,8.4,9.9,29,228,,
2015,Mercedes-Benz,c 63 amg coupe,Subcompact,6.2,8,AS7,Z,17.9,12.3,15.4,18,354,,
2015,Mercedes-Benz,cla 250,Subcompact,2.0,4,AS7,Z,9.4,6.4,8.1,35,186,,
2015,Mercedes-Benz,cla 250 4matic,Subcompact,2.0,4,AS7,Z,9.9,7.4,8.8,32,202,,
2015,Mercedes-Benz,cla 45 amg,Compact,2.0,4,AS7,Z,10.2,7.7,9.1,31,209,,
2015,Mercedes-Benz,cls 400 4matic,Compact,3.0,6,AS7,Z,12.1,8.5,10.5,27,242,,
2015,Mercedes-Benz,cls 550 4matic,Compact,4.7,8,AS7,Z,14.5,10.1,12.5,23,288,,
2015,Mercedes-Benz,cls 63 amg 4matic,Compact,5.5,8,AS7,Z,15.1,10.8,13.1,22,301,,
2015,Mercedes-Benz,e 250 bluetec 4matic,Mid-size,2.1,4,AS7,D,8.6,5.9,7.4,38,200,,
2015,Mercedes-Benz,e 300 4matic,Mid-size,3.5,6,AS7,Z,11.9,8.2,10.2,28,235,,
2015,Mercedes-Benz,e 400 4matic,Mid-size,3.0,6,AS7,Z,12.0,8.5,10.4,27,239,,
2015,Mercedes-Benz,e 400 4matic wagon,Station wagon: Mid-size,3.5,6,AS7,Z,12.4,8.8,10.8,26,248,,
2015,Mercedes-Benz,e 400 cabriolet,Subcompact,3.5,6,AS7,Z,11.5,8.1,10.0,28,230,,
2015,Mercedes-Benz,e 400 coupe,Subcompact,3.5,6,AS7,Z,11.8,8.3,10.2,28,235,,
2015,Mercedes-Benz,e 550 4matic,Mid-size,4.7,8,AS7,Z,12.9,9.6,11.4,25,262,,
2015,Mercedes-Benz,e 550 cabriolet,Subcompact,4.7,8,AS7,Z,13.7,9.2,11.7,24,269,,
2015,Mercedes-Benz,e 550 coupe,Subcompact,4.7,8,AS7,Z,13.3,8.9,11.4,25,262,,
2015,Mercedes-Benz,e 63 amg s 4matic,Mid-size,5.5,8,AS7,Z,15.3,10.8,13.3,21,306,,
2015,Mercedes-Benz,e 63 amg s 4matic wagon,Station wagon: Mid-size,5.5,8,AS7,Z,15.2,11.0,13.3,21,306,,
2015,Mercedes-Benz,g 550,Sport utility vehicle: Standard,5.5,8,AS7,Z,19.9,16.1,18.2,16,419,,
2015,Mercedes-Benz,g 63 amg,Sport utility vehicle: Standard,5.5,8,AS7,Z,20.0,16.6,18.5,15,426,,
2015,Mercedes-Benz,gl 350 bluetec 4matic,Sport utility vehicle: Standard,3.0,6,AS7,D,13.6,10.0,12.0,24,324,,
2015,Mercedes-Benz,gl 450 4matic,Sport utility vehicle: Standard,3.0,6,AS7,Z,15.2,12.6,14.0,20,322,,
2015,Mercedes-Benz,gl 550 4matic,Sport utility vehicle: Standard,4.7,8,AS7,Z,17.5,13.2,15.6,18,359,,
2015,Mercedes-Benz,gl 63 amg,Sport utility vehicle: Standard,5.5,8,AS7,Z,18.2,14.0,16.3,17,375,,
2015,Mercedes-Benz,gla 250 4matic,Sport utility vehicle: Small,2.0,4,AS7,Z,9.8,7.4,8.7,32,200,,
2015,Mercedes-Benz,gla 45 amg 4matic,Station wagon: Mid-size,2.0,4,AS7,Z,10.5,8.1,9.4,30,216,,
2015,Mercedes-Benz,glk 250 bluetec 4matic,Sport utility vehicle: Small,2.1,4,AS7,D,9.6,7.0,8.5,33,230,,
2015,Mercedes-Benz,glk 350 4matic,Sport utility vehicle: Small,3.5,6,AS7,Z,12.6,9.6,11.2,25,258,,
2015,Mercedes-Benz,ml 350 bluetec 4matic,Sport utility vehicle: Standard,3.0,6,AS7,D,11.8,8.5,10.3,27,278,,
2015,Mercedes-Benz,ml 400 4matic,Sport utility vehicle: Standard,3.0,6,AS7,Z,13.3,10.4,12.0,24,276,,
2015,Mercedes-Benz,ml 550 4matic,Sport utility vehicle: Standard,4.7,8,AS7,Z,16.3,11.8,14.2,20,327,,
2015,Mercedes-Benz,ml 63 amg 4matic,Sport utility vehicle: Standard,5.5,8,AS7,Z,17.3,13.5,15.6,18,359,,
2015,Mercedes-Benz,s 400 4matic,Mid-size,4.7,6,AS7,Z,12.6,8.6,10.8,26,248,,
2015,Mercedes-Benz,s 550 4matic swb,Mid-size,4.7,8,AS7,Z,14.7,9.1,12.2,23,281,,
2015,Mercedes-Benz,s 550 4matic lwb,Full-size,4.7,8,AS7,Z,14.8,9.8,12.5,23,288,,
2015,Mercedes-Benz,s 550 4matic coupe,Compact,4.7,8,AS7,Z,14.4,9.8,12.3,23,283,,
2015,Mercedes-Benz,s 600,Full-size,6.0,12,AS7,Z,18.1,11.0,14.9,19,343,,
2015,Mercedes-Benz,s 63 amg 4matic,Full-size,5.5,8,AS7,Z,15.7,10.1,13.2,21,304,,
2015,Mercedes-Benz,s 63 amg coupe,Compact,5.5,8,AS7,Z,15.7,10.1,13.2,21,304,,
2015,Mercedes-Benz,s 65 amg,Full-size,6.0,12,AS7,Z,18.5,11.8,15.5,18,357,,
2015,Mercedes-Benz,s 65 amg coupe,Compact,6.0,12,AS7,Z,18.0,11.3,15.0,19,345,,
2015,Mercedes-Benz,sl 550,Two-seater,4.7,8,AS7,Z,13.8,9.5,11.9,24,274,,
2015,Mercedes-Benz,sl 63 amg,Two-seater,5.5,8,AS7,Z,14.7,9.5,12.4,23,285,,
2015,Mercedes-Benz,sl 65 amg,Two-seater,6.0,12,AS7,Z,16.7,11.2,14.2,20,327,,
2015,Mercedes-Benz,slk 250,Two-seater,1.8,4,AS7,Z,10.4,7.2,9.0,31,207,,
2015,Mercedes-Benz,slk 250,Two-seater,1.8,4,M6,Z,10.4,7.2,9.0,31,207,,
2015,Mercedes-Benz,slk 350,Two-seater,3.5,6,AS7,Z,11.1,8.1,9.8,29,225,,
2015,Mercedes-Benz,slk 55 amg,Two-seater,5.5,8,AS7,Z,12.4,8.5,10.6,27,244,,
2015,Mercedes-Benz,sls amg gt coupe,Two-seater,6.2,8,AM7,Z,18.1,12.6,15.6,18,359,,
2015,Mercedes-Benz,sls amg gt roadster,Two-seater,6.2,8,AM7,Z,18.1,12.6,15.6,18,359,,
2015,MINI,cooper 3 door,Subcompact,1.5,3,AS6,Z,8.5,6.3,7.5,38,172,,
2015,MINI,cooper 3 door,Subcompact,1.5,3,M6,Z,8.1,5.9,7.1,40,163,,
2015,MINI,cooper 5 door,Subcompact,1.5,3,AS6,Z,8.5,6.3,7.5,38,172,,
2015,MINI,cooper 5 door,Subcompact,1.5,3,M6,Z,8.2,5.9,7.2,39,166,,
2015,MINI,cooper convertible,Minicompact,1.6,4,AS6,Z,8.6,6.5,7.7,37,177,,
2015,MINI,cooper convertible,Minicompact,1.6,4,M6,Z,8.4,6.4,7.5,38,172,,
2015,MINI,cooper countryman,Compact,1.6,4,AS6,Z,9.4,7.9,8.7,32,200,,
2015,MINI,cooper countryman,Compact,1.6,4,M6,Z,8.4,6.4,7.5,38,172,,
2015,MINI,cooper coupe,Two-seater,1.6,4,AS6,Z,8.5,6.5,7.6,37,175,,
2015,MINI,cooper coupe,Two-seater,1.6,4,M6,Z,8.0,6.4,7.3,39,168,,
2015,MINI,cooper paceman,Compact,1.6,4,AS6,Z,9.4,7.9,8.7,32,200,,
2015,MINI,cooper paceman,Compact,1.6,4,M6,Z,8.4,6.4,7.5,38,172,,
2015,MINI,cooper roadster,Two-seater,1.6,4,AS6,Z,8.6,6.5,7.7,37,177,,
2015,MINI,cooper roadster,Two-seater,1.6,4,M6,Z,8.4,6.4,7.5,38,172,,
2015,MINI,cooper s 3 door,Subcompact,2.0,4,AS6,Z,9.2,7.0,8.2,34,189,,
2015,MINI,cooper s 3 door,Subcompact,2.0,4,M6,Z,10.0,7.0,8.6,33,198,,
2015,MINI,cooper s 5 door,Subcompact,2.0,4,AS6,Z,9.2,7.0,8.2,34,189,,
2015,MINI,cooper s 5 door,Subcompact,2.0,4,M6,Z,10.0,7.0,8.6,33,198,,
2015,MINI,cooper s convertible,Minicompact,1.6,4,AS6,Z,9.2,6.8,8.1,35,186,,
2015,MINI,cooper s convertible,Minicompact,1.6,4,M6,Z,9.1,6.8,8.1,35,186,,
2015,MINI,cooper s countryman all4,Compact,1.6,4,AS6,Z,10.1,7.8,9.0,31,207,,
2015,MINI,cooper s countryman all4,Compact,1.6,4,M6,Z,9.5,7.7,8.7,32,200,,
2015,MINI,cooper s coupe,Two-seater,1.6,4,AS6,Z,9.2,6.8,8.1,35,186,,
2015,MINI,cooper s coupe,Two-seater,1.6,4,M6,Z,9.1,6.8,8.1,35,186,,
2015,MINI,cooper s paceman all4,Compact,1.6,4,AS6,Z,10.1,7.8,9.0,31,207,,
2015,MINI,cooper s paceman all4,Compact,1.6,4,M6,Z,9.5,7.7,8.7,32,200,,
2015,MINI,cooper s roadster,Two-seater,1.6,4,AS6,Z,9.2,6.8,8.1,35,186,,
2015,MINI,cooper s roadster,Two-seater,1.6,4,M6,Z,9.1,6.8,8.1,35,186,,
2015,MINI,john cooper works,Subcompact,2.0,4,AS6,Z,9.3,7.3,8.4,34,193,,
2015,MINI,john cooper works,Subcompact,2.0,4,M6,Z,10.4,7.7,9.2,31,212,,
2015,MINI,john cooper works convertible,Minicompact,1.6,4,AS6,Z,9.2,6.8,8.1,35,186,,
2015,MINI,john cooper works convertible,Minicompact,1.6,4,M6,Z,9.1,6.8,8.1,35,186,,
2015,MINI,john cooper works countryman all4,Compact,1.6,4,AS6,Z,10.1,7.8,9.0,31,207,,
2015,MINI,john cooper works countryman all4,Compact,1.6,4,M6,Z,9.5,7.7,8.7,32,200,,
2015,MINI,john cooper works coupe,Two-seater,1.6,4,AS6,Z,9.2,6.8,8.1,35,186,,
2015,MINI,john cooper works coupe,Two-seater,1.6,4,M6,Z,9.1,6.8,8.1,35,186,,
2015,MINI,john cooper works paceman all4,Compact,1.6,4,AS6,Z,10.1,7.8,9.0,31,207,,
2015,MINI,john cooper works paceman all4,Compact,1.6,4,M6,Z,9.5,7.7,8.7,32,200,,
2015,MINI,john cooper works roadster,Two-seater,1.6,4,AS6,Z,9.2,6.8,8.1,35,186,,
2015,MINI,john cooper works roadster,Two-seater,1.6,4,M6,Z,9.1,6.8,8.1,35,186,,
2015,Mitsubishi,lancer,Compact,2.0,4,AV6,X,9.2,6.9,8.2,34,189,,
2015,Mitsubishi,lancer,Compact,2.0,4,M5,X,9.6,6.9,8.4,34,193,,
2015,Mitsubishi,lancer awd,Compact,2.4,4,AV6,X,10.5,8.2,9.5,30,219,,
2015,Mitsubishi,lancer evolution,Compact,2.0,4,AM6,Z,14.2,10.5,12.5,23,288,,
2015,Mitsubishi,lancer evolution,Compact,2.0,4,M5,Z,14.0,10.3,12.3,23,283,,
2015,Mitsubishi,lancer ralliart,Compact,2.0,4,AM6,Z,13.4,9.4,11.6,24,267,,
2015,Mitsubishi,lancer sportback,Station wagon: Small,2.0,4,AV6,X,9.6,7.3,8.6,33,198,,
2015,Mitsubishi,lancer sportback,Station wagon: Small,2.0,4,M5,X,9.8,7.1,8.6,33,198,,
2015,Mitsubishi,mirage,Compact,1.2,3,AV,X,6.4,5.3,5.9,48,136,,
2015,Mitsubishi,mirage,Compact,1.2,3,M5,X,7.0,5.5,6.4,44,147,,
2015,Mitsubishi,outlander,Sport utility vehicle: Small,2.4,4,AV6,X,9.5,7.5,8.6,33,198,,
2015,Mitsubishi,outlander 4wd,Sport utility vehicle: Small,2.4,4,AV6,X,9.9,8.1,9.1,31,209,,
2015,Mitsubishi,outlander 4wd,Sport utility vehicle: Small,3.0,6,AS6,Z,11.5,8.4,10.1,28,232,,
2015,Mitsubishi,rvr,Sport utility vehicle: Small,2.0,4,AV6,X,9.3,7.3,8.4,34,193,,
2015,Mitsubishi,rvr,Sport utility vehicle: Small,2.0,4,M5,X,9.9,7.6,8.8,32,202,,
2015,Mitsubishi,rvr 4wd,Sport utility vehicle: Small,2.0,4,AV6,X,9.6,7.7,8.8,32,202,,
2015,Mitsubishi,rvr 4wd,Sport utility vehicle: Small,2.4,4,AV6,X,10.4,8.5,9.6,29,221,,
2015,Nissan,370z coupe,Two-seater,3.7,6,AS7,Z,12.6,9.2,11.1,25,255,,
2015,Nissan,370z coupe,Two-seater,3.7,6,M6,Z,13.3,9.3,11.5,25,264,,
2015,Nissan,370z roadster,Two-seater,3.7,6,AS7,Z,13.0,9.6,11.5,25,264,,
2015,Nissan,370z roadster,Two-seater,3.7,6,M6,Z,13.6,9.7,11.8,24,271,,
2015,Nissan,altima,Mid-size,2.5,4,AV,X,8.7,6.2,7.6,37,175,,
2015,Nissan,altima,Mid-size,3.5,6,AV,X,10.3,7.4,9.0,31,207,,
2015,Nissan,armada 4wd,Sport utility vehicle: Standard,5.6,8,A5,X,19.2,13.4,16.6,17,382,,
2015,Nissan,frontier,Pickup truck: Small,2.5,4,A5,X,13.7,10.6,12.3,23,283,,
2015,Nissan,frontier,Pickup truck: Small,2.5,4,M5,X,12.2,10.2,11.3,25,260,,
2015,Nissan,frontier,Pickup truck: Small,4.0,6,A5,X,14.8,10.3,12.7,22,292,,
2015,Nissan,frontier 4wd,Pickup truck: Small,4.0,6,A5,X,15.7,11.3,13.7,21,315,,
2015,Nissan,frontier 4wd,Pickup truck: Small,4.0,6,M6,X,15.0,11.2,13.3,21,306,,
2015,Nissan,gt-r,Subcompact,3.8,6,AM6,Z,14.3,10.5,12.6,22,290,,
2015,Nissan,juke,Station wagon: Small,1.6,4,AV7,X,8.5,7.2,7.9,36,182,,
2015,Nissan,juke,Station wagon: Small,1.6,4,M6,X,8.4,6.9,7.7,37,177,,
2015,Nissan,juke awd,Station wagon: Small,1.6,4,AV7,X,8.8,7.5,8.2,34,189,,
2015,Nissan,juke nismo rs,Station wagon: Small,1.6,4,M6,Z,8.9,7.5,8.3,34,191,,
2015,Nissan,juke nismo rs awd,Station wagon: Small,1.6,4,AV8,Z,9.4,8.1,8.8,32,202,,
2015,Nissan,micra,Compact,1.6,4,A4,X,8.8,6.6,7.8,36,179,,
2015,Nissan,micra,Compact,1.6,4,M5,X,8.6,6.6,7.7,37,177,,
2015,Nissan,murano,Station wagon: Mid-size,3.5,6,AV7,X,11.0,8.2,9.8,29,225,,
2015,Nissan,murano awd,Station wagon: Mid-size,3.5,6,AV7,X,11.2,8.3,9.9,29,228,,
2015,Nissan,nv200 cargo van,Special purpose vehicle,2.0,4,AV,X,9.7,9.0,9.4,30,216,,
2015,Nissan,pathfinder,Sport utility vehicle: Small,3.5,6,AV,X,11.9,8.6,10.4,27,239,,
2015,Nissan,pathfinder 4wd,Sport utility vehicle: Small,3.5,6,AV,X,12.1,8.9,10.7,26,246,,
2015,Nissan,pathfinder 4wd platinum,Sport utility vehicle: Small,3.5,6,AV,X,12.7,9.0,11.0,26,253,,
2015,Nissan,pathfinder hybrid 4wd,Sport utility vehicle: Standard,2.5,4,AV,X,9.1,8.5,8.8,32,202,,
2015,Nissan,quest,Minivan,3.5,6,AV,X,12.0,8.7,10.5,27,242,,
2015,Nissan,rogue,Sport utility vehicle: Small,2.5,4,AV,X,9.2,7.2,8.3,34,191,,
2015,Nissan,rogue awd,Sport utility vehicle: Small,2.5,4,AV,X,9.5,7.4,8.5,33,196,,
2015,Nissan,sentra,Mid-size,1.8,4,AV,X,8.0,6.1,7.2,39,166,,
2015,Nissan,sentra,Mid-size,1.8,4,M6,X,8.9,6.6,7.9,36,182,,
2015,Nissan,titan,Pickup truck: Standard,5.6,8,A5,X,18.4,13.3,16.1,18,370,,
2015,Nissan,titan 4wd,Pickup truck: Standard,5.6,8,A5,X,19.7,14.3,17.2,16,396,,
2015,Nissan,versa,Compact,1.6,4,AV,X,7.5,6.0,6.8,42,156,,
2015,Nissan,versa,Compact,1.6,4,M5,X,8.6,6.5,7.7,37,177,,
2015,Nissan,xterra 4wd,Sport utility vehicle: Small,4.0,6,A5,X,16.0,12.0,14.2,20,327,,
2015,Nissan,xterra 4wd,Sport utility vehicle: Small,4.0,6,M6,X,16.0,12.3,14.4,20,331,,
2015,Porsche,911 carrera,Minicompact,3.4,6,AM7,Z,11.6,8.4,10.1,28,232,,
2015,Porsche,911 carrera,Minicompact,3.4,6,M7,Z,12.3,8.6,10.6,27,244,,
2015,Porsche,911 carrera 4,Minicompact,3.4,6,AM7,Z,11.6,8.5,10.2,28,235,,
2015,Porsche,911 carrera 4,Minicompact,3.4,6,M7,Z,12.3,8.7,10.7,26,246,,
2015,Porsche,911 carrera cabriolet,Minicompact,3.4,6,AM7,Z,11.5,8.3,10.1,28,232,,
2015,Porsche,911 carrera cabriolet,Minicompact,3.4,6,M7,Z,12.3,8.7,10.7,26,246,,
2015,Porsche,911 carrera 4 cabriolet,Minicompact,3.4,6,AM7,Z,11.9,8.7,10.5,27,242,,
2015,Porsche,911 carrera 4 cabriolet,Minicompact,3.4,6,M7,Z,12.5,9.0,10.9,26,251,,
2015,Porsche,911 carrera s,Minicompact,3.8,6,AM7,Z,11.9,8.7,10.5,27,242,,
2015,Porsche,911 carrera s,Minicompact,3.8,6,M7,Z,12.4,8.7,10.7,26,246,,
2015,Porsche,911 carrera 4s,Minicompact,3.8,6,AM7,Z,12.2,8.9,10.7,26,246,,
2015,Porsche,911 carrera 4s,Minicompact,3.8,6,M7,Z,12.6,8.9,11.0,26,253,,
2015,Porsche,911 carrera s cabriolet,Minicompact,3.8,6,AM7,Z,12.2,8.7,10.6,27,244,,
2015,Porsche,911 carrera s cabriolet,Minicompact,3.8,6,M7,Z,12.5,8.9,10.9,26,251,,
2015,Porsche,911 carrera 4s cabriolet,Minicompact,3.8,6,AM7,Z,12.5,9.0,11.0,26,253,,
2015,Porsche,911 carrera 4s cabriolet,Minicompact,3.8,6,M7,Z,12.9,9.2,11.2,25,258,,
2015,Porsche,911 carrera gts,Minicompact,3.8,6,AM7,Z,12.6,9.0,11.0,26,253,,
2015,Porsche,911 carrera gts,Minicompact,3.8,6,M7,Z,12.9,9.0,11.2,25,258,,
2015,Porsche,911 carrera 4 gts,Minicompact,3.8,6,AM7,Z,12.6,9.2,11.1,25,255,,
2015,Porsche,911 carrera 4 gts,Minicompact,3.8,6,M7,Z,13.0,9.2,11.3,25,260,,
2015,Porsche,911 carrera gts cabriolet,Minicompact,3.8,6,AM7,Z,12.6,9.2,11.1,25,255,,
2015,Porsche,911 carrera gts cabriolet,Minicompact,3.8,6,M7,Z,13.4,9.3,11.6,24,267,,
2015,Porsche,911 carrera 4 gts cabriolet,Minicompact,3.8,6,AM7,Z,13.1,9.4,11.4,25,262,,
2015,Porsche,911 carrera 4 gts cabriolet,Minicompact,3.8,6,M7,Z,13.4,9.3,11.6,24,267,,
2015,Porsche,911 gt3,Two-seater,3.8,6,AM7,Z,16.0,11.5,14.0,20,322,,
2015,Porsche,911 targa 4,Minicompact,3.4,6,AM7,Z,12.3,8.9,10.8,26,248,,
2015,Porsche,911 targa 4,Minicompact,3.4,6,M7,Z,12.9,9.0,11.1,25,255,,
2015,Porsche,911 targa 4s,Minicompact,3.8,6,AM7,Z,12.8,9.3,11.2,25,258,,
2015,Porsche,911 targa 4s,Minicompact,3.8,6,M7,Z,13.1,9.2,11.4,25,262,,
2015,Porsche,911 turbo,Minicompact,3.8,6,AM7,Z,13.7,9.6,11.9,24,274,,
2015,Porsche,911 turbo cabriolet,Minicompact,3.8,6,AM7,Z,13.7,9.6,11.9,24,274,,
2015,Porsche,911 turbo s,Minicompact,3.8,6,AM7,Z,13.7,9.6,11.9,24,274,,
2015,Porsche,911 turbo s cabriolet,Minicompact,3.8,6,AM7,Z,13.7,9.6,11.9,24,274,,
2015,Porsche,boxster,Two-seater,2.7,6,AM7,Z,10.7,7.4,9.2,31,212,,
2015,Porsche,boxster,Two-seater,2.7,6,M6,Z,11.5,7.9,9.9,29,228,,
2015,Porsche,boxster s,Two-seater,3.4,6,AM7,Z,11.3,7.9,9.8,29,225,,
2015,Porsche,boxster s,Two-seater,3.4,6,M6,Z,11.9,8.6,10.4,27,239,,
2015,Porsche,boxster gts,Two-seater,3.4,6,AM7,Z,10.9,7.7,9.5,30,218,,
2015,Porsche,boxster gts,Two-seater,3.4,6,M6,Z,12.1,8.9,10.7,26,246,,
2015,Porsche,cayenne diesel (modified),Sport utility vehicle: Standard,3.0,6,A8,D,11.8,8.1,10.2,28,277,,
2015,Porsche,cayenne s,Sport utility vehicle: Standard,3.6,6,A8,Z,14.3,9.6,12.2,23,286,,
2015,Porsche,cayenne turbo,Sport utility vehicle: Standard,4.8,8,A8,Z,16.7,11.2,14.2,20,327,,
2015,Porsche,cayman,Two-seater,2.7,6,AM7,Z,10.7,7.4,9.2,31,212,,
2015,Porsche,cayman,Two-seater,2.7,6,M6,Z,11.5,7.9,9.9,29,228,,
2015,Porsche,cayman s,Two-seater,3.4,6,AM7,Z,11.3,7.9,9.8,29,225,,
2015,Porsche,cayman s,Two-seater,3.4,6,M6,Z,11.9,8.6,10.4,27,239,,
2015,Porsche,cayman gts,Two-seater,3.4,6,AM7,Z,10.9,7.7,9.5,30,218,,
2015,Porsche,cayman gts,Two-seater,3.4,6,M6,Z,12.1,8.9,10.7,26,246,,
2015,Porsche,macan s,Sport utility vehicle: Small,3.0,6,A7,Z,13.7,10.3,12.2,23,281,,
2015,Porsche,macan turbo,Sport utility vehicle: Small,3.6,6,A7,Z,14.2,10.1,12.3,23,283,,
2015,Porsche,panamera,Full-size,3.6,6,AM7,Z,12.9,8.4,10.9,26,251,,
2015,Porsche,panamera 4,Full-size,3.6,6,AM7,Z,13.1,8.7,11.1,25,255,,
2015,Porsche,panamera s,Full-size,3.0,6,AM7,Z,13.4,8.8,11.4,25,262,,
2015,Porsche,panamera 4s,Full-size,3.0,6,AM7,Z,13.4,8.8,11.4,25,262,,
2015,Porsche,panamera 4s executive,Full-size,3.0,6,AM7,Z,13.7,8.9,11.5,25,264,,
2015,Porsche,panamera gts,Full-size,4.8,8,AM7,Z,15.1,9.7,12.7,22,292,,
2015,Porsche,panamera turbo,Full-size,4.8,8,AM7,Z,15.3,9.7,12.8,22,294,,
2015,Porsche,panamera turbo executive,Full-size,4.8,8,AM7,Z,15.4,9.8,12.9,22,297,,
2015,Porsche,panamera turbo s,Full-size,4.8,8,AM7,Z,15.3,9.7,12.8,22,294,,
2015,Porsche,panamera turbo s executive,Full-size,4.8,8,AM7,Z,15.4,9.8,12.9,22,297,,
2015,Ram,1500,Pickup truck: Standard,3.6,6,A8,X,13.9,9.5,11.9,24,274,,
2015,Ram,1500 ffv,Pickup truck: Standard,3.6,6,A8,X,13.9,9.5,11.9,24,274,,
2015,Ram,1500 ffv,Pickup truck: Standard,3.6,6,A8,E,19.4,13.6,16.8,17,269,,
2015,Ram,1500 hfe,Pickup truck: Standard,3.6,6,A8,X,12.9,9.3,11.3,25,260,,
2015,Ram,1500 (mds),Pickup truck: Standard,5.7,8,A6,X,17.1,12.0,14.8,19,340,,
2015,Ram,1500 (mds),Pickup truck: Standard,5.7,8,A8,X,15.7,10.9,13.6,21,313,,
2015,Ram,1500 4x4,Pickup truck: Standard,3.6,6,A8,X,14.6,10.1,12.6,22,290,,
2015,Ram,1500 4x4 ffv,Pickup truck: Standard,3.6,6,A8,X,14.6,10.1,12.6,22,290,,
2015,Ram,1500 4x4 ffv,Pickup truck: Standard,3.6,6,A8,E,20.5,14.5,17.8,16,285,,
2015,Ram,1500 4x4 (mds),Pickup truck: Standard,5.7,8,A6,X,17.7,12.7,15.4,18,354,,
2015,Ram,1500 4x4 (mds),Pickup truck: Standard,5.7,8,A8,X,16.2,11.5,14.1,20,324,,
2015,Ram,cargo van ffv,Minivan,3.6,6,A6,X,13.3,9.1,11.4,25,262,,
2015,Ram,cargo van ffv,Minivan,3.6,6,A6,E,18.6,12.7,15.9,18,254,,
2015,Ram,promaster city,Special purpose vehicle,2.4,4,A9,X,11.2,8.1,9.8,29,225,,
2015,Rolls-Royce,ghost,Full-size,6.6,12,AS8,Z,19.2,12.4,16.1,18,370,,
2015,Rolls-Royce,ghost ewb,Full-size,6.6,12,AS8,Z,19.2,12.4,16.1,18,370,,
2015,Rolls-Royce,phantom,Full-size,6.7,12,AS8,Z,20.9,12.7,17.2,16,396,,
2015,Rolls-Royce,phantom ewb,Full-size,6.7,12,AS8,Z,20.7,12.9,17.2,16,396,,
2015,Rolls-Royce,phantom coupe,Compact,6.7,12,AS8,Z,20.9,12.7,17.2,16,396,,
2015,Rolls-Royce,phantom drophead coupe,Compact,6.7,12,AS8,Z,20.7,12.9,17.2,16,396,,
2015,Rolls-Royce,wraith,Mid-size,6.6,12,AS8,Z,18.7,11.8,15.6,18,359,,
2015,Scion,fr-s,Minicompact,2.0,4,AS6,Z,9.6,7.0,8.4,34,193,,
2015,Scion,fr-s,Minicompact,2.0,4,M6,Z,10.9,7.9,9.6,29,221,,
2015,Scion,iq,Minicompact,1.3,4,AV,X,6.5,6.3,6.4,44,147,,
2015,Scion,tc,Compact,2.5,4,AS6,X,10.2,7.6,9.0,31,207,,
2015,Scion,tc,Compact,2.5,4,M6,X,10.2,7.7,9.0,31,207,,
2015,Scion,xb,Station wagon: Small,2.4,4,AS4,X,10.9,8.5,9.8,29,225,,
2015,Scion,xb,Station wagon: Small,2.4,4,M5,X,10.8,8.5,9.8,29,225,,
2015,smart,fortwo cabriolet,Two-seater,1.0,3,AM5,Z,6.8,6.2,6.5,43,150,,
2015,smart,fortwo coupe,Two-seater,1.0,3,AM5,Z,6.8,6.2,6.5,43,150,,
2015,Subaru,brz,Minicompact,2.0,4,AS6,Z,9.6,7.0,8.4,34,193,,
2015,Subaru,brz,Minicompact,2.0,4,M6,Z,10.9,7.9,9.6,29,221,,
2015,Subaru,forester awd,Sport utility vehicle: Small,2.0,4,AV8,Z,10.2,8.5,9.4,30,216,,
2015,Subaru,forester awd,Sport utility vehicle: Small,2.5,4,AV6,X,9.6,7.5,8.7,32,200,,
2015,Subaru,forester awd,Sport utility vehicle: Small,2.5,4,M6,X,10.6,8.4,9.6,29,221,,
2015,Subaru,impreza awd,Compact,2.0,4,AV6,X,8.5,6.4,7.6,37,175,,
2015,Subaru,impreza awd,Compact,2.0,4,M5,X,9.5,7.0,8.4,34,193,,
2015,Subaru,impreza wagon awd,Station wagon: Small,2.0,4,AV6,X,8.5,6.4,7.6,37,175,,
2015,Subaru,impreza wagon awd,Station wagon: Small,2.0,4,M5,X,9.5,7.0,8.4,34,193,,
2015,Subaru,legacy awd,Mid-size,2.5,4,AV6,X,9.0,6.5,7.9,36,182,,
2015,Subaru,legacy awd,Mid-size,2.5,4,M6,X,10.7,7.8,9.4,30,216,,
2015,Subaru,legacy awd,Mid-size,3.6,6,AV6,X,11.9,8.2,10.2,28,235,,
2015,Subaru,outback awd,Sport utility vehicle: Small,2.5,4,AV6,X,9.3,7.1,8.3,34,191,,
2015,Subaru,outback awd,Sport utility vehicle: Small,2.5,4,M6,X,11.0,8.2,9.7,29,223,,
2015,Subaru,outback awd,Sport utility vehicle: Small,3.6,6,AV6,X,12.0,8.6,10.5,27,242,,
2015,Subaru,wrx,Compact,2.0,4,AV8,Z,12.4,9.4,11.1,25,255,,
2015,Subaru,wrx,Compact,2.0,4,M6,Z,11.1,8.3,9.8,29,225,,
2015,Subaru,wrx,Compact,2.5,4,M6,Z,13.8,10.2,12.2,23,281,,
2015,Subaru,xv crosstrek awd,Sport utility vehicle: Small,2.0,4,AV6,X,9.1,7.0,8.1,35,186,,
2015,Subaru,xv crosstrek awd,Sport utility vehicle: Small,2.0,4,M5,X,10.2,7.7,9.1,31,209,,
2015,Subaru,xv crosstrek hybrid awd,Sport utility vehicle: Small,2.0,4,AV6,X,7.9,6.9,7.5,38,173,,
2015,Toyota,4runner 4wd,Sport utility vehicle: Standard,4.0,6,AS5,X,14.2,11.1,12.8,22,294,,
2015,Toyota,4runner 4wd (part-time 4wd),Sport utility vehicle: Standard,4.0,6,AS5,X,14.2,11.1,12.8,22,294,,
2015,Toyota,avalon,Mid-size,3.5,6,AS6,X,11.3,7.5,9.6,29,221,,
2015,Toyota,camry,Mid-size,2.5,4,AS6,X,9.7,6.9,8.4,34,193,,
2015,Toyota,camry,Mid-size,3.5,6,AS6,X,11.0,7.7,9.5,30,218,,
2015,Toyota,camry hybrid le,Mid-size,2.5,4,AV,X,5.5,6.0,5.7,50,131,,
2015,Toyota,camry hybrid xle/se,Mid-size,2.5,4,AV,X,5.7,6.1,5.9,48,136,,
2015,Toyota,corolla,Mid-size,1.8,4,A4,X,8.6,6.5,7.6,37,175,,
2015,Toyota,corolla,Mid-size,1.8,4,AV,X,8.2,6.2,7.3,39,168,,
2015,Toyota,corolla le eco (1-mode),Mid-size,1.8,4,AV,X,7.7,5.6,6.8,42,156,,
2015,Toyota,corolla le eco (2-mode),Mid-size,1.8,4,AV,X,7.7,6.0,6.9,41,159,,
2015,Toyota,corolla,Mid-size,1.8,4,AV7,X,7.9,6.1,7.1,40,163,,
2015,Toyota,corolla,Mid-size,1.8,4,M6,X,8.3,6.2,7.4,38,170,,
2015,Toyota,highlander,Sport utility vehicle: Small,2.7,4,AS6,X,11.7,9.5,10.7,26,246,,
2015,Toyota,highlander,Sport utility vehicle: Small,3.5,6,AS6,X,12.5,9.3,11.1,25,255,,
2015,Toyota,highlander awd,Sport utility vehicle: Standard,3.5,6,AS6,X,13.0,9.8,11.6,24,267,,
2015,Toyota,highlander hybrid awd,Sport utility vehicle: Standard,3.5,6,AV6,X,8.6,8.5,8.5,33,196,,
2015,Toyota,highlander hybrid awd le,Sport utility vehicle: Standard,3.5,6,AV6,X,8.4,8.3,8.4,34,193,,
2015,Toyota,prius,Mid-size,1.8,4,AV,X,4.6,4.9,4.7,60,108,,
2015,Toyota,prius c,Compact,1.5,4,AV,X,4.5,5.1,4.8,59,110,,
2015,Toyota,prius v,Station wagon: Mid-size,1.8,4,AV,X,5.4,5.8,5.6,50,129,,
2015,Toyota,rav4,Sport utility vehicle: Small,2.5,4,AS6,X,10.0,7.6,8.9,32,205,,
2015,Toyota,rav4 awd,Sport utility vehicle: Small,2.5,4,AS6,X,10.5,8.2,9.5,30,218,,
2015,Toyota,rav4 le/xle,Sport utility vehicle: Small,2.5,4,AS6,X,10.0,7.6,8.9,32,205,,
2015,Toyota,rav4 limited awd,Sport utility vehicle: Small,2.5,4,AS6,X,10.7,8.3,9.6,29,221,,
2015,Toyota,sequoia 4wd,Sport utility vehicle: Standard,5.7,8,AS6,X,18.8,14.0,16.6,17,382,,
2015,Toyota,sienna,Minivan,3.5,6,AS6,X,13.0,9.5,11.4,25,262,,
2015,Toyota,sienna awd,Minivan,3.5,6,AS6,X,14.4,10.2,12.5,23,288,,
2015,Toyota,tacoma,Pickup truck: Small,2.7,4,A4,X,12.2,9.9,11.2,25,258,,
2015,Toyota,tacoma,Pickup truck: Small,2.7,4,M5,X,11.3,9.5,10.5,27,242,,
2015,Toyota,tacoma,Pickup truck: Small,4.0,6,M6,X,14.5,11.3,13.1,22,301,,
2015,Toyota,tacoma 4wd,Pickup truck: Small,2.7,4,A4,X,13.1,11.3,12.3,23,283,,
2015,Toyota,tacoma 4wd,Pickup truck: Small,2.7,4,M5,X,12.9,11.5,12.3,23,283,,
2015,Toyota,tacoma 4wd,Pickup truck: Small,4.0,6,A5,X,14.8,11.6,13.4,21,308,,
2015,Toyota,tacoma 4wd,Pickup truck: Small,4.0,6,M6,X,15.3,12.3,14.0,20,322,,
2015,Toyota,tundra,Pickup truck: Standard,4.6,8,AS6,X,15.9,12.3,14.3,20,329,,
2015,Toyota,tundra,Pickup truck: Standard,5.7,8,AS6,X,17.2,12.8,15.2,19,350,,
2015,Toyota,tundra 4wd,Pickup truck: Standard,4.6,8,AS6,X,16.9,12.8,15.1,19,347,,
2015,Toyota,tundra 4wd,Pickup truck: Standard,5.7,8,AS6,X,18.5,14.2,16.6,17,382,,
2015,Toyota,venza,Sport utility vehicle: Small,2.7,4,AS6,X,11.6,9.0,10.4,27,239,,
2015,Toyota,venza,Sport utility vehicle: Small,3.5,6,AS6,X,12.5,9.0,10.9,26,251,,
2015,Toyota,venza 4wd,Sport utility vehicle: Small,2.7,4,AS6,X,11.6,9.2,10.5,27,242,,
2015,Toyota,venza 4wd,Sport utility vehicle: Small,3.5,6,AS6,X,12.8,9.3,11.3,25,260,,
2015,Toyota,yaris,Compact,1.5,4,A4,X,7.8,6.6,7.3,39,168,,
2015,Toyota,yaris,Compact,1.5,4,M5,X,7.7,6.3,7.1,40,163,,
2015,Volkswagen,beetle,Compact,1.8,4,AS6,X,9.6,7.2,8.5,33,196,,
2015,Volkswagen,beetle,Compact,1.8,4,M5,X,9.9,7.2,8.7,32,200,,
2015,Volkswagen,beetle,Compact,2.0,4,AM6,Z,10.0,7.9,9.1,31,209,,
2015,Volkswagen,beetle,Compact,2.0,4,M6,Z,10.4,7.7,9.2,31,212,,
2015,Volkswagen,beetle tdi (modified),Compact,2.0,4,AM6,D,7.6,5.7,6.9,41,183,,
2015,Volkswagen,beetle tdi (modified),Compact,2.0,4,M6,D,7.6,5.7,6.9,41,184,,
2015,Volkswagen,beetle convertible,Subcompact,1.8,4,AS6,X,9.8,7.3,8.7,32,200,,
2015,Volkswagen,beetle convertible,Subcompact,2.0,4,AM6,Z,10.3,8.2,9.4,30,216,,
2015,Volkswagen,beetle convertible,Subcompact,2.0,4,M6,Z,10.4,7.7,9.2,31,212,,
2015,Volkswagen,cc,Compact,2.0,4,AM6,Z,10.7,7.7,9.3,30,214,,
2015,Volkswagen,cc,Compact,2.0,4,M6,Z,11.4,7.4,9.6,29,221,,
2015,Volkswagen,cc 4motion,Compact,3.6,6,AS6,Z,13.9,9.3,11.8,24,271,,
2015,Volkswagen,eos,Subcompact,2.0,4,AM6,Z,10.8,7.8,9.5,30,219,,
2015,Volkswagen,golf,Compact,1.8,4,AS6,X,9.3,6.5,8.1,35,186,,
2015,Volkswagen,golf,Compact,1.8,4,M5,X,9.3,6.4,8.0,35,184,,
2015,Volkswagen,golf tdi (modified),Compact,2.0,4,AM6,D,7.6,5.5,6.5,43,177,,
2015,Volkswagen,golf tdi (modified),Compact,2.0,4,M6,D,7.8,5.2,6.5,43,178,,
2015,Volkswagen,golf gti,Compact,2.0,4,AM6,Z,9.5,7.2,8.5,33,196,,
2015,Volkswagen,golf gti,Compact,2.0,4,M6,Z,9.4,6.9,8.3,34,191,,
2015,Volkswagen,golf sportwagon,Station wagon: Small,1.8,4,AS6,X,9.4,6.8,8.2,34,193,,
2015,Volkswagen,golf sportwagon,Station wagon: Small,1.8,4,M5,X,9.5,6.6,8.2,34,189,,
2015,Volkswagen,golf sportwagon tdi (modified),Station wagon: Small,2.0,4,AM6,D,7.6,5.6,6.7,42,180,,
2015,Volkswagen,golf sportwagon tdi (modified),Station wagon: Small,2.0,4,M6,D,7.6,5.5,6.7,42,179,,
2015,Volkswagen,jetta,Compact,1.8,4,AS6,X,9.3,6.3,7.9,36,182,,
2015,Volkswagen,jetta,Compact,1.8,4,M5,X,9.3,6.3,8.0,35,184,,
2015,Volkswagen,jetta,Compact,2.0,4,AS6,X,10.4,7.0,8.9,32,205,,
2015,Volkswagen,jetta,Compact,2.0,4,M5,X,9.5,6.9,8.4,34,193,,
2015,Volkswagen,jetta tdi (modified),Compact,2.0,4,AM6,D,7.6,5.2,6.5,43,175,,
2015,Volkswagen,jetta tdi (modified),Compact,2.0,4,M6,D,7.6,5.1,6.5,43,176,,
2015,Volkswagen,jetta gli,Compact,2.0,4,AM6,Z,10.0,7.3,8.8,32,202,,
2015,Volkswagen,jetta gli,Compact,2.0,4,M6,Z,10.3,7.2,8.9,32,205,,
2015,Volkswagen,jetta hybrid,Compact,1.4,4,AM7,Z,5.6,4.9,5.3,53,122,,
2015,Volkswagen,passat,Mid-size,1.8,4,AS6,X,9.7,6.6,8.3,34,191,,
2015,Volkswagen,passat,Mid-size,1.8,4,M5,X,9.8,6.7,8.4,34,193,,
2015,Volkswagen,passat tdi (modified),Mid-size,2.0,4,AM6,D,7.8,5.6,6.9,41,185,,
2015,Volkswagen,passat tdi (modified),Mid-size,2.0,4,M6,D,7.8,5.3,6.7,42,182,,
2015,Volkswagen,passat,Mid-size,3.6,6,AM6,Z,11.9,8.5,10.4,27,239,,
2015,Volkswagen,tiguan,Sport utility vehicle: Small,2.0,4,AS6,Z,11.5,9.3,10.5,27,242,,
2015,Volkswagen,tiguan,Sport utility vehicle: Small,2.0,4,M6,Z,13.0,9.0,11.2,25,258,,
2015,Volkswagen,tiguan 4motion,Sport utility vehicle: Small,2.0,4,AS6,Z,11.7,9.4,10.7,26,246,,
2015,Volkswagen,touareg tdi (modified),Sport utility vehicle: Standard,3.0,6,AS8,D,11.8,8.1,10.2,28,277,,
2015,Volkswagen,touareg,Sport utility vehicle: Standard,3.6,6,AS8,Z,14.1,10.4,12.4,23,292,,
2015,Volvo,s60 t5,Compact,2.0,4,AS8,X,9.8,6.6,8.4,34,193,,
2015,Volvo,s60 t5 awd,Compact,2.5,5,AS6,X,11.6,8.2,10.1,28,232,,
2015,Volvo,s60 t6,Compact,2.0,4,AS8,Z,10.1,7.3,8.9,32,205,,
2015,Volvo,s60 t6 awd,Compact,3.0,6,AS6,X,12.9,9.0,11.2,25,258,,
2015,Volvo,s60 polestar awd,Compact,3.0,6,AS6,X,12.8,8.9,11.0,26,253,,
2015,Volvo,s80 t5,Mid-size,2.0,4,AS8,X,9.8,6.6,8.4,34,193,,
2015,Volvo,s80 t6 awd,Mid-size,3.0,6,AS6,X,12.9,9.0,11.2,25,258,,
2015,Volvo,v60 t5,Station wagon: Small,2.0,4,AS8,X,9.8,6.6,8.4,34,193,,
2015,Volvo,v60 t5 awd,Station wagon: Small,2.5,5,AS6,X,11.6,8.2,10.1,28,232,,
2015,Volvo,v60 t6 awd,Station wagon: Small,3.0,6,AS6,X,12.9,9.0,11.2,25,258,,
2015,Volvo,v60 polestar awd,Station wagon: Small,3.0,6,AS6,X,12.8,8.9,11.0,26,253,,
2015,Volvo,v60 cc,Sport utility vehicle: Small,2.0,4,AS8,X,9.8,7.6,8.8,32,202,,
2015,Volvo,v60 cc awd,Sport utility vehicle: Small,2.5,5,AS6,X,11.8,8.5,10.3,27,237,,
2015,Volvo,xc60 t5,Sport utility vehicle: Small,2.0,4,AS8,X,9.8,7.6,8.8,32,202,,
2015,Volvo,xc60 t5 awd,Sport utility vehicle: Small,2.5,5,AS6,X,13.0,9.4,11.4,25,262,,
2015,Volvo,xc60 t6,Sport utility vehicle: Small,2.0,4,AS8,Z,10.7,7.8,9.4,30,216,,
2015,Volvo,xc60 t6 awd,Sport utility vehicle: Small,3.0,6,AS6,X,13.6,9.9,11.9,24,274,,
2015,Volvo,xc60 3.2 awd,Sport utility vehicle: Small,3.2,6,AS6,X,13.1,9.5,11.5,25,264,,
2015,Volvo,xc70 t5,Sport utility vehicle: Small,2.0,4,AS8,X,9.8,7.6,8.8,32,202,,
2015,Volvo,xc70 t6 awd,Sport utility vehicle: Small,3.0,6,AS6,X,13.6,9.9,11.9,24,274,,
2015,Volvo,xc70 3.2 awd,Sport utility vehicle: Small,3.2,6,AS6,X,13.1,9.1,11.3,25,260,,
2016,Acura,ilx,Compact,2.4,4,AM8,Z,9.3,6.6,8.1,35,189,7.0,
2016,Acura,mdx sh-awd,Sport utility vehicle: Small,3.5,6,AS9,Z,12.7,9.1,11.1,25,254,5.0,
2016,Acura,mdx sh-awd elite,Sport utility vehicle: Small,3.5,6,AS9,Z,12.2,9.1,10.7,26,251,5.0,
2016,Acura,rdx awd,Sport utility vehicle: Small,3.5,6,AS6,Z,12.4,8.6,10.7,26,249,5.0,
2016,Acura,rlx,Mid-size,3.5,6,AS6,Z,11.9,7.7,10.0,28,235,5.0,
2016,Acura,rlx hybrid,Mid-size,3.5,6,AM7,Z,8.0,7.5,7.7,37,180,7.0,
2016,Acura,tlx,Compact,2.4,4,AM8,Z,9.6,6.6,8.3,34,196,7.0,
2016,Acura,tlx sh-awd,Compact,3.5,6,AS9,Z,11.2,7.5,9.6,29,226,5.0,
2016,Alfa Romeo,4c,Two-seater,1.8,4,AM6,Z,9.7,6.9,8.4,34,197,7.0,
2016,Aston Martin,db9 gt,Minicompact,5.9,12,A6,Z,18.0,12.6,15.6,18,365,2.0,
2016,Aston Martin,rapide s,Subcompact,6.0,12,A8,Z,16.8,10.9,14.2,20,332,3.0,
2016,Aston Martin,vanquish,Minicompact,6.0,12,A8,Z,17.6,11.4,14.8,19,346,3.0,
2016,Aston Martin,v8 vantage,Two-seater,4.7,8,AM7,Z,17.4,11.3,14.7,19,343,3.0,
2016,Aston Martin,v8 vantage,Two-seater,4.7,8,M6,Z,18.1,12.3,15.5,18,362,2.0,
2016,Aston Martin,v8 vantage s,Two-seater,4.7,8,AM7,Z,17.4,11.3,14.7,19,343,3.0,
2016,Aston Martin,v8 vantage s,Two-seater,4.7,8,M6,Z,18.1,12.3,15.5,18,362,2.0,
2016,Aston Martin,v12 vantage s,Two-seater,6.0,12,AM7,Z,19.5,12.8,16.5,17,390,2.0,
2016,Aston Martin,vantage gt,Two-seater,4.7,8,AM7,Z,17.4,11.3,14.7,19,343,3.0,
2016,Aston Martin,vantage gt,Two-seater,4.7,8,M6,Z,18.1,12.3,15.5,18,362,2.0,
2016,Audi,a3,Subcompact,1.8,4,AM6,X,10.0,7.1,8.7,32,204,6.0,
2016,Audi,a3 quattro,Subcompact,2.0,4,AM6,X,9.8,7.2,8.6,33,201,7.0,
2016,Audi,a3 cabriolet quattro,Subcompact,2.0,4,AM6,X,10.1,7.5,8.9,32,208,6.0,
2016,Audi,a4,Compact,2.0,4,AV8,Z,9.9,7.6,8.9,32,212,6.0,
2016,Audi,a4 quattro,Compact,2.0,4,AS8,Z,11.0,7.8,9.6,29,224,6.0,
2016,Audi,a4 quattro,Compact,2.0,4,M6,Z,10.6,7.3,9.1,31,214,6.0,
2016,Audi,a4 allroad quattro,Station wagon: Small,2.0,4,AS8,Z,11.2,8.4,9.9,29,232,5.0,
2016,Audi,a5 quattro,Subcompact,2.0,4,AS8,Z,11.0,7.8,9.6,29,224,6.0,
2016,Audi,a5 quattro,Subcompact,2.0,4,M6,Z,10.6,7.3,9.1,31,214,6.0,
2016,Audi,a5 cabriolet quattro,Subcompact,2.0,4,AS8,Z,11.3,8.0,9.8,29,230,5.0,
2016,Audi,a6 quattro,Mid-size,2.0,4,AS8,Z,10.8,7.3,9.2,31,211,6.0,
2016,Audi,a6 quattro,Mid-size,3.0,6,AS8,Z,11.6,7.9,9.9,29,232,5.0,
2016,Audi,a6 quattro tdi (modified),Mid-size,3.0,6,AS8,D,9.4,6.2,7.8,36,213,6.0,
2016,Audi,a7 quattro,Mid-size,3.0,6,AS8,Z,11.6,7.9,9.9,29,232,5.0,
2016,Audi,a7 quattro tdi (modified),Mid-size,3.0,6,AS8,D,9.4,6.2,7.8,36,213,6.0,
2016,Audi,a8 quattro,Mid-size,3.0,6,AS8,Z,12.6,8.0,10.5,27,247,5.0,
2016,Audi,a8 quattro tdi (modified),Mid-size,3.0,6,AS8,D,9.8,6.5,8.4,34,224,6.0,
2016,Audi,a8 quattro,Mid-size,4.0,8,AS8,Z,12.9,8.0,10.7,26,249,5.0,
2016,Audi,a8l quattro,Full-size,4.0,8,AS8,Z,13.1,8.3,10.9,26,255,5.0,
2016,Audi,a8l quattro,Full-size,6.3,12,AS8,Z,17.8,10.8,14.6,19,344,3.0,
2016,Audi,q3,Compact,2.0,4,AS6,Z,12.0,8.2,10.3,27,242,5.0,
2016,Audi,q3 quattro,Compact,2.0,4,AS6,Z,11.9,8.4,10.3,27,240,5.0,
2016,Audi,q5 quattro,Sport utility vehicle: Small,2.0,4,AS8,Z,12.0,8.5,10.4,27,244,5.0,
2016,Audi,q5 quattro,Sport utility vehicle: Small,3.0,6,AS8,Z,13.2,9.2,11.4,25,267,5.0,
2016,Audi,q5 quattro tdi (modified),Sport utility vehicle: Small,3.0,6,AS8,D,10.2,7.8,9.0,31,244,5.0,
2016,Audi,q5 hybrid quattro,Sport utility vehicle: Small,2.0,4,AS8,Z,9.8,7.9,8.9,32,209,6.0,
2016,Audi,rs 7 quattro,Mid-size,4.0,8,AS8,Z,16.6,9.4,13.3,21,313,4.0,
2016,Audi,s3 quattro,Subcompact,2.0,4,AM6,Z,10.1,7.7,9.0,31,211,6.0,
2016,Audi,s4 quattro,Compact,3.0,6,AM7,Z,13.0,8.5,11.0,26,257,5.0,
2016,Audi,s4 quattro,Compact,3.0,6,M6,Z,13.8,9.0,11.7,24,273,4.0,
2016,Audi,s5 quattro,Subcompact,3.0,6,AM7,Z,13.0,8.5,11.0,26,257,5.0,
2016,Audi,s5 quattro,Subcompact,3.0,6,M6,Z,13.8,9.0,11.7,24,273,4.0,
2016,Audi,s5 cabriolet quattro,Subcompact,3.0,6,AM7,Z,13.3,9.1,11.4,25,266,5.0,
2016,Audi,s6 quattro,Mid-size,4.0,8,AM7,Z,13.3,8.8,11.3,25,263,5.0,
2016,Audi,s7 quattro,Mid-size,4.0,8,AM7,Z,13.4,8.8,11.4,25,265,5.0,
2016,Audi,s8 quattro,Mid-size,4.0,8,AS8,Z,15.7,9.4,12.8,22,300,4.0,
2016,Audi,sq5 quattro,Sport utility vehicle: Small,3.0,6,AS8,Z,14.1,9.9,12.2,23,285,4.0,
2016,Audi,tt coupe quattro,Subcompact,2.0,4,AM6,X,10.1,7.8,9.1,31,209,6.0,
2016,Audi,tt roadster quattro,Two-seater,2.0,4,AM6,X,10.1,7.8,9.1,31,209,6.0,
2016,Audi,tts coupe quattro,Subcompact,2.0,4,AM6,Z,10.3,8.6,9.5,30,222,6.0,
2016,Bentley,continental gt,Compact,4.0,8,AS8,Z,16.1,9.4,13.1,22,307,4.0,
2016,Bentley,continental gt,Compact,6.0,12,AS8,Z,18.9,11.2,15.4,18,360,2.0,
2016,Bentley,continental gt convertible,Subcompact,4.0,8,AS8,Z,17.7,10.3,14.4,20,337,3.0,
2016,Bentley,continental gt convertible,Subcompact,6.0,12,AS8,Z,19.6,11.7,16.0,18,375,2.0,
2016,Bentley,flying spur,Mid-size,4.0,8,AS8,Z,17.7,10.0,14.2,20,334,3.0,
2016,Bentley,flying spur,Mid-size,6.0,12,AS8,Z,20.3,11.9,16.5,17,388,2.0,
2016,Bentley,mulsanne,Mid-size,6.8,8,AS8,Z,21.0,13.1,17.5,16,408,2.0,
2016,BMW,228i,Subcompact,2.0,4,AS8,Z,9.9,6.5,8.4,34,197,7.0,
2016,BMW,228i,Subcompact,2.0,4,M6,Z,10.7,7.0,9.0,31,211,6.0,
2016,BMW,228i xdrive,Subcompact,2.0,4,AS8,Z,10.4,6.8,8.8,32,207,6.0,
2016,BMW,228i xdrive cabriolet,Subcompact,2.0,4,AS8,Z,10.5,6.9,8.9,32,209,6.0,
2016,BMW,320i,Compact,2.0,4,AS8,Z,9.9,6.5,8.4,34,197,7.0,
2016,BMW,320i,Compact,2.0,4,M6,Z,10.7,7.0,9.0,31,211,6.0,
2016,BMW,320i xdrive,Compact,2.0,4,AS8,Z,10.4,6.8,8.8,32,207,6.0,
2016,BMW,328d xdrive,Compact,2.0,4,AS8,D,7.7,5.7,6.8,42,183,7.0,
2016,BMW,328d xdrive touring,Station wagon: Small,2.0,4,AS8,D,7.7,5.7,6.8,42,183,7.0,
2016,BMW,328i xdrive,Compact,2.0,4,AS8,Z,10.5,6.9,8.9,32,209,6.0,
2016,BMW,328i xdrive gran turismo,Full-size,2.0,4,AS8,Z,10.5,6.9,8.9,32,209,6.0,
2016,BMW,328i xdrive touring,Station wagon: Small,2.0,4,AS8,Z,10.5,6.9,8.9,32,209,6.0,
2016,BMW,335i xdrive gran turismo,Full-size,3.0,6,AS8,Z,12.0,7.9,10.2,28,238,5.0,
2016,BMW,340i,Compact,3.0,6,AS8,Z,10.9,7.2,9.3,30,217,6.0,
2016,BMW,340i,Compact,3.0,6,M6,Z,11.6,7.8,9.9,29,231,5.0,
2016,BMW,340i xdrive,Compact,3.0,6,AS8,Z,10.9,7.3,9.3,30,216,6.0,
2016,BMW,340i xdrive,Compact,3.0,6,M6,Z,11.9,8.3,10.3,27,241,5.0,
2016,BMW,428i cabriolet,Subcompact,2.0,4,AS8,Z,10.8,6.7,8.9,32,211,6.0,
2016,BMW,428i xdrive cabriolet,Subcompact,2.0,4,AS8,Z,11.3,7.1,9.4,30,221,6.0,
2016,BMW,428i coupe,Compact,2.0,4,AS8,Z,9.9,6.5,8.4,34,197,7.0,
2016,BMW,428i coupe,Compact,2.0,4,M6,Z,10.7,7.0,9.0,31,211,6.0,
2016,BMW,428i xdrive coupe,Compact,2.0,4,AS8,Z,10.5,6.9,8.9,32,209,6.0,
2016,BMW,428i gran coupe,Compact,2.0,4,AS8,Z,10.8,6.7,8.9,32,211,6.0,
2016,BMW,428i gran coupe,Compact,2.0,4,M6,Z,10.9,6.8,9.0,31,210,6.0,
2016,BMW,428i xdrive gran coupe,Compact,2.0,4,AS8,Z,10.5,6.9,8.9,32,209,6.0,
2016,BMW,435i cabriolet,Subcompact,3.0,6,AS8,Z,11.8,7.6,9.9,29,232,5.0,
2016,BMW,435i xdrive cabriolet,Subcompact,3.0,6,AS8,Z,11.9,8.1,10.2,28,238,5.0,
2016,BMW,435i coupe,Compact,3.0,6,AS8,Z,11.6,7.7,9.9,29,232,5.0,
2016,BMW,435i coupe,Compact,3.0,6,M6,Z,12.1,8.4,10.5,27,246,5.0,
2016,BMW,435i xdrive coupe,Compact,3.0,6,AS8,Z,12.0,7.9,10.2,28,238,5.0,
2016,BMW,435i xdrive coupe,Compact,3.0,6,M6,Z,12.3,8.4,10.5,27,247,5.0,
2016,BMW,435i xdrive gran coupe,Compact,3.0,6,AS8,Z,12.0,7.9,10.2,28,238,5.0,
2016,BMW,528i xdrive,Mid-size,2.0,4,AS8,Z,10.5,6.9,8.9,32,209,6.0,
2016,BMW,535d xdrive,Mid-size,3.0,6,AS8,D,9.2,6.3,7.9,36,212,6.0,
2016,BMW,535i xdrive,Mid-size,3.0,6,AS8,Z,11.9,8.1,10.2,28,238,5.0,
2016,BMW,535i xdrive gran turismo,Full-size,3.0,6,AS8,Z,13.0,9.1,11.2,25,263,5.0,
2016,BMW,550i xdrive,Mid-size,4.4,8,AS8,Z,14.4,9.6,12.3,23,288,4.0,
2016,BMW,550i xdrive gran turismo,Full-size,4.4,8,AS8,Z,14.3,9.3,12.1,23,283,4.0,
2016,BMW,640i xdrive cabriolet,Subcompact,3.0,6,AS8,Z,11.9,8.1,10.2,28,238,5.0,
2016,BMW,640i xdrive gran coupe,Compact,3.0,6,AS8,Z,11.9,8.1,10.2,28,238,5.0,
2016,BMW,650i xdrive cabriolet,Subcompact,4.4,8,AS8,Z,14.3,9.3,12.1,23,283,4.0,
2016,BMW,650i xdrive coupe,Compact,4.4,8,AS8,Z,14.4,9.6,12.3,23,288,4.0,
2016,BMW,650i xdrive gran coupe,Compact,4.4,8,AS8,Z,14.3,9.3,12.1,23,283,4.0,
2016,BMW,750i xdrive,Full-size,4.4,8,AS8,Z,14.3,9.3,12.1,23,283,4.0,
2016,BMW,750li xdrive,Full-size,4.4,8,AS8,Z,14.3,9.3,12.1,23,283,4.0,
2016,BMW,activehybrid 5,Mid-size,3.0,6,AS8,Z,10.6,7.9,9.4,30,219,6.0,
2016,BMW,alpina b6 xdrive gran coupe,Compact,4.4,8,AS8,Z,14.3,9.3,12.1,23,283,4.0,
2016,BMW,m2,Subcompact,3.0,6,AM7,Z,11.8,8.8,10.4,27,244,5.0,
2016,BMW,m2,Subcompact,3.0,6,M6,Z,12.7,9.2,11.1,25,260,5.0,
2016,BMW,m235i,Subcompact,3.0,6,AS8,Z,11.6,7.7,9.9,29,232,5.0,
2016,BMW,m235i,Subcompact,3.0,6,M6,Z,11.9,8.6,10.4,27,245,5.0,
2016,BMW,m235i xdrive,Subcompact,3.0,6,AS8,Z,12.0,7.9,10.2,28,238,5.0,
2016,BMW,m235i cabriolet,Subcompact,3.0,6,AS8,Z,11.6,7.7,9.9,29,232,5.0,
2016,BMW,m235i cabriolet,Subcompact,3.0,6,M6,Z,12.1,8.4,10.5,27,246,5.0,
2016,BMW,m235i xdrive cabriolet,Subcompact,3.0,6,AS8,Z,12.0,7.9,10.2,28,238,5.0,
2016,BMW,m3,Compact,3.0,6,AM7,Z,14.1,9.7,12.1,23,284,4.0,
2016,BMW,m3,Compact,3.0,6,M6,Z,13.7,9.0,11.6,24,271,4.0,
2016,BMW,m4 cabriolet,Subcompact,3.0,6,AM7,Z,14.2,9.6,12.1,23,282,4.0,
2016,BMW,m4 cabriolet,Subcompact,3.0,6,M6,Z,14.1,9.0,11.8,24,278,4.0,
2016,BMW,m4 coupe,Compact,3.0,6,AM7,Z,14.1,9.7,12.1,23,284,4.0,
2016,BMW,m4 coupe,Compact,3.0,6,M6,Z,13.7,9.0,11.6,24,271,4.0,
2016,BMW,m5,Mid-size,4.4,8,AM7,Z,17.3,11.5,14.7,19,344,3.0,
2016,BMW,m5,Mid-size,4.4,8,M6,Z,16.1,10.9,13.7,21,321,3.0,
2016,BMW,m6,Compact,4.4,8,AM7,Z,17.3,11.5,14.7,19,344,3.0,
2016,BMW,m6,Compact,4.4,8,M6,Z,16.1,10.9,13.7,21,321,3.0,
2016,BMW,m6 cabriolet,Subcompact,4.4,8,AM7,Z,17.3,11.5,14.7,19,344,3.0,
2016,BMW,m6 cabriolet,Subcompact,4.4,8,M6,Z,16.1,10.9,13.7,21,321,3.0,
2016,BMW,m6 gran coupe,Compact,4.4,8,AM7,Z,17.3,11.5,14.7,19,344,3.0,
2016,BMW,m6 gran coupe,Compact,4.4,8,M6,Z,16.1,10.9,13.7,21,321,3.0,
2016,BMW,x1 xdrive28i,Sport utility vehicle: Small,2.0,4,AS8,Z,10.7,7.4,9.2,31,215,6.0,
2016,BMW,x3 xdrive28d,Sport utility vehicle: Small,2.0,4,AS8,D,8.6,6.9,7.9,36,211,6.0,
2016,BMW,x3 xdrive28i,Sport utility vehicle: Small,2.0,4,AS8,Z,11.1,8.4,9.9,29,231,5.0,
2016,BMW,x3 xdrive35i,Sport utility vehicle: Small,3.0,6,AS8,Z,12.7,8.8,10.9,26,257,5.0,
2016,BMW,x4 xdrive28i,Sport utility vehicle: Small,2.0,4,AS8,Z,11.7,8.4,10.2,28,238,5.0,
2016,BMW,x4 xdrive35i,Sport utility vehicle: Small,3.0,6,AS8,Z,12.7,8.8,10.9,26,257,5.0,
2016,BMW,x4 m40i,Sport utility vehicle: Small,3.0,6,AS8,Z,12.8,9.5,11.3,25,264,5.0,
2016,BMW,x5 xdrive35d,Sport utility vehicle: Standard,3.0,6,AS8,D,10.0,7.6,8.9,32,233,5.0,
2016,BMW,x5 xdrive35i,Sport utility vehicle: Standard,3.0,6,AS8,Z,13.0,9.7,11.5,25,269,5.0,
2016,BMW,x5 xdrive50i,Sport utility vehicle: Standard,4.4,8,AS8,Z,15.7,11.4,13.8,20,322,3.0,
2016,BMW,x5 m,Sport utility vehicle: Standard,4.4,8,AS8,Z,16.6,12.1,14.6,19,343,3.0,
2016,BMW,x6 xdrive35i,Sport utility vehicle: Standard,3.0,6,AS8,Z,13.0,9.7,11.5,25,269,5.0,
2016,BMW,x6 xdrive50i,Sport utility vehicle: Standard,4.4,8,AS8,Z,15.7,11.4,13.8,20,322,3.0,
2016,BMW,x6 m,Sport utility vehicle: Standard,4.4,8,AS8,Z,16.6,12.1,14.6,19,343,3.0,
2016,BMW,z4 sdrive28i,Two-seater,2.0,4,AS8,Z,10.7,7.1,9.1,31,212,6.0,
2016,BMW,z4 sdrive28i,Two-seater,2.0,4,M6,Z,10.7,7.0,9.0,31,211,6.0,
2016,BMW,z4 sdrive35i,Two-seater,3.0,6,AM7,Z,13.7,10.0,12.1,23,282,4.0,
2016,BMW,z4 sdrive35is,Two-seater,3.0,6,AM7,Z,13.7,10.0,12.1,23,282,4.0,
2016,Buick,enclave,Sport utility vehicle: Standard,3.6,6,A6,X,15.8,10.6,13.4,21,315,4.0,
2016,Buick,enclave awd,Sport utility vehicle: Standard,3.6,6,A6,X,16.1,10.8,13.7,21,323,3.0,
2016,Buick,encore,Sport utility vehicle: Small,1.4,4,AS6,X,9.5,7.2,8.5,33,199,7.0,
2016,Buick,encore awd,Sport utility vehicle: Small,1.4,4,AS6,X,10.2,8.0,9.2,31,215,6.0,
2016,Buick,encore sport touring,Sport utility vehicle: Small,1.4,4,AS6,X,8.5,6.9,7.8,36,182,7.0,
2016,Buick,encore sport touring awd,Sport utility vehicle: Small,1.4,4,AS6,X,8.9,7.4,8.2,34,192,7.0,
2016,Buick,envision awd,Sport utility vehicle: Small,2.0,4,A6,Z,11.8,9.1,10.6,27,248,5.0,
2016,Buick,lacrosse eassist,Mid-size,2.4,4,AS6,X,9.6,6.5,8.2,34,193,7.0,
2016,Buick,lacrosse ffv,Mid-size,3.6,6,AS6,X,13.7,8.6,11.4,25,268,5.0,
2016,Buick,lacrosse ffv,Mid-size,3.6,6,AS6,E,18.7,12.4,15.8,18,260,5.0,
2016,Buick,lacrosse awd ffv,Mid-size,3.6,6,AS6,X,13.8,9.0,11.7,24,274,4.0,
2016,Buick,lacrosse awd ffv,Mid-size,3.6,6,AS6,E,18.5,12.5,15.8,18,263,5.0,
2016,Buick,regal,Mid-size,2.0,4,AS6,Z,11.4,7.9,9.8,29,231,5.0,
2016,Buick,regal,Mid-size,2.0,4,M6,Z,11.6,7.6,9.8,29,230,5.0,
2016,Buick,regal eassist,Mid-size,2.4,4,AS6,X,9.6,6.5,8.2,34,193,7.0,
2016,Buick,regal awd,Mid-size,2.0,4,AS6,Z,12.4,8.7,10.7,26,252,5.0,
2016,Buick,verano,Compact,2.0,4,AS6,Z,11.4,7.9,9.8,29,231,5.0,
2016,Buick,verano,Compact,2.0,4,M6,Z,11.6,7.6,9.8,29,230,5.0,
2016,Buick,verano,Compact,2.4,4,AS6,X,11.3,7.4,9.6,29,224,6.0,
2016,Cadillac,ats,Compact,2.0,4,AS8,Z,10.5,7.6,9.2,31,215,6.0,
2016,Cadillac,ats,Compact,2.0,4,M6,Z,12.0,8.1,10.3,27,240,5.0,
2016,Cadillac,ats,Compact,2.5,4,AS8,X,10.6,7.3,9.1,31,214,6.0,
2016,Cadillac,ats,Compact,3.6,6,AS8,X,11.6,7.9,9.9,29,233,5.0,
2016,Cadillac,ats awd,Compact,2.0,4,AS8,Z,10.8,7.8,9.4,30,221,6.0,
2016,Cadillac,ats awd,Compact,3.6,6,AS8,X,12.2,8.5,10.5,27,247,5.0,
2016,Cadillac,ats-v,Compact,3.6,6,AS8,Z,14.7,9.8,12.5,23,293,4.0,
2016,Cadillac,ats-v,Compact,3.6,6,M6,Z,14.2,10.2,12.4,23,289,4.0,
2016,Cadillac,ct6,Full-size,2.0,4,AS8,Z,11.0,7.6,9.5,30,222,6.0,
2016,Cadillac,ct6 awd,Full-size,3.0,6,AS8,Z,13.0,9.0,11.2,25,263,5.0,
2016,Cadillac,ct6 awd,Full-size,3.6,6,AS8,X,12.8,8.7,11.0,26,257,5.0,
2016,Cadillac,cts,Mid-size,2.0,4,AS8,Z,11.0,7.6,9.5,30,221,6.0,
2016,Cadillac,cts,Mid-size,3.6,6,AS8,X,11.6,7.9,9.9,29,233,5.0,
2016,Cadillac,cts awd,Mid-size,2.0,4,AS8,Z,11.2,8.1,9.8,29,229,5.0,
2016,Cadillac,cts awd,Mid-size,3.6,6,AS8,X,12.2,8.5,10.5,27,247,5.0,
2016,Cadillac,cts vsport,Mid-size,3.6,6,AS8,Z,14.7,9.8,12.5,23,293,4.0,
2016,Cadillac,cts-v,Mid-size,6.2,8,AS8,Z,16.6,11.1,14.1,20,332,3.0,
2016,Cadillac,escalade 4wd,Sport utility vehicle: Standard,6.2,8,A8,Z,16.0,11.2,13.9,20,325,3.0,
2016,Cadillac,srx,Sport utility vehicle: Standard,3.6,6,AS6,X,14.2,9.8,12.3,23,287,4.0,
2016,Cadillac,srx awd,Sport utility vehicle: Standard,3.6,6,AS6,X,14.8,10.4,12.8,22,300,4.0,
2016,Cadillac,xts,Full-size,3.6,6,AS6,X,13.6,8.6,11.3,25,263,5.0,
2016,Cadillac,xts awd,Full-size,3.6,6,AS6,X,13.9,8.9,11.6,24,273,4.0,
2016,Cadillac,xts vsport awd,Full-size,3.6,6,AS6,Z,15.0,10.2,12.8,22,302,4.0,
2016,Chevrolet,camaro,Compact,2.0,4,AS8,Z,10.9,7.5,9.3,30,218,6.0,
2016,Chevrolet,camaro,Compact,2.0,4,M6,Z,11.4,7.9,9.8,29,229,5.0,
2016,Chevrolet,camaro,Compact,3.6,6,AS8,X,12.3,8.5,10.6,27,248,5.0,
2016,Chevrolet,camaro,Compact,3.6,6,M6,X,13.2,8.7,11.2,25,261,5.0,
2016,Chevrolet,camaro ss,Compact,6.2,8,AS8,Z,14.2,8.4,11.6,24,272,4.0,
2016,Chevrolet,camaro ss,Compact,6.2,8,M6,Z,14.3,9.4,12.1,23,284,4.0,
2016,Chevrolet,city express,Special purpose vehicle,2.0,4,AV,X,9.7,9.0,9.4,30,220,6.0,
2016,Chevrolet,colorado,Pickup truck: Small,2.5,4,A6,X,11.9,8.9,10.5,27,247,5.0,
2016,Chevrolet,colorado,Pickup truck: Small,2.5,4,M6,X,12.2,9.1,10.8,26,253,5.0,
2016,Chevrolet,colorado,Pickup truck: Small,2.8,4,A6,D,10.8,7.7,9.4,30,252,5.0,
2016,Chevrolet,colorado,Pickup truck: Small,3.6,6,A6,X,13.0,9.2,11.3,25,265,5.0,
2016,Chevrolet,colorado 4wd,Pickup truck: Small,2.5,4,A6,X,12.7,9.6,11.3,25,265,5.0,
2016,Chevrolet,colorado 4wd,Pickup truck: Small,2.8,4,A6,D,12.0,8.2,10.3,27,277,4.0,
2016,Chevrolet,colorado 4wd,Pickup truck: Small,3.6,6,A6,X,13.6,9.9,11.9,24,279,4.0,
2016,Chevrolet,corvette,Two-seater,6.2,8,AS8,Z,14.6,8.1,11.7,24,275,4.0,
2016,Chevrolet,corvette,Two-seater,6.2,8,M7,Z,13.7,8.2,11.2,25,263,5.0,
2016,Chevrolet,corvette z06,Two-seater,6.2,8,AS8,Z,17.7,10.2,14.3,20,335,3.0,
2016,Chevrolet,corvette z06,Two-seater,6.2,8,M7,Z,15.7,10.6,13.4,21,313,4.0,
2016,Chevrolet,cruze,Compact,1.4,4,AS6,X,7.8,5.6,6.8,42,159,8.0,
2016,Chevrolet,cruze,Compact,1.4,4,M6,X,8.2,5.8,7.1,40,167,8.0,
2016,Chevrolet,cruze premier,Compact,1.4,4,AS6,X,7.8,5.9,6.9,41,160,8.0,
2016,Chevrolet,cruze limited,Mid-size,1.4,4,AS6,X,9.1,6.3,7.8,36,184,7.0,
2016,Chevrolet,cruze limited,Mid-size,1.4,4,M6,X,9.0,6.2,7.8,36,182,7.0,
2016,Chevrolet,cruze limited eco,Mid-size,1.4,4,A6,X,9.0,6.1,7.7,37,181,7.0,
2016,Chevrolet,cruze limited eco,Mid-size,1.4,4,M6,X,8.4,5.6,7.1,40,167,8.0,
2016,Chevrolet,cruze limited,Mid-size,1.8,4,AS6,X,10.5,6.8,8.8,32,207,6.0,
2016,Chevrolet,cruze limited,Mid-size,1.8,4,M6,X,9.4,6.6,8.1,35,190,7.0,
2016,Chevrolet,equinox,Sport utility vehicle: Small,2.4,4,A6,X,10.5,7.3,9.1,31,214,6.0,
2016,Chevrolet,equinox ffv,Sport utility vehicle: Small,2.4,4,A6,X,10.5,7.3,9.1,31,214,6.0,
2016,Chevrolet,equinox ffv,Sport utility vehicle: Small,2.4,4,A6,E,15.6,10.8,13.4,21,221,6.0,
2016,Chevrolet,equinox,Sport utility vehicle: Small,3.6,6,A6,X,14.2,9.5,12.1,23,285,4.0,
2016,Chevrolet,equinox awd,Sport utility vehicle: Small,2.4,4,A6,X,11.5,8.2,10.0,28,235,5.0,
2016,Chevrolet,equinox awd ffv,Sport utility vehicle: Small,2.4,4,A6,X,11.5,8.2,10.0,28,235,5.0,
2016,Chevrolet,equinox awd ffv,Sport utility vehicle: Small,2.4,4,A6,E,16.3,11.6,14.2,20,236,5.0,
2016,Chevrolet,equinox awd,Sport utility vehicle: Small,3.6,6,A6,X,14.9,10.1,12.8,22,300,4.0,
2016,Chevrolet,express 2500 passenger,Van: Passenger,6.0,8,A6,X,22.0,14.9,18.8,15,441,1.0,
2016,Chevrolet,express 3500 passenger,Van: Passenger,6.0,8,A6,X,23.0,16.0,19.8,14,465,1.0,
2016,Chevrolet,impala,Full-size,2.5,4,AS6,X,10.6,7.5,9.2,31,215,6.0,
2016,Chevrolet,impala ffv,Full-size,3.6,6,AS6,X,12.5,8.2,10.6,27,248,5.0,
2016,Chevrolet,impala ffv,Full-size,3.6,6,AS6,E,17.0,11.5,14.5,19,239,5.0,
2016,Chevrolet,impala dual fuel,Mid-size,3.6,6,AS6,X,13.9,9.3,11.9,24,272,4.0,
2016,Chevrolet,malibu,Mid-size,1.5,4,A6,X,8.7,6.3,7.6,37,179,7.0,
2016,Chevrolet,malibu,Mid-size,2.0,4,AS8,Z,10.6,7.1,9.0,31,211,6.0,
2016,Chevrolet,malibu limited,Mid-size,2.5,4,AS6,X,10.0,7.0,8.6,33,202,6.0,
2016,Chevrolet,malibu hybrid,Mid-size,1.8,4,AV,X,5.0,5.1,5.1,55,122,9.0,
2016,Chevrolet,silverado ffv,Pickup truck: Standard,4.3,6,A6,X,13.5,10.0,11.9,24,280,4.0,
2016,Chevrolet,silverado ffv,Pickup truck: Standard,4.3,6,A6,E,19.3,14.4,17.1,17,284,4.0,
2016,Chevrolet,silverado,Pickup truck: Standard,5.3,8,A6,X,14.6,10.4,12.7,22,298,4.0,
2016,Chevrolet,silverado ffv,Pickup truck: Standard,5.3,8,A6,X,14.6,10.4,12.7,22,298,4.0,
2016,Chevrolet,silverado ffv,Pickup truck: Standard,5.3,8,A6,E,19.9,14.0,17.2,16,286,4.0,
2016,Chevrolet,silverado,Pickup truck: Standard,6.2,8,A8,Z,16.1,11.4,14.0,20,328,3.0,
2016,Chevrolet,silverado 4wd ffv,Pickup truck: Standard,4.3,6,A6,X,14.2,10.7,12.6,22,296,4.0,
2016,Chevrolet,silverado 4wd ffv,Pickup truck: Standard,4.3,6,A6,E,20.3,15.3,18.1,16,301,4.0,
2016,Chevrolet,silverado 4wd,Pickup truck: Standard,5.3,8,A6,X,15.0,10.7,13.1,22,307,4.0,
2016,Chevrolet,silverado 4wd ffv,Pickup truck: Standard,5.3,8,A6,X,15.0,10.7,13.1,22,306,4.0,
2016,Chevrolet,silverado 4wd ffv,Pickup truck: Standard,5.3,8,A6,E,20.5,14.4,17.8,16,295,4.0,
2016,Chevrolet,silverado eassist 4wd,Pickup truck: Standard,5.3,8,A8,X,14.4,11.2,13.0,22,304,4.0,
2016,Chevrolet,silverado 4wd,Pickup truck: Standard,6.2,8,A8,Z,16.3,11.6,14.2,20,332,3.0,
2016,Chevrolet,sonic,Compact,1.4,4,AS6,X,9.0,6.8,8.0,35,188,7.0,
2016,Chevrolet,sonic,Compact,1.4,4,M6,X,8.5,6.2,7.5,38,175,8.0,
2016,Chevrolet,sonic,Compact,1.8,4,AS6,X,9.6,6.7,8.3,34,195,7.0,
2016,Chevrolet,sonic,Compact,1.8,4,M5,X,9.0,6.8,8.0,35,187,7.0,
2016,Chevrolet,sonic rs,Compact,1.4,4,AS6,X,9.5,7.1,8.4,34,195,7.0,
2016,Chevrolet,sonic rs,Compact,1.4,4,M6,X,8.9,7.0,8.0,35,189,7.0,
2016,Chevrolet,sonic 5,Station wagon: Small,1.4,4,AS6,X,9.0,6.8,8.0,35,188,7.0,
2016,Chevrolet,sonic 5,Station wagon: Small,1.4,4,M6,X,8.5,6.2,7.5,38,175,8.0,
2016,Chevrolet,sonic 5,Station wagon: Small,1.8,4,AS6,X,9.6,6.7,8.3,34,195,7.0,
2016,Chevrolet,sonic 5,Station wagon: Small,1.8,4,M5,X,9.0,6.8,8.0,35,187,7.0,
2016,Chevrolet,sonic 5 rs,Station wagon: Small,1.4,4,AS6,X,9.5,7.1,8.4,34,195,7.0,
2016,Chevrolet,sonic 5 rs,Station wagon: Small,1.4,4,M6,X,8.9,7.0,8.0,35,189,7.0,
2016,Chevrolet,spark,Subcompact,1.4,4,AV,X,7.6,5.7,6.7,42,157,8.0,
2016,Chevrolet,spark,Subcompact,1.4,4,M5,X,7.8,5.8,6.9,41,162,8.0,
2016,Chevrolet,suburban,Sport utility vehicle: Standard,5.3,8,A6,X,15.1,10.4,13.0,22,304,4.0,
2016,Chevrolet,suburban ffv,Sport utility vehicle: Standard,5.3,8,A6,X,15.1,10.4,13.0,22,304,4.0,
2016,Chevrolet,suburban ffv,Sport utility vehicle: Standard,5.3,8,A6,E,20.5,14.0,17.6,16,288,4.0,
2016,Chevrolet,suburban 4wd,Sport utility vehicle: Standard,5.3,8,A6,X,15.4,10.8,13.3,21,312,4.0,
2016,Chevrolet,suburban 4wd ffv,Sport utility vehicle: Standard,5.3,8,A6,X,15.4,10.8,13.3,21,312,4.0,
2016,Chevrolet,suburban 4wd ffv,Sport utility vehicle: Standard,5.3,8,A6,E,22.2,15.3,19.1,15,317,3.0,
2016,Chevrolet,tahoe,Sport utility vehicle: Standard,5.3,8,A6,X,15.1,10.4,13.0,22,304,4.0,
2016,Chevrolet,tahoe ffv,Sport utility vehicle: Standard,5.3,8,A6,X,15.1,10.4,13.0,22,304,4.0,
2016,Chevrolet,tahoe ffv,Sport utility vehicle: Standard,5.3,8,A6,E,20.5,14.0,17.6,16,288,4.0,
2016,Chevrolet,tahoe 4wd,Sport utility vehicle: Standard,5.3,8,A6,X,15.2,10.8,13.2,21,310,4.0,
2016,Chevrolet,tahoe 4wd ffv,Sport utility vehicle: Standard,5.3,8,A6,X,15.2,10.8,13.2,21,310,4.0,
2016,Chevrolet,tahoe 4wd ffv,Sport utility vehicle: Standard,5.3,8,A6,E,20.9,14.5,18.0,16,300,4.0,
2016,Chevrolet,traverse,Sport utility vehicle: Standard,3.6,6,A6,X,15.8,10.6,13.4,21,315,4.0,
2016,Chevrolet,traverse awd,Sport utility vehicle: Standard,3.6,6,A6,X,16.1,10.8,13.7,21,323,3.0,
2016,Chevrolet,trax,Sport utility vehicle: Small,1.4,4,AS6,X,9.2,7.0,8.2,34,193,7.0,
2016,Chevrolet,trax,Sport utility vehicle: Small,1.4,4,M6,X,9.1,6.9,8.1,35,190,7.0,
2016,Chevrolet,trax 4wd,Sport utility vehicle: Small,1.4,4,AS6,X,9.7,7.6,8.7,32,205,6.0,
2016,Chrysler,200 ffv,Mid-size,2.4,4,A9,X,10.2,6.4,8.5,33,198,7.0,
2016,Chrysler,200 ffv,Mid-size,2.4,4,A9,E,13.6,8.5,11.3,25,186,7.0,
2016,Chrysler,200 ffv,Mid-size,3.6,6,A9,X,12.4,7.5,10.2,28,239,5.0,
2016,Chrysler,200 ffv,Mid-size,3.6,6,A9,E,16.5,10.1,13.6,21,225,6.0,
2016,Chrysler,200 awd ffv,Mid-size,3.6,6,A9,X,12.8,8.1,10.7,26,250,5.0,
2016,Chrysler,200 awd ffv,Mid-size,3.6,6,A9,E,16.9,10.8,14.1,20,232,5.0,
2016,Chrysler,300,Full-size,3.6,6,A8,X,12.4,7.7,10.3,27,240,5.0,
2016,Chrysler,300 ffv,Full-size,3.6,6,A8,X,12.4,7.7,10.3,27,240,5.0,
2016,Chrysler,300 ffv,Full-size,3.6,6,A8,E,16.8,10.3,13.9,20,229,5.0,
2016,Chrysler,300 (mds),Full-size,5.7,8,A8,X,14.8,9.3,12.3,23,289,4.0,
2016,Chrysler,300 awd,Full-size,3.6,6,A8,X,12.8,8.6,10.9,26,257,5.0,
2016,Chrysler,300 awd ffv,Full-size,3.6,6,A8,X,12.8,8.6,10.9,26,257,5.0,
2016,Chrysler,300 awd ffv,Full-size,3.6,6,A8,E,17.3,11.7,14.8,19,243,5.0,
2016,Chrysler,town & country ffv,Minivan,3.6,6,A6,X,14.1,9.5,12.0,24,282,4.0,
2016,Chrysler,town & country ffv,Minivan,3.6,6,A6,E,19.7,13.3,16.8,17,279,4.0,
2016,Dodge,challenger,Mid-size,3.6,6,A8,X,12.4,7.8,10.3,27,242,5.0,
2016,Dodge,challenger (mds),Mid-size,5.7,8,A8,X,14.8,9.3,12.3,23,289,4.0,
2016,Dodge,challenger,Mid-size,5.7,8,M6,X,15.6,10.0,13.1,22,307,4.0,
2016,Dodge,challenger (mds),Mid-size,6.4,8,A8,Z,15.7,9.5,12.9,22,302,4.0,
2016,Dodge,challenger,Mid-size,6.4,8,M6,Z,16.8,10.4,13.9,20,326,3.0,
2016,Dodge,challenger srt (mds),Mid-size,6.4,8,A8,Z,15.7,9.5,12.9,22,302,4.0,
2016,Dodge,challenger srt,Mid-size,6.4,8,M6,Z,16.8,10.4,13.9,20,326,3.0,
2016,Dodge,challenger srt hellcat,Mid-size,6.2,8,A8,Z,17.6,10.7,14.5,19,339,3.0,
2016,Dodge,challenger srt hellcat,Mid-size,6.2,8,M6,Z,18.1,11.4,15.1,19,353,3.0,
2016,Dodge,charger,Full-size,3.6,6,A5,X,13.7,8.9,11.5,25,271,4.0,
2016,Dodge,charger ffv,Full-size,3.6,6,A5,X,13.7,8.9,11.5,25,271,4.0,
2016,Dodge,charger ffv,Full-size,3.6,6,A5,E,18.7,12.4,15.9,18,264,5.0,
2016,Dodge,charger,Full-size,3.6,6,A8,X,12.4,7.7,10.3,27,240,5.0,
2016,Dodge,charger ffv,Full-size,3.6,6,A8,X,12.4,7.7,10.3,27,240,5.0,
2016,Dodge,charger ffv,Full-size,3.6,6,A8,E,16.8,10.3,13.9,20,229,5.0,
2016,Dodge,charger (mds),Full-size,5.7,8,A5,X,15.7,9.6,12.9,22,302,4.0,
2016,Dodge,charger (mds),Full-size,5.7,8,A8,X,14.8,9.3,12.3,23,289,4.0,
2016,Dodge,charger (mds),Full-size,6.4,8,A8,Z,15.7,9.5,12.9,22,302,4.0,
2016,Dodge,charger awd,Full-size,3.6,6,A8,X,12.8,8.6,10.9,26,257,5.0,
2016,Dodge,charger awd ffv,Full-size,3.6,6,A8,X,12.8,8.6,10.9,26,257,5.0,
2016,Dodge,charger awd ffv,Full-size,3.6,6,A8,E,17.3,11.7,14.8,19,243,5.0,
2016,Dodge,charger awd (mds),Full-size,5.7,8,A5,X,16.1,10.0,13.4,21,313,4.0,
2016,Dodge,charger srt (mds),Full-size,6.4,8,A8,Z,15.7,9.5,12.9,22,302,4.0,
2016,Dodge,charger srt hellcat,Full-size,6.2,8,A8,Z,17.6,10.7,14.5,19,339,3.0,
2016,Dodge,dart ffv,Mid-size,2.0,4,A6,X,9.9,7.0,8.6,33,201,6.0,
2016,Dodge,dart ffv,Mid-size,2.0,4,A6,E,13.3,9.3,11.5,25,187,7.0,
2016,Dodge,dart,Mid-size,2.0,4,M6,X,9.4,6.5,8.1,35,189,7.0,
2016,Dodge,dart,Mid-size,2.4,4,A6,X,10.1,6.8,8.6,33,202,6.0,
2016,Dodge,dart,Mid-size,2.4,4,M6,X,10.5,6.7,8.8,32,205,6.0,
2016,Dodge,dart gt,Mid-size,2.4,4,A6,X,10.6,7.5,9.2,31,215,6.0,
2016,Dodge,dart gt,Mid-size,2.4,4,M6,X,10.2,7.0,8.8,32,207,6.0,
2016,Dodge,dart turbo aero,Mid-size,1.4,4,AM6,X,8.4,5.9,7.3,39,171,8.0,
2016,Dodge,dart turbo aero,Mid-size,1.4,4,M6,X,8.5,5.8,7.3,39,171,8.0,
2016,Dodge,durango awd,Sport utility vehicle: Standard,3.6,6,A8,X,12.8,9.5,11.3,25,265,5.0,
2016,Dodge,durango awd (mds),Sport utility vehicle: Standard,5.7,8,A8,X,16.7,10.7,14.0,20,329,3.0,
2016,Dodge,grand caravan ffv,Minivan,3.6,6,A6,X,13.7,9.4,11.8,24,276,4.0,
2016,Dodge,grand caravan ffv,Minivan,3.6,6,A6,E,19.2,13.1,16.4,17,269,5.0,
2016,Dodge,journey,Sport utility vehicle: Small,2.4,4,A4,X,12.7,9.1,11.1,25,260,5.0,
2016,Dodge,journey ffv,Sport utility vehicle: Small,3.6,6,A6,X,14.2,9.4,12.1,23,283,4.0,
2016,Dodge,journey ffv,Sport utility vehicle: Small,3.6,6,A6,E,18.9,12.9,16.2,17,270,5.0,
2016,Dodge,journey awd,Sport utility vehicle: Small,3.6,6,A6,X,14.5,9.9,12.4,23,292,4.0,
2016,Dodge,viper srt,Two-seater,8.4,10,M6,Z,19.2,11.3,15.6,18,364,2.0,
2016,FIAT,500 cabrio,Minicompact,1.4,4,A6,X,8.7,6.9,7.9,36,183,7.0,
2016,FIAT,500 cabrio,Minicompact,1.4,4,M5,X,7.9,6.3,7.2,39,168,8.0,
2016,FIAT,500 hatchback,Minicompact,1.4,4,A6,X,8.7,6.9,7.9,36,183,7.0,
2016,FIAT,500 hatchback,Minicompact,1.4,4,M5,X,7.6,5.9,6.8,42,160,8.0,
2016,FIAT,500 hatchback turbo,Minicompact,1.4,4,A6,X,9.6,7.3,8.6,33,200,7.0,
2016,FIAT,500 hatchback turbo,Minicompact,1.4,4,M5,X,8.5,6.9,7.8,36,183,7.0,
2016,FIAT,500 abarth cabrio,Minicompact,1.4,4,A6,X,9.6,7.3,8.6,33,200,7.0,
2016,FIAT,500 abarth cabrio,Minicompact,1.4,4,M5,X,8.5,6.9,7.8,36,183,7.0,
2016,FIAT,500 abarth hatchback,Minicompact,1.4,4,A6,X,9.6,7.3,8.6,33,200,7.0,
2016,FIAT,500 abarth hatchback,Minicompact,1.4,4,M5,X,8.5,6.9,7.8,36,183,7.0,
2016,FIAT,500l,Station wagon: Small,1.4,4,A6,X,10.6,7.8,9.4,30,218,6.0,
2016,FIAT,500l,Station wagon: Small,1.4,4,AM6,X,9.9,7.2,8.7,32,203,6.0,
2016,FIAT,500l,Station wagon: Small,1.4,4,M6,X,9.3,7.1,8.3,34,194,7.0,
2016,FIAT,500x,Sport utility vehicle: Small,1.4,4,M6,X,9.5,6.9,8.3,34,194,7.0,
2016,FIAT,500x,Sport utility vehicle: Small,2.4,4,A9,X,10.6,7.6,9.3,30,217,6.0,
2016,FIAT,500x awd,Sport utility vehicle: Small,2.4,4,A9,X,11.0,7.9,9.6,29,224,6.0,
2016,Ford,c-max hybrid,Full-size,2.0,4,AV,X,5.6,6.4,6.0,47,140,9.0,
2016,Ford,edge,Sport utility vehicle: Small,2.0,4,AS6,X,11.5,7.8,9.8,29,231,5.0,
2016,Ford,edge (start/stop),Sport utility vehicle: Small,2.0,4,AS6,X,11.3,7.9,9.8,29,228,5.0,
2016,Ford,edge,Sport utility vehicle: Small,3.5,6,AS6,X,13.4,9.0,11.4,25,268,5.0,
2016,Ford,edge awd,Sport utility vehicle: Small,2.0,4,AS6,X,11.8,8.4,10.3,27,240,5.0,
2016,Ford,edge awd,Sport utility vehicle: Small,2.7,6,AS6,X,13.6,9.8,11.9,24,278,4.0,
2016,Ford,edge awd,Sport utility vehicle: Small,3.5,6,AS6,X,13.7,9.6,11.8,24,278,4.0,
2016,Ford,escape,Sport utility vehicle: Small,1.6,4,AS6,X,10.1,7.4,8.9,32,208,6.0,
2016,Ford,escape,Sport utility vehicle: Small,2.0,4,AS6,X,10.9,7.9,9.6,29,224,6.0,
2016,Ford,escape,Sport utility vehicle: Small,2.5,4,AS6,X,10.9,7.6,9.4,30,220,6.0,
2016,Ford,escape awd,Sport utility vehicle: Small,1.6,4,AS6,X,10.5,7.9,9.4,30,220,6.0,
2016,Ford,escape awd,Sport utility vehicle: Small,2.0,4,AS6,X,11.4,8.4,10.0,28,236,5.0,
2016,Ford,expedition 4x4,Sport utility vehicle: Standard,3.5,6,AS6,X,16.2,11.9,14.3,20,334,3.0,
2016,Ford,expedition el 4x4,Sport utility vehicle: Standard,3.5,6,AS6,X,16.4,12.1,14.4,20,338,3.0,
2016,Ford,explorer,Sport utility vehicle: Standard,2.3,4,AS6,X,12.6,8.5,10.8,26,253,5.0,
2016,Ford,explorer ffv,Sport utility vehicle: Standard,3.5,6,AS6,X,13.9,9.6,12.0,24,280,4.0,
2016,Ford,explorer ffv,Sport utility vehicle: Standard,3.5,6,AS6,E,18.7,12.9,16.1,18,264,5.0,
2016,Ford,explorer awd,Sport utility vehicle: Standard,2.3,4,AS6,X,13.1,9.1,11.3,25,265,5.0,
2016,Ford,explorer awd,Sport utility vehicle: Standard,3.5,6,AS6,X,14.9,10.7,13.0,22,305,4.0,
2016,Ford,explorer ffv awd,Sport utility vehicle: Standard,3.5,6,AS6,X,14.4,10.4,12.6,22,295,4.0,
2016,Ford,explorer ffv awd,Sport utility vehicle: Standard,3.5,6,AS6,E,19.7,14.1,17.2,16,282,4.0,
2016,Ford,f-150,Pickup truck: Standard,2.7,6,AS6,X,12.3,9.2,10.9,26,256,5.0,
2016,Ford,f-150 (payload pkg),Pickup truck: Standard,2.7,6,AS6,X,13.1,9.8,11.2,25,263,5.0,
2016,Ford,f-150,Pickup truck: Standard,3.5,6,AS6,X,13.5,9.8,11.9,24,278,4.0,
2016,Ford,f-150 ffv,Pickup truck: Standard,3.5,6,A6,X,13.2,9.6,11.6,24,272,4.0,
2016,Ford,f-150 ffv,Pickup truck: Standard,3.5,6,A6,E,17.9,13.0,15.7,18,261,5.0,
2016,Ford,f-150 (payload pkg),Pickup truck: Standard,3.5,6,AS6,X,14.7,10.7,12.9,22,303,4.0,
2016,Ford,f-150 ffv,Pickup truck: Standard,5.0,8,AS6,X,15.3,10.6,13.2,21,309,4.0,
2016,Ford,f-150 ffv,Pickup truck: Standard,5.0,8,AS6,E,20.6,14.3,17.8,16,292,4.0,
2016,Ford,f-150 ffv (payload pkg),Pickup truck: Standard,5.0,8,AS6,X,16.8,11.8,14.5,19,341,3.0,
2016,Ford,f-150 ffv (payload pkg),Pickup truck: Standard,5.0,8,AS6,E,20.6,14.3,17.8,16,293,4.0,
2016,Ford,f-150 4x4,Pickup truck: Standard,2.7,6,AS6,X,13.1,10.1,11.7,24,275,4.0,
2016,Ford,f-150 4x4 (payload pkg),Pickup truck: Standard,2.7,6,AS6,X,13.3,10.7,12.3,23,288,4.0,
2016,Ford,f-150 4x4,Pickup truck: Standard,3.5,6,AS6,X,14.7,10.7,12.9,22,303,4.0,
2016,Ford,f-150 ffv 4x4,Pickup truck: Standard,3.5,6,A6,X,14.0,10.6,12.5,23,292,4.0,
2016,Ford,f-150 ffv 4x4,Pickup truck: Standard,3.5,6,A6,E,19.1,14.3,16.9,17,278,4.0,
2016,Ford,f-150 4x4 (payload pkg),Pickup truck: Standard,3.5,6,AS6,X,15.6,11.7,13.8,20,324,3.0,
2016,Ford,f-150 ffv 4x4,Pickup truck: Standard,5.0,8,AS6,X,16.0,11.3,13.8,20,324,3.0,
2016,Ford,f-150 ffv 4x4,Pickup truck: Standard,5.0,8,AS6,E,21.6,15.1,18.7,15,306,4.0,
2016,Ford,f-150 ffv 4x4 (payload pkg),Pickup truck: Standard,5.0,8,AS6,X,16.8,12.4,14.8,19,347,3.0,
2016,Ford,f-150 ffv 4x4 (payload pkg),Pickup truck: Standard,5.0,8,AS6,E,21.8,15.3,18.8,15,310,4.0,
2016,Ford,fiesta sfe,Subcompact,1.0,3,M5,X,7.5,5.5,6.6,43,153,8.0,
2016,Ford,fiesta,Subcompact,1.6,4,AS6,X,8.7,6.4,7.6,37,180,7.0,
2016,Ford,fiesta,Subcompact,1.6,4,M5,X,8.5,6.5,7.6,37,179,7.0,
2016,Ford,fiesta st,Compact,1.6,4,M6,X,9.0,7.1,8.1,35,191,7.0,
2016,Ford,flex,Sport utility vehicle: Standard,3.5,6,AS6,X,14.7,10.2,12.7,22,298,4.0,
2016,Ford,flex awd,Sport utility vehicle: Standard,3.5,6,AS6,X,14.7,10.7,12.9,22,303,4.0,
2016,Ford,flex awd gtdi,Sport utility vehicle: Standard,3.5,6,AS6,X,15.7,11.2,13.7,21,322,3.0,
2016,Ford,focus,Compact,1.0,3,AS6,X,8.5,5.9,7.3,39,171,8.0,
2016,Ford,focus,Compact,1.0,3,M6,X,7.8,5.7,6.8,42,160,8.0,
2016,Ford,focus ffv,Compact,2.0,4,AM6,X,8.9,6.0,7.6,37,178,7.0,
2016,Ford,focus ffv,Compact,2.0,4,AM6,E,11.9,8.3,10.3,27,170,8.0,
2016,Ford,focus ffv,Compact,2.0,4,AS6,X,9.0,6.2,7.8,36,183,7.0,
2016,Ford,focus ffv,Compact,2.0,4,AS6,E,12.1,8.6,10.5,27,175,8.0,
2016,Ford,focus ffv,Compact,2.0,4,M5,X,9.2,6.6,8.0,35,188,7.0,
2016,Ford,focus ffv,Compact,2.0,4,M5,E,12.3,8.9,10.8,26,179,7.0,
2016,Ford,focus rs awd,Mid-size,2.3,4,M6,Z,12.1,9.3,10.9,26,255,5.0,
2016,Ford,focus st,Mid-size,2.0,4,M6,X,10.5,7.7,9.2,31,217,6.0,
2016,Ford,fusion,Mid-size,1.5,4,AS6,X,9.9,6.5,8.4,34,197,7.0,
2016,Ford,fusion (start/stop),Mid-size,1.5,4,AS6,X,9.4,6.3,8.0,35,188,7.0,
2016,Ford,fusion,Mid-size,2.0,4,AS6,X,10.5,7.0,8.9,32,210,6.0,
2016,Ford,fusion,Mid-size,2.5,4,AS6,X,10.5,6.9,8.9,32,209,6.0,
2016,Ford,fusion awd,Mid-size,2.0,4,AS6,X,10.8,7.5,9.3,30,220,6.0,
2016,Ford,fusion hybrid,Mid-size,2.0,4,AV,X,5.4,5.7,5.5,51,130,9.0,
2016,Ford,mustang,Subcompact,2.3,4,AS6,X,11.0,7.4,9.4,30,219,6.0,
2016,Ford,mustang,Subcompact,2.3,4,M6,X,10.6,7.6,9.2,31,217,6.0,
2016,Ford,mustang,Subcompact,3.7,6,AS6,X,12.6,8.5,10.7,26,253,5.0,
2016,Ford,mustang,Subcompact,3.7,6,M6,X,13.6,8.4,11.2,25,264,5.0,
2016,Ford,mustang,Subcompact,5.0,8,AS6,X,14.9,9.5,12.4,23,292,4.0,
2016,Ford,mustang,Subcompact,5.0,8,M6,X,15.5,9.4,12.7,22,298,4.0,
2016,Ford,mustang convertible,Subcompact,2.3,4,AS6,X,11.6,8.0,10.0,28,234,5.0,
2016,Ford,mustang convertible,Subcompact,5.0,8,AS6,X,15.4,10.0,13.0,22,304,4.0,
2016,Ford,shelby gt350 mustang,Subcompact,5.2,8,M6,Z,16.9,11.0,14.2,20,334,3.0,
2016,Ford,t-150 wagon,Van: Passenger,3.5,6,AS6,X,16.1,12.7,14.6,19,342,3.0,
2016,Ford,t-150 wagon ffv,Van: Passenger,3.7,6,AS6,X,16.8,13.2,15.2,19,356,3.0,
2016,Ford,t-150 wagon ffv,Van: Passenger,3.7,6,AS6,E,23.1,18.6,21.0,13,345,3.0,
2016,Ford,taurus,Full-size,2.0,4,AS6,X,11.8,8.1,10.1,28,237,5.0,
2016,Ford,taurus ffv,Full-size,3.5,6,AS6,X,13.1,8.7,11.1,25,260,5.0,
2016,Ford,taurus ffv,Full-size,3.5,6,AS6,E,17.6,11.6,14.9,19,248,5.0,
2016,Ford,taurus awd,Full-size,3.5,6,AS6,X,14.7,9.8,12.5,23,293,4.0,
2016,Ford,taurus ffv awd,Full-size,3.5,6,AS6,X,13.6,9.8,12.4,23,291,4.0,
2016,Ford,taurus ffv awd,Full-size,3.5,6,AS6,E,18.7,13.3,16.3,17,271,4.0,
2016,Ford,transit connect van,Special purpose vehicle,1.6,4,AS6,X,10.8,8.0,9.5,30,223,6.0,
2016,Ford,transit connect van,Special purpose vehicle,2.5,4,AS6,X,11.9,8.6,10.4,27,243,5.0,
2016,Ford,transit connect van ffv,Special purpose vehicle,2.5,4,AS6,X,11.9,8.6,10.4,27,243,5.0,
2016,Ford,transit connect van ffv,Special purpose vehicle,2.5,4,AS6,E,16.1,11.8,14.2,20,233,5.0,
2016,Ford,transit connect wagon,Special purpose vehicle,2.5,4,AS6,X,12.4,8.7,10.7,26,252,5.0,
2016,Ford,transit connect wagon ffv,Special purpose vehicle,2.5,4,AS6,X,12.4,8.7,10.7,26,252,5.0,
2016,Ford,transit connect wagon ffv,Special purpose vehicle,2.5,4,AS6,E,16.8,12.0,14.6,19,240,5.0,
2016,Ford,transit connect wagon lwb,Special purpose vehicle,2.5,4,AS6,X,12.4,8.7,10.7,26,252,5.0,
2016,Ford,transit connect wagon lwb ffv,Special purpose vehicle,2.5,4,AS6,X,12.4,8.7,10.7,26,252,5.0,
2016,Ford,transit connect wagon lwb ffv,Special purpose vehicle,2.5,4,AS6,E,16.8,12.0,14.6,19,240,5.0,
2016,GMC,acadia,Sport utility vehicle: Standard,3.6,6,A6,X,15.8,10.6,13.4,21,315,4.0,
2016,GMC,acadia awd,Sport utility vehicle: Standard,3.6,6,A6,X,16.1,10.8,13.7,21,323,3.0,
2016,GMC,canyon,Pickup truck: Small,2.5,4,A6,X,11.9,8.9,10.5,27,247,5.0,
2016,GMC,canyon,Pickup truck: Small,2.5,4,M6,X,12.2,9.1,10.8,26,253,5.0,
2016,GMC,canyon,Pickup truck: Small,2.8,4,A6,D,10.8,7.7,9.4,30,252,5.0,
2016,GMC,canyon,Pickup truck: Small,3.6,6,A6,X,13.0,9.2,11.3,25,265,5.0,
2016,GMC,canyon 4wd,Pickup truck: Small,2.5,4,A6,X,12.7,9.6,11.3,25,265,5.0,
2016,GMC,canyon 4wd,Pickup truck: Small,2.8,4,A6,D,12.0,8.2,10.3,27,277,4.0,
2016,GMC,canyon 4wd,Pickup truck: Small,3.6,6,A6,X,13.6,9.9,11.9,24,279,4.0,
2016,GMC,savana 2500 passenger,Van: Passenger,6.0,8,A6,X,22.0,14.9,18.8,15,441,1.0,
2016,GMC,savana 3500 passenger,Van: Passenger,6.0,8,A6,X,23.0,16.0,19.8,14,465,1.0,
2016,GMC,sierra ffv,Pickup truck: Standard,4.3,6,A6,X,13.5,10.0,11.9,24,280,4.0,
2016,GMC,sierra ffv,Pickup truck: Standard,4.3,6,A6,E,19.3,14.4,17.1,17,284,4.0,
2016,GMC,sierra,Pickup truck: Standard,5.3,8,A6,X,14.6,10.4,12.7,22,298,4.0,
2016,GMC,sierra ffv,Pickup truck: Standard,5.3,8,A6,X,14.6,10.4,12.7,22,298,4.0,
2016,GMC,sierra ffv,Pickup truck: Standard,5.3,8,A6,E,19.9,14.0,17.2,16,286,4.0,
2016,GMC,sierra,Pickup truck: Standard,6.2,8,A8,Z,16.1,11.4,14.0,20,327,3.0,
2016,GMC,sierra 4wd ffv,Pickup truck: Standard,4.3,6,A6,X,14.2,10.7,12.6,22,296,4.0,
2016,GMC,sierra 4wd ffv,Pickup truck: Standard,4.3,6,A6,E,20.3,15.3,18.1,16,301,4.0,
2016,GMC,sierra 4wd,Pickup truck: Standard,5.3,8,A6,X,15.0,10.7,13.1,22,307,4.0,
2016,GMC,sierra 4wd ffv,Pickup truck: Standard,5.3,8,A6,X,15.0,10.7,13.1,22,306,4.0,
2016,GMC,sierra 4wd ffv,Pickup truck: Standard,5.3,8,A6,E,20.5,14.4,17.8,16,295,4.0,
2016,GMC,sierra eassist 4wd,Pickup truck: Standard,5.3,8,A8,X,14.4,11.2,13.0,22,304,4.0,
2016,GMC,sierra 4wd,Pickup truck: Standard,6.2,8,A8,Z,16.3,11.6,14.2,20,332,3.0,
2016,GMC,terrain,Sport utility vehicle: Small,2.4,4,A6,X,10.5,7.3,9.1,31,214,6.0,
2016,GMC,terrain ffv,Sport utility vehicle: Small,2.4,4,A6,X,10.5,7.3,9.1,31,214,6.0,
2016,GMC,terrain ffv,Sport utility vehicle: Small,2.4,4,A6,E,15.6,10.8,13.4,21,221,6.0,
2016,GMC,terrain,Sport utility vehicle: Small,3.6,6,A6,X,14.2,9.5,12.1,23,285,4.0,
2016,GMC,terrain awd,Sport utility vehicle: Small,2.4,4,A6,X,11.5,8.2,10.0,28,235,5.0,
2016,GMC,terrain awd,Sport utility vehicle: Small,3.6,6,A6,X,14.9,10.1,12.8,22,300,4.0,
2016,GMC,yukon,Sport utility vehicle: Standard,5.3,8,A6,X,15.1,10.4,13.0,22,304,4.0,
2016,GMC,yukon ffv,Sport utility vehicle: Standard,5.3,8,A6,X,15.1,10.4,13.0,22,304,4.0,
2016,GMC,yukon ffv,Sport utility vehicle: Standard,5.3,8,A6,E,20.5,14.0,17.6,16,288,4.0,
2016,GMC,yukon 4wd,Sport utility vehicle: Standard,5.3,8,A6,X,15.2,10.8,13.2,21,310,4.0,
2016,GMC,yukon 4wd ffv,Sport utility vehicle: Standard,5.3,8,A6,X,15.2,10.8,13.2,21,310,4.0,
2016,GMC,yukon 4wd ffv,Sport utility vehicle: Standard,5.3,8,A6,E,20.9,14.5,18.0,16,300,4.0,
2016,GMC,yukon 4wd,Sport utility vehicle: Standard,6.2,8,A8,Z,15.9,11.1,13.8,20,323,3.0,
2016,GMC,yukon xl,Sport utility vehicle: Standard,5.3,8,A6,X,15.1,10.4,13.0,22,304,4.0,
2016,GMC,yukon xl ffv,Sport utility vehicle: Standard,5.3,8,A6,X,15.1,10.4,13.0,22,304,4.0,
2016,GMC,yukon xl ffv,Sport utility vehicle: Standard,5.3,8,A6,E,20.5,14.0,17.6,16,288,4.0,
2016,GMC,yukon xl 4wd,Sport utility vehicle: Standard,5.3,8,A6,X,15.4,10.8,13.3,21,312,4.0,
2016,GMC,yukon xl 4wd ffv,Sport utility vehicle: Standard,5.3,8,A6,X,15.4,10.8,13.3,21,312,4.0,
2016,GMC,yukon xl 4wd ffv,Sport utility vehicle: Standard,5.3,8,A6,E,22.2,15.3,19.1,15,317,3.0,
2016,GMC,yukon xl 4wd,Sport utility vehicle: Standard,6.2,8,A8,Z,16.4,11.7,14.3,20,334,3.0,
2016,Honda,accord,Mid-size,2.4,4,M6,X,10.3,7.2,8.9,32,207,6.0,
2016,Honda,accord coupe,Mid-size,3.5,6,AS6,X,11.4,7.3,9.5,30,223,6.0,
2016,Honda,accord coupe,Mid-size,3.5,6,M6,X,12.9,8.3,10.9,26,253,5.0,
2016,Honda,accord sedan,Mid-size,2.4,4,AV,X,8.6,6.4,7.6,37,177,7.0,
2016,Honda,accord sedan,Mid-size,3.5,6,A6,X,11.3,7.0,9.4,30,219,6.0,
2016,Honda,accord sport,Mid-size,2.4,4,AV7,X,9.1,6.8,8.0,35,187,7.0,
2016,Honda,civic coupe,Compact,1.5,4,AV,X,7.5,5.6,6.7,42,155,8.0,
2016,Honda,civic coupe,Compact,2.0,4,AV,X,7.8,5.8,6.9,41,162,8.0,
2016,Honda,civic coupe,Compact,2.0,4,M6,X,8.9,6.1,7.7,37,179,7.0,
2016,Honda,civic sedan,Mid-size,1.5,4,AV,X,7.6,5.5,6.7,42,157,8.0,
2016,Honda,civic sedan,Mid-size,2.0,4,AV,X,7.8,5.8,6.9,41,162,8.0,
2016,Honda,civic sedan,Mid-size,2.0,4,M6,X,8.8,5.9,7.5,38,176,7.0,
2016,Honda,cr-v,Sport utility vehicle: Small,2.4,4,AV,X,8.8,6.9,7.9,36,186,7.0,
2016,Honda,cr-v awd,Sport utility vehicle: Small,2.4,4,AV,X,9.5,7.5,8.6,33,202,6.0,
2016,Honda,cr-z,Two-seater,1.5,4,AV7,X,7.0,6.4,6.8,42,157,8.0,
2016,Honda,cr-z,Two-seater,1.5,4,M6,X,7.9,6.5,7.3,39,169,8.0,
2016,Honda,fit,Station wagon: Small,1.5,4,AV,X,7.0,5.7,6.4,44,150,8.0,
2016,Honda,fit,Station wagon: Small,1.5,4,AV7,X,7.3,6.1,6.8,42,158,8.0,
2016,Honda,fit,Station wagon: Small,1.5,4,M6,X,8.1,6.4,7.3,39,171,8.0,
2016,Honda,hr-v,Sport utility vehicle: Small,1.8,4,AV,X,8.3,6.7,7.6,37,177,7.0,
2016,Honda,hr-v,Sport utility vehicle: Small,1.8,4,AV7,X,8.3,6.7,7.6,37,177,7.0,
2016,Honda,hr-v,Sport utility vehicle: Small,1.8,4,M6,X,9.3,7.0,8.3,34,193,7.0,
2016,Honda,hr-v awd,Sport utility vehicle: Small,1.8,4,AV,X,8.8,7.2,8.1,35,190,7.0,
2016,Honda,hr-v awd,Sport utility vehicle: Small,1.8,4,AV7,X,8.8,7.2,8.1,35,190,7.0,
2016,Honda,odyssey,Minivan,3.5,6,A6,X,12.3,8.5,10.6,27,250,5.0,
2016,Honda,pilot,Sport utility vehicle: Small,3.5,6,A6,X,12.4,8.8,10.8,26,253,5.0,
2016,Honda,pilot awd,Sport utility vehicle: Small,3.5,6,A6,X,13.0,9.3,11.3,25,265,5.0,
2016,Honda,pilot awd,Sport utility vehicle: Small,3.5,6,AS9,X,12.4,9.3,11.0,26,257,5.0,
2016,Hyundai,accent,Compact,1.6,4,AS6,X,8.9,6.3,7.7,37,179,7.0,
2016,Hyundai,accent,Compact,1.6,4,M6,X,8.7,6.3,7.6,37,176,7.0,
2016,Hyundai,elantra,Mid-size,1.8,4,AS6,X,8.5,6.3,7.5,38,176,7.0,
2016,Hyundai,elantra,Mid-size,1.8,4,M6,X,8.8,6.4,7.7,37,180,7.0,
2016,Hyundai,elantra,Mid-size,2.0,4,AS6,X,9.7,6.7,8.3,34,194,7.0,
2016,Hyundai,elantra,Mid-size,2.0,4,M6,X,9.8,7.0,8.5,33,198,7.0,
2016,Hyundai,elantra gt,Mid-size,2.0,4,AS6,X,9.8,7.2,8.6,33,203,6.0,
2016,Hyundai,elantra gt,Mid-size,2.0,4,M6,X,9.8,7.1,8.6,33,202,6.0,
2016,Hyundai,equus,Full-size,5.0,8,AS8,Z,15.8,10.2,13.3,21,312,4.0,
2016,Hyundai,genesis awd,Full-size,3.8,6,AS8,X,14.4,9.4,12.1,23,285,4.0,
2016,Hyundai,genesis awd,Full-size,5.0,8,AS8,Z,17.3,10.5,14.2,20,332,3.0,
2016,Hyundai,genesis coupe,Subcompact,3.8,6,AS8,Z,14.4,9.5,12.2,23,284,4.0,
2016,Hyundai,genesis coupe,Subcompact,3.8,6,M6,Z,14.1,9.6,12.1,23,283,4.0,
2016,Hyundai,santa fe,Sport utility vehicle: Small,3.3,6,AS6,X,12.9,9.4,11.3,25,265,5.0,
2016,Hyundai,santa fe awd,Sport utility vehicle: Small,3.3,6,AS6,X,13.0,9.7,11.5,25,269,5.0,
2016,Hyundai,santa fe ultimate awd,Sport utility vehicle: Small,3.3,6,AS6,X,13.9,10.8,12.5,23,295,4.0,
2016,Hyundai,santa fe sport,Sport utility vehicle: Small,2.4,4,AS6,X,11.7,8.7,10.3,27,239,5.0,
2016,Hyundai,santa fe sport awd,Sport utility vehicle: Small,2.0,4,AS6,X,12.9,9.7,11.5,25,266,5.0,
2016,Hyundai,santa fe sport awd,Sport utility vehicle: Small,2.4,4,AS6,X,12.5,9.3,11.1,25,257,5.0,
2016,Hyundai,sonata,Full-size,2.0,4,AS6,X,10.4,7.4,9.1,31,214,6.0,
2016,Hyundai,sonata,Full-size,2.4,4,AS6,X,9.4,6.5,8.1,35,191,7.0,
2016,Hyundai,sonata sport/limited,Full-size,2.4,4,AS6,X,10.0,7.0,8.6,33,204,6.0,
2016,Hyundai,sonata hybrid,Mid-size,2.0,4,AM6,X,5.9,5.3,5.6,50,133,9.0,
2016,Hyundai,sonata hybrid limited,Mid-size,2.0,4,AM6,X,6.0,5.5,5.8,49,136,9.0,
2016,Hyundai,tucson,Sport utility vehicle: Small,2.0,4,AS6,X,10.1,7.6,9.0,31,211,6.0,
2016,Hyundai,tucson awd,Sport utility vehicle: Small,1.6,4,AM7,X,9.9,8.4,9.2,31,219,6.0,
2016,Hyundai,tucson awd,Sport utility vehicle: Small,2.0,4,AS6,X,11.0,9.0,10.1,28,240,5.0,
2016,Hyundai,veloster,Compact,1.6,4,AM6,X,8.3,6.5,7.5,38,177,7.0,
2016,Hyundai,veloster,Compact,1.6,4,M6,X,8.8,6.7,7.8,36,186,7.0,
2016,Hyundai,veloster turbo,Compact,1.6,4,AM6,X,8.9,7.1,8.1,35,191,7.0,
2016,Hyundai,veloster turbo,Compact,1.6,4,M6,X,9.4,7.0,8.3,34,197,7.0,
2016,Infiniti,q50,Mid-size,2.0,4,AS7,Z,10.2,7.7,9.1,31,214,6.0,
2016,Infiniti,q50,Mid-size,3.0,6,AS7,Z,12.1,8.1,10.3,27,242,5.0,
2016,Infiniti,q50 awd,Mid-size,2.0,4,AS7,Z,10.6,8.4,9.6,29,226,5.0,
2016,Infiniti,q50 awd,Mid-size,3.0,6,AS7,Z,12.3,8.5,10.6,27,249,5.0,
2016,Infiniti,q50 hybrid,Compact,3.5,6,AS7,Z,8.4,6.9,7.7,37,181,7.0,
2016,Infiniti,q50 hybrid awd,Compact,3.5,6,AS7,Z,8.7,7.6,8.2,34,193,7.0,
2016,Infiniti,q50s awd,Mid-size,3.0,6,AS7,Z,12.9,9.0,11.1,25,262,5.0,
2016,Infiniti,q50s red sport,Mid-size,3.0,6,AS7,Z,11.8,8.8,10.5,27,247,5.0,
2016,Infiniti,q50s red sport awd,Mid-size,3.0,6,AS7,Z,12.3,9.1,10.8,26,256,5.0,
2016,Infiniti,q70 awd,Mid-size,3.7,6,AS7,Z,13.2,9.7,11.6,24,274,4.0,
2016,Infiniti,q70 awd,Mid-size,5.6,8,AS7,Z,14.9,10.2,12.8,22,300,4.0,
2016,Infiniti,q70 hybrid,Mid-size,3.5,6,AS7,Z,8.0,6.9,7.5,38,177,7.0,
2016,Infiniti,qx50 awd,Station wagon: Small,3.7,6,AS7,Z,13.7,9.7,11.9,24,279,4.0,
2016,Infiniti,qx60,Sport utility vehicle: Small,3.5,6,AV7,Z,11.8,8.5,10.3,27,242,5.0,
2016,Infiniti,qx60 awd,Sport utility vehicle: Small,3.5,6,AV7,Z,12.2,8.9,10.7,26,252,5.0,
2016,Infiniti,qx60 hybrid awd,Sport utility vehicle: Standard,2.5,4,AV7,X,8.9,8.4,8.7,32,204,6.0,
2016,Infiniti,qx70 awd,Sport utility vehicle: Small,3.7,6,AS7,Z,14.5,10.7,12.8,22,301,4.0,
2016,Infiniti,qx80 4wd,Sport utility vehicle: Standard,5.6,8,AS7,Z,17.4,12.2,15.1,19,354,3.0,
2016,Jaguar,f-type convertible,Two-seater,3.0,6,AS8,Z,12.1,8.5,10.5,27,246,5.0,
2016,Jaguar,f-type convertible,Two-seater,3.0,6,M6,Z,14.9,9.8,12.6,22,296,4.0,
2016,Jaguar,f-type coupe,Two-seater,3.0,6,AS8,Z,12.1,8.5,10.5,27,246,5.0,
2016,Jaguar,f-type coupe,Two-seater,3.0,6,M6,Z,14.9,9.8,12.6,22,296,4.0,
2016,Jaguar,f-type project 7 convertible,Two-seater,5.0,8,AS8,Z,15.0,10.2,12.8,22,302,4.0,
2016,Jaguar,f-type r awd convertible,Two-seater,5.0,8,AS8,Z,15.7,10.4,13.3,21,311,4.0,
2016,Jaguar,f-type r awd coupe,Two-seater,5.0,8,AS6,Z,15.7,10.4,13.3,21,311,4.0,
2016,Jaguar,f-type s convertible,Two-seater,3.0,6,AS8,Z,12.5,8.7,10.8,26,254,5.0,
2016,Jaguar,f-type s convertible,Two-seater,3.0,6,M6,Z,15.3,9.9,12.9,22,302,4.0,
2016,Jaguar,f-type s convertible awd,Two-seater,3.0,6,AS8,Z,13.0,9.1,11.3,25,264,5.0,
2016,Jaguar,f-type s coupe,Two-seater,3.0,6,AS8,Z,12.5,8.7,10.8,26,254,5.0,
2016,Jaguar,f-type s coupe,Two-seater,3.0,6,M6,Z,15.3,9.9,12.9,22,302,4.0,
2016,Jaguar,f-type s coupe awd,Two-seater,3.0,6,AS8,Z,13.0,9.1,11.3,25,264,5.0,
2016,Jaguar,xf awd ,Mid-size,3.0,6,AS8,Z,11.9,8.3,10.3,27,241,5.0,
2016,Jaguar,xj r-sport 3.0 awd,Full-size,3.0,6,AS8,Z,14.0,8.9,11.7,24,275,4.0,
2016,Jaguar,xjl 3.0 awd portfolio,Full-size,3.0,6,AS8,Z,14.1,9.3,11.9,24,279,4.0,
2016,Jaguar,xjr,Full-size,5.0,8,AS8,Z,15.8,10.2,13.3,21,313,4.0,
2016,Jaguar,xjr lwb,Full-size,5.0,8,AS8,Z,15.8,10.2,13.3,21,313,4.0,
2016,Jeep,cherokee,Sport utility vehicle: Small,2.4,4,A9,X,10.9,7.7,9.5,30,223,6.0,
2016,Jeep,cherokee ffv,Sport utility vehicle: Small,2.4,4,A9,X,10.9,7.7,9.5,30,223,6.0,
2016,Jeep,cherokee ffv,Sport utility vehicle: Small,2.4,4,A9,E,15.2,10.2,12.9,22,213,6.0,
2016,Jeep,cherokee,Sport utility vehicle: Small,3.2,6,A9,X,11.4,8.1,9.9,29,233,5.0,
2016,Jeep,cherokee 4x4,Sport utility vehicle: Small,2.4,4,A9,X,11.3,8.3,10.0,28,233,5.0,
2016,Jeep,cherokee 4x4 ffv,Sport utility vehicle: Small,2.4,4,A9,X,11.3,8.3,10.0,28,233,5.0,
2016,Jeep,cherokee 4x4 ffv,Sport utility vehicle: Small,2.4,4,A9,E,15.9,11.0,13.7,21,226,5.0,
2016,Jeep,cherokee 4x4,Sport utility vehicle: Small,3.2,6,A9,X,11.6,8.5,10.2,28,240,5.0,
2016,Jeep,cherokee 4x4 active drive ii,Sport utility vehicle: Small,2.4,4,A9,X,11.4,8.6,10.1,28,238,5.0,
2016,Jeep,cherokee 4x4 active drive ii,Sport utility vehicle: Small,3.2,6,A9,X,12.5,8.9,10.9,26,256,5.0,
2016,Jeep,cherokee trailhawk 4x4,Sport utility vehicle: Small,2.4,4,A9,X,12.1,9.4,10.9,26,255,5.0,
2016,Jeep,cherokee trailhawk 4x4,Sport utility vehicle: Small,3.2,6,A9,X,12.2,9.0,10.8,26,253,5.0,
2016,Jeep,compass,Sport utility vehicle: Small,2.0,4,AV,X,10.8,8.9,10.0,28,234,5.0,
2016,Jeep,compass,Sport utility vehicle: Small,2.0,4,M5,X,10.3,7.8,9.2,31,214,6.0,
2016,Jeep,compass,Sport utility vehicle: Small,2.4,4,A6,X,11.2,8.6,10.0,28,235,5.0,
2016,Jeep,compass,Sport utility vehicle: Small,2.4,4,M5,X,10.2,8.2,9.3,30,218,6.0,
2016,Jeep,compass 4x4,Sport utility vehicle: Small,2.4,4,A6,X,11.7,9.1,10.5,27,248,5.0,
2016,Jeep,compass 4x4,Sport utility vehicle: Small,2.4,4,M5,X,10.6,8.6,9.7,29,228,5.0,
2016,Jeep,compass 4x4 trail rated,Sport utility vehicle: Small,2.4,4,AV,X,11.7,10.3,11.1,25,259,5.0,
2016,Jeep,grand cherokee 4x4,Sport utility vehicle: Standard,3.6,6,A8,X,12.8,9.5,11.3,25,265,5.0,
2016,Jeep,grand cherokee 4x4 (mds),Sport utility vehicle: Standard,5.7,8,A8,X,16.7,10.7,14.0,20,329,3.0,
2016,Jeep,grand cherokee srt 4x4 (mds),Sport utility vehicle: Standard,6.4,8,A8,Z,18.5,12.6,15.8,18,370,2.0,
2016,Jeep,patriot,Sport utility vehicle: Small,2.0,4,AV,X,10.8,8.9,10.0,28,234,5.0,
2016,Jeep,patriot,Sport utility vehicle: Small,2.0,4,M5,X,10.3,7.8,9.2,31,214,6.0,
2016,Jeep,patriot,Sport utility vehicle: Small,2.4,4,A6,X,11.2,8.6,10.0,28,235,5.0,
2016,Jeep,patriot,Sport utility vehicle: Small,2.4,4,M5,X,10.2,8.2,9.3,30,218,6.0,
2016,Jeep,patriot 4x4,Sport utility vehicle: Small,2.4,4,A6,X,11.7,9.1,10.5,27,248,5.0,
2016,Jeep,patriot 4x4,Sport utility vehicle: Small,2.4,4,M5,X,10.6,8.6,9.7,29,228,5.0,
2016,Jeep,patriot 4x4 trail rated,Sport utility vehicle: Small,2.4,4,AV,X,11.7,10.3,11.1,25,259,5.0,
2016,Jeep,renegade,Sport utility vehicle: Small,1.4,4,M6,X,9.9,7.5,8.8,32,207,6.0,
2016,Jeep,renegade ffv,Sport utility vehicle: Small,2.4,4,A9,X,10.8,7.7,9.4,30,220,6.0,
2016,Jeep,renegade ffv,Sport utility vehicle: Small,2.4,4,A9,E,14.2,9.9,12.2,23,201,6.0,
2016,Jeep,renegade 4x4,Sport utility vehicle: Small,1.4,4,M6,X,9.9,7.5,8.8,32,203,6.0,
2016,Jeep,renegade 4x4,Sport utility vehicle: Small,2.4,4,A9,X,11.2,8.0,9.8,29,229,5.0,
2016,Jeep,wrangler 4x4,Sport utility vehicle: Small,3.6,6,A5,X,14.1,11.1,12.8,22,299,4.0,
2016,Jeep,wrangler 4x4,Sport utility vehicle: Small,3.6,6,M6,X,14.2,11.0,12.8,22,299,4.0,
2016,Jeep,wrangler unlimited 4x4,Sport utility vehicle: Small,3.6,6,A5,X,14.8,11.7,13.4,21,314,4.0,
2016,Jeep,wrangler unlimited 4x4,Sport utility vehicle: Small,3.6,6,M6,X,15.0,11.4,13.4,21,312,4.0,
2016,Kia,cadenza,Full-size,3.3,6,AS6,X,12.7,8.4,10.7,26,251,5.0,
2016,Kia,forte,Mid-size,1.8,4,AS6,X,8.9,6.1,7.6,37,179,7.0,
2016,Kia,forte,Mid-size,1.8,4,M6,X,9.3,6.3,7.9,36,186,7.0,
2016,Kia,forte,Mid-size,2.0,4,AS6,X,9.7,6.7,8.3,34,196,7.0,
2016,Kia,forte,Mid-size,2.0,4,M6,X,9.8,6.9,8.5,33,198,7.0,
2016,Kia,forte 5,Full-size,1.6,4,AS6,X,11.1,8.0,9.7,29,228,5.0,
2016,Kia,forte 5,Full-size,1.6,4,M6,X,11.1,8.2,9.8,29,227,5.0,
2016,Kia,forte 5,Full-size,2.0,4,AS6,X,9.5,7.2,8.5,33,199,7.0,
2016,Kia,forte 5,Full-size,2.0,4,M6,X,9.7,6.9,8.4,34,197,7.0,
2016,Kia,forte koup,Compact,1.6,4,AS6,X,10.6,7.8,9.4,30,218,6.0,
2016,Kia,forte koup,Compact,1.6,4,M6,X,10.8,8.1,9.6,29,222,6.0,
2016,Kia,forte koup,Compact,2.0,4,AS6,X,9.7,7.1,8.6,33,200,7.0,
2016,Kia,forte koup,Compact,2.0,4,M6,X,10.0,7.4,8.8,32,206,6.0,
2016,Kia,k900,Full-size,3.8,6,AS8,X,13.9,9.2,11.8,24,278,4.0,
2016,Kia,k900,Full-size,5.0,8,AS8,X,15.6,10.6,13.4,21,318,3.0,
2016,Kia,optima,Full-size,1.6,4,AM7,X,8.4,6.1,7.4,38,175,8.0,
2016,Kia,optima,Full-size,2.0,4,AS6,X,10.9,7.4,9.3,30,222,6.0,
2016,Kia,optima,Full-size,2.4,4,AS6,X,9.4,6.5,8.1,35,193,7.0,
2016,Kia,optima hybrid,Mid-size,2.4,4,AM6,X,6.6,5.9,6.3,45,147,9.0,
2016,Kia,optima hybrid ex,Mid-size,2.4,4,AM6,X,6.7,6.1,6.4,44,150,8.0,
2016,Kia,rio,Compact,1.6,4,AS6,X,8.7,6.3,7.7,37,178,7.0,
2016,Kia,rio,Compact,1.6,4,M6,X,8.8,6.4,7.7,37,179,7.0,
2016,Kia,rio eco,Compact,1.6,4,AS6,X,8.5,6.3,7.6,37,175,8.0,
2016,Kia,rondo,Station wagon: Mid-size,2.0,4,AS6,X,10.1,7.6,9.0,31,214,6.0,
2016,Kia,rondo,Station wagon: Mid-size,2.0,4,M6,X,10.4,7.8,9.3,30,220,6.0,
2016,Kia,sedona,Minivan,3.3,6,AS6,X,13.2,9.7,11.6,24,275,4.0,
2016,Kia,sedona sx,Minivan,3.3,6,AS6,X,12.9,9.5,11.4,25,269,5.0,
2016,Kia,sedona sxl,Minivan,3.3,6,AS6,X,14.2,10.5,12.5,23,296,4.0,
2016,Kia,sorento,Sport utility vehicle: Small,2.0,4,AS6,X,11.7,8.6,10.3,27,245,5.0,
2016,Kia,sorento,Sport utility vehicle: Small,2.4,4,AS6,X,11.1,8.2,9.8,29,233,5.0,
2016,Kia,sorento awd,Sport utility vehicle: Small,2.0,4,AS6,X,12.3,9.3,10.9,26,259,5.0,
2016,Kia,sorento awd,Sport utility vehicle: Small,2.4,4,AS6,X,11.4,9.2,10.4,27,245,5.0,
2016,Kia,sorento awd,Sport utility vehicle: Small,3.3,6,AS6,X,13.4,9.4,11.6,24,275,4.0,
2016,Kia,soul,Station wagon: Small,1.6,4,AS6,X,9.8,7.8,8.9,32,206,6.0,
2016,Kia,soul,Station wagon: Small,1.6,4,M6,X,9.9,7.8,9.0,31,208,6.0,
2016,Kia,soul,Station wagon: Small,2.0,4,AS6,X,9.8,7.5,8.8,32,208,6.0,
2016,Kia,soul eco dynamics,Station wagon: Small,2.0,4,AS6,X,9.7,7.7,8.8,32,208,6.0,
2016,Kia,sportage,Sport utility vehicle: Small,2.4,4,AS6,X,11.4,8.3,10.0,28,231,5.0,
2016,Kia,sportage,Sport utility vehicle: Small,2.4,4,M6,X,12.9,9.2,11.3,25,261,5.0,
2016,Kia,sportage awd,Sport utility vehicle: Small,2.0,4,AS6,X,12.6,9.7,11.3,25,261,5.0,
2016,Kia,sportage awd,Sport utility vehicle: Small,2.4,4,AS6,X,12.0,9.3,10.8,26,251,5.0,
2016,Lamborghini,aventador coupe,Two-seater,6.5,12,AM7,Z,22.2,12.7,17.9,16,420,1.0,
2016,Lamborghini,aventador roadster,Two-seater,6.5,12,AM7,Z,23.6,14.1,19.3,15,452,1.0,
2016,Lamborghini,huracan,Two-seater,5.2,10,AM7,Z,16.4,11.4,14.2,20,331,3.0,
2016,Lamborghini,huracan spyder,Two-seater,5.2,10,AM7,Z,16.9,11.8,14.6,19,340,3.0,
2016,Land Rover,discovery sport,Sport utility vehicle: Small,2.0,4,AS9,Z,11.9,9.0,10.6,27,248,5.0,
2016,Land Rover,lr4,Sport utility vehicle: Standard,3.0,6,AS8,Z,16.2,12.1,14.3,20,336,3.0,
2016,Land Rover,range rover,Sport utility vehicle: Standard,3.0,6,AS8,Z,14.2,10.2,12.4,23,291,4.0,
2016,Land Rover,range rover td6 diesel,Sport utility vehicle: Standard,3.0,6,AS8,D,10.6,8.1,9.4,30,254,5.0,
2016,Land Rover,range rover supercharged,Sport utility vehicle: Standard,5.0,8,AS8,Z,17.2,12.5,15.1,19,356,3.0,
2016,Land Rover,range rover supercharged lwb,Sport utility vehicle: Standard,5.0,8,AS8,Z,17.2,12.5,15.1,19,356,3.0,
2016,Land Rover,range rover sport,Sport utility vehicle: Standard,3.0,6,AS8,Z,14.2,10.2,12.4,23,291,4.0,
2016,Land Rover,range rover sport td6 diesel,Sport utility vehicle: Standard,3.0,6,AS8,D,10.6,8.1,9.4,30,254,5.0,
2016,Land Rover,range rover sport supercharged,Sport utility vehicle: Standard,5.0,8,AS8,Z,16.6,12.3,14.7,19,344,3.0,
2016,Land Rover,range rover evoque,Sport utility vehicle: Small,2.0,4,AS9,Z,11.3,7.9,9.7,29,229,5.0,
2016,Lexus,ct 200h,Compact,1.8,4,AV,X,5.5,5.9,5.7,50,132,9.0,
2016,Lexus,es 300h,Mid-size,2.5,4,AV6,X,5.8,6.1,5.9,48,139,9.0,
2016,Lexus,es 350,Mid-size,3.5,6,AS6,X,11.4,7.6,9.7,29,225,6.0,
2016,Lexus,gs 200t,Mid-size,2.0,4,AS8,Z,10.6,7.2,9.0,31,212,6.0,
2016,Lexus,gs 200t f sport,Mid-size,2.0,4,AS8,Z,11.3,7.8,9.7,29,227,5.0,
2016,Lexus,gs 350,Mid-size,3.5,6,AS8,Z,11.9,8.1,10.2,28,237,5.0,
2016,Lexus,gs 350 awd,Mid-size,3.5,6,AS6,Z,12.4,9.0,10.9,26,254,5.0,
2016,Lexus,gs 350 f sport,Mid-size,3.5,6,AS8,Z,12.5,8.6,10.7,26,251,5.0,
2016,Lexus,gs 450h,Mid-size,3.5,6,AV8,Z,8.1,6.9,7.6,37,177,7.0,
2016,Lexus,gs f,Compact,5.0,8,AS8,Z,14.9,9.7,12.5,23,293,4.0,
2016,Lexus,gx 460,Sport utility vehicle: Standard,4.6,8,AS6,Z,15.7,11.7,13.9,20,322,3.0,
2016,Lexus,is 200t,Compact,2.0,4,AS8,Z,10.6,7.2,9.0,31,212,6.0,
2016,Lexus,is 300 awd,Compact,3.5,6,AS6,Z,12.6,9.2,11.1,25,258,5.0,
2016,Lexus,is 350,Compact,3.5,6,AS8,Z,12.3,8.5,10.6,27,246,5.0,
2016,Lexus,is 350 awd,Compact,3.5,6,AS6,Z,12.6,9.2,11.1,25,258,5.0,
2016,Lexus,ls 460,Mid-size,4.6,8,AS8,Z,14.4,9.6,12.3,23,286,4.0,
2016,Lexus,ls 460 awd,Mid-size,4.6,8,AS8,Z,15.2,10.2,12.9,22,303,4.0,
2016,Lexus,ls 460 l awd,Mid-size,4.6,8,AS8,Z,15.2,10.2,12.9,22,303,4.0,
2016,Lexus,ls 600h l,Mid-size,5.0,8,AV8,Z,12.7,10.1,11.5,25,268,5.0,
2016,Lexus,lx 570,Sport utility vehicle: Standard,5.7,8,AS8,Z,18.3,12.9,15.9,18,371,2.0,
2016,Lexus,nx 200t awd,Sport utility vehicle: Small,2.0,4,AS6,Z,10.6,8.4,9.6,29,225,6.0,
2016,Lexus,nx 200t awd f sport,Sport utility vehicle: Small,2.0,4,AS6,Z,10.8,8.8,9.9,29,231,5.0,
2016,Lexus,nx 300h awd,Sport utility vehicle: Small,2.5,4,AV6,X,7.1,7.7,7.4,38,172,8.0,
2016,Lexus,rc 200t,Subcompact,2.0,4,AS8,Z,10.6,7.4,9.0,31,214,6.0,
2016,Lexus,rc 300 awd,Subcompact,3.5,6,AS6,Z,12.6,9.2,11.1,25,258,5.0,
2016,Lexus,rc 350,Subcompact,3.5,6,AS8,Z,12.3,8.5,10.6,27,246,5.0,
2016,Lexus,rc 350 awd,Subcompact,3.5,6,AS6,Z,12.6,9.2,11.1,25,258,5.0,
2016,Lexus,rc f,Subcompact,5.0,8,AS8,Z,15.2,9.5,12.6,22,289,4.0,
2016,Lexus,rx 350 awd,Sport utility vehicle: Small,3.5,6,AS8,X,12.2,8.9,10.7,26,251,5.0,
2016,Lexus,rx 450h awd,Sport utility vehicle: Standard,3.5,6,AV6,Z,7.7,8.2,8.0,35,186,7.0,
2016,Lincoln,mkc awd,Sport utility vehicle: Small,2.0,4,AS6,X,12.4,9.0,10.9,26,256,5.0,
2016,Lincoln,mkc awd,Sport utility vehicle: Small,2.3,4,AS6,X,12.8,9.1,11.1,25,261,5.0,
2016,Lincoln,mks awd,Full-size,3.5,6,AS6,X,14.7,9.8,12.5,23,293,4.0,
2016,Lincoln,mks awd,Full-size,3.7,6,AS6,X,14.2,9.8,12.2,23,287,4.0,
2016,Lincoln,mkt awd,Sport utility vehicle: Standard,3.5,6,AS6,X,15.7,11.2,13.7,21,322,3.0,
2016,Lincoln,mkt livery,Special purpose vehicle,2.0,4,AS6,X,13.1,9.4,11.4,25,268,5.0,
2016,Lincoln,mkt livery awd,Special purpose vehicle,3.7,6,A6,X,14.7,10.2,12.7,22,298,4.0,
2016,Lincoln,mkx awd,Sport utility vehicle: Small,2.7,6,AS6,X,14.1,9.7,12.1,23,283,4.0,
2016,Lincoln,mkx awd,Sport utility vehicle: Small,3.7,6,AS6,X,14.4,10.3,12.5,23,293,4.0,
2016,Lincoln,mkz,Mid-size,2.0,4,AS6,X,10.5,7.0,8.9,32,210,6.0,
2016,Lincoln,mkz,Mid-size,3.7,6,AS6,X,12.8,8.7,10.9,26,257,5.0,
2016,Lincoln,mkz awd,Mid-size,2.0,4,AS6,X,10.8,7.5,9.3,30,220,6.0,
2016,Lincoln,mkz awd,Mid-size,3.7,6,AS6,X,13.8,9.7,11.9,24,279,4.0,
2016,Lincoln,mkz hybrid,Mid-size,2.0,4,AV,X,5.7,6.0,5.8,49,136,9.0,
2016,Lincoln,navigator 4x4,Sport utility vehicle: Standard,3.5,6,AS6,X,16.2,11.9,14.3,20,334,3.0,
2016,Lincoln,navigator l 4x4,Sport utility vehicle: Standard,3.5,6,AS6,X,16.1,12.4,14.4,20,339,3.0,
2016,Maserati,ghibli,Mid-size,3.0,6,AS8,Z,14.1,9.8,12.2,23,286,4.0,
2016,Maserati,ghibli s,Mid-size,3.0,6,AS8,Z,14.5,10.0,12.5,23,293,4.0,
2016,Maserati,ghibli sq4,Mid-size,3.0,6,AS8,Z,15.0,10.0,12.6,22,295,4.0,
2016,Maserati,granturismo,Subcompact,4.7,8,AS6,Z,18.2,11.4,15.1,19,357,2.0,
2016,Maserati,granturismo convertible,Subcompact,4.7,8,AS6,Z,18.2,11.6,15.2,19,360,2.0,
2016,Maserati,quattroporte s,Full-size,3.0,6,AS8,Z,15.2,10.2,12.9,22,300,4.0,
2016,Maserati,quattroporte sq4,Full-size,3.0,6,AS8,Z,15.1,10.2,12.9,22,302,4.0,
2016,Maserati,quattroporte gts,Full-size,3.8,8,AS8,Z,16.2,11.0,14.0,20,322,3.0,
2016,Mazda,cx-3,Compact,2.0,4,AS6,X,8.2,6.7,7.6,37,179,7.0,
2016,Mazda,cx-3 4wd,Compact,2.0,4,AS6,X,8.8,7.3,8.1,35,189,7.0,
2016,Mazda,cx-5,Sport utility vehicle: Small,2.0,4,AS6,X,9.0,7.3,8.2,34,192,7.0,
2016,Mazda,cx-5 (sil),Sport utility vehicle: Small,2.0,4,M6,X,9.0,6.8,8.0,35,188,7.0,
2016,Mazda,cx-5,Sport utility vehicle: Small,2.5,4,AS6,X,8.9,7.1,8.1,35,190,7.0,
2016,Mazda,cx-5 4wd,Sport utility vehicle: Small,2.0,4,AS6,X,9.3,7.6,8.5,33,199,7.0,
2016,Mazda,cx-5 4wd,Sport utility vehicle: Small,2.5,4,AS6,X,9.8,7.9,9.0,31,210,6.0,
2016,Mazda,mazda3 4-door,Compact,2.0,4,AS6,X,7.9,5.7,6.9,41,162,8.0,
2016,Mazda,mazda3 4-door (sil),Compact,2.0,4,M6,X,8.0,5.8,7.0,40,165,8.0,
2016,Mazda,mazda3 4-door,Compact,2.5,4,AS6,X,8.4,6.1,7.4,38,173,8.0,
2016,Mazda,mazda3 4-door (i-eloop),Compact,2.5,4,AS6,X,8.2,5.9,7.2,39,169,8.0,
2016,Mazda,mazda3 4-door (sil),Compact,2.5,4,M6,X,9.3,6.4,8.0,35,189,7.0,
2016,Mazda,mazda3 5-door,Mid-size,2.0,4,AS6,X,8.0,5.9,7.0,40,165,8.0,
2016,Mazda,mazda3 5-door (sil),Mid-size,2.0,4,M6,X,8.2,5.9,7.1,40,167,8.0,
2016,Mazda,mazda3 5-door,Mid-size,2.5,4,AS6,X,8.7,6.5,7.7,37,182,7.0,
2016,Mazda,mazda3 5-door (i-eloop),Mid-size,2.5,4,AS6,X,8.2,6.0,7.2,39,170,8.0,
2016,Mazda,mazda3 5-door (sil),Mid-size,2.5,4,M6,X,9.2,6.6,8.1,35,190,7.0,
2016,Mazda,mazda5,Minivan,2.5,4,AS5,X,10.8,8.3,9.7,29,226,5.0,
2016,Mazda,mazda5,Minivan,2.5,4,M6,X,11.1,8.3,9.8,29,229,5.0,
2016,Mazda,mazda6,Mid-size,2.5,4,AS6,X,8.8,6.1,7.6,37,178,7.0,
2016,Mazda,mazda6 (i-eloop),Mid-size,2.5,4,AS6,X,8.5,5.9,7.3,39,171,8.0,
2016,Mazda,mazda6 (sil),Mid-size,2.5,4,M6,X,9.4,6.4,8.1,35,188,7.0,
2016,Mazda,mx-5,Two-seater,2.0,4,AS6,Z,8.9,6.5,7.8,36,183,7.0,
2016,Mazda,mx-5 (sil),Two-seater,2.0,4,M6,Z,8.8,6.9,7.8,36,183,7.0,
2016,Mercedes-Benz,amg c 63,Compact,4.0,8,AS7,Z,13.4,9.6,11.7,24,268,5.0,
2016,Mercedes-Benz,amg c 63 s,Compact,4.0,8,AS7,Z,13.4,9.6,11.7,24,268,5.0,
2016,Mercedes-Benz,amg cla 45,Compact,2.0,4,AS7,Z,10.2,7.7,9.1,31,214,6.0,
2016,Mercedes-Benz,amg cls 63 s 4matic,Compact,5.5,8,AS7,Z,15.1,10.8,13.1,22,308,4.0,
2016,Mercedes-Benz,amg e 63 s 4matic,Mid-size,5.5,8,AS7,Z,15.3,10.8,13.3,21,310,4.0,
2016,Mercedes-Benz,amg e 63 s 4matic wagon,Station wagon: Mid-size,5.5,8,AS7,Z,15.2,11.0,13.3,21,310,4.0,
2016,Mercedes-Benz,amg g 63,Sport utility vehicle: Standard,5.5,8,AS7,Z,20.0,16.6,18.5,15,417,1.0,
2016,Mercedes-Benz,amg g 65,Sport utility vehicle: Standard,6.0,12,AS7,Z,24.3,17.9,21.4,13,476,1.0,
2016,Mercedes-Benz,amg gl 63 s,Sport utility vehicle: Standard,5.5,8,AS7,Z,18.2,14.0,16.3,17,369,2.0,
2016,Mercedes-Benz,amg gla 45,Sport utility vehicle: Small,2.0,4,AS7,Z,10.3,8.1,9.3,30,216,6.0,
2016,Mercedes-Benz,amg gle 63 s 4matic,Sport utility vehicle: Standard,5.5,8,AS7,Z,17.3,13.5,15.6,18,366,2.0,
2016,Mercedes-Benz,amg gle 63 s coupe 4matic,Sport utility vehicle: Standard,5.5,8,AS7,Z,17.2,12.8,15.2,19,363,2.0,
2016,Mercedes-Benz,amg gt s,Two-seater,4.0,8,AM7,Z,14.5,10.8,12.8,22,303,4.0,
2016,Mercedes-Benz,amg s 63,Full-size,5.5,8,AS7,Z,15.7,10.1,13.2,21,313,4.0,
2016,Mercedes-Benz,amg s 63 coupe,Compact,5.5,8,AS7,Z,15.3,10.2,13.0,22,313,4.0,
2016,Mercedes-Benz,amg s 65,Full-size,6.0,12,AS7,Z,18.5,11.8,15.5,18,361,2.0,
2016,Mercedes-Benz,amg s 65 coupe,Compact,6.0,12,AS7,Z,18.0,11.3,15.0,19,355,3.0,
2016,Mercedes-Benz,amg sl 63,Two-seater,5.5,8,AS7,Z,14.7,9.5,12.4,23,298,4.0,
2016,Mercedes-Benz,amg sl 65,Two-seater,6.0,12,AS7,Z,16.7,11.2,14.2,20,335,3.0,
2016,Mercedes-Benz,amg slk 55,Two-seater,5.5,8,AS7,Z,12.4,8.5,10.6,27,252,5.0,
2016,Mercedes-Benz,b 250,Mid-size,2.0,4,AS7,Z,9.2,6.6,8.0,35,188,7.0,
2016,Mercedes-Benz,b 250 4matic,Mid-size,2.0,4,AS7,Z,10.0,7.5,8.9,32,206,6.0,
2016,Mercedes-Benz,c 300 4matic,Compact,2.0,4,AS7,Z,10.1,7.8,9.0,31,212,6.0,
2016,Mercedes-Benz,c 450 amg sport 4matic,Compact,3.0,6,AS7,Z,11.1,9.6,10.4,27,231,5.0,
2016,Mercedes-Benz,cla 250,Compact,2.0,4,AS7,Z,9.4,6.4,8.1,35,188,7.0,
2016,Mercedes-Benz,cla 250 4matic ffv,Compact,2.0,4,AS7,Z,9.8,7.1,8.6,33,198,7.0,
2016,Mercedes-Benz,cla 250 4matic ffv,Compact,2.0,4,AS7,E,13.1,9.8,11.6,24,198,7.0,
2016,Mercedes-Benz,cls 400 4matic,Compact,3.0,6,AS7,Z,12.2,8.8,10.7,26,252,5.0,
2016,Mercedes-Benz,cls 550 4matic,Compact,4.7,8,AS7,Z,13.7,9.3,11.7,24,277,4.0,
2016,Mercedes-Benz,e 250 bluetec 4matic,Mid-size,2.1,4,AS7,D,8.6,6.0,7.4,38,200,7.0,
2016,Mercedes-Benz,e 300 4matic,Mid-size,3.5,6,AS7,Z,11.9,8.2,10.2,28,240,5.0,
2016,Mercedes-Benz,e 400 4matic,Mid-size,3.0,6,AS7,Z,12.0,8.5,10.4,27,244,5.0,
2016,Mercedes-Benz,e 400 4matic coupe,Subcompact,3.0,6,AS7,Z,11.8,8.4,10.2,28,239,5.0,
2016,Mercedes-Benz,e 400 4matic wagon,Station wagon: Mid-size,3.0,6,AS7,Z,12.4,8.9,10.8,26,253,5.0,
2016,Mercedes-Benz,e 400 cabriolet,Subcompact,3.0,6,AS7,Z,11.5,8.1,10.0,28,233,5.0,
2016,Mercedes-Benz,e 550 4matic,Mid-size,4.7,8,AS7,Z,12.9,9.6,11.4,25,270,5.0,
2016,Mercedes-Benz,e 550 cabriolet,Subcompact,4.7,8,AS7,Z,13.7,9.2,11.7,24,275,4.0,
2016,Mercedes-Benz,e 550 coupe,Subcompact,4.7,8,AS7,Z,13.4,8.9,11.4,25,268,5.0,
2016,Mercedes-Benz,g 550,Sport utility vehicle: Standard,5.5,8,AS7,Z,19.0,16.5,17.9,16,401,2.0,
2016,Mercedes-Benz,gl 350 bluetec 4matic,Sport utility vehicle: Standard,3.0,6,AS7,D,13.6,10.0,12.0,24,322,3.0,
2016,Mercedes-Benz,gl 450 4matic,Sport utility vehicle: Standard,3.0,6,AS7,Z,15.2,12.6,14.0,20,298,4.0,
2016,Mercedes-Benz,gl 550 4matic,Sport utility vehicle: Standard,4.7,8,AS7,Z,17.5,13.1,15.5,18,365,2.0,
2016,Mercedes-Benz,gla 250 4matic,Sport utility vehicle: Small,2.0,4,AS7,Z,9.8,7.4,8.7,32,203,6.0,
2016,Mercedes-Benz,gle 350d 4matic,Sport utility vehicle: Standard,3.0,6,A9,D,10.1,8.0,9.2,31,246,5.0,
2016,Mercedes-Benz,gle 350d 4matic coupe,Sport utility vehicle: Standard,3.0,6,A9,D,10.4,8.2,9.4,30,253,5.0,
2016,Mercedes-Benz,gle 400 4matic,Sport utility vehicle: Standard,3.0,6,AS7,Z,13.3,10.4,12.0,24,282,4.0,
2016,Mercedes-Benz,gle 450 amg sport 4matic coupe,Sport utility vehicle: Standard,3.0,6,A9,Z,13.6,10.2,12.0,24,281,4.0,
2016,Mercedes-Benz,gle 550 4matic,Sport utility vehicle: Standard,4.7,8,AS7,Z,16.2,11.8,14.2,20,335,3.0,
2016,Mercedes-Benz,maybach s 600,Full-size,6.0,12,AS7,Z,18.2,11.7,15.3,18,359,2.0,
2016,Mercedes-Benz,metris cargo,Special purpose vehicle,2.0,4,AS7,Z,10.8,9.5,10.2,28,233,5.0,
2016,Mercedes-Benz,metris passenger,Special purpose vehicle,2.0,4,AS7,Z,11.5,10.2,10.9,26,248,5.0,
2016,Mercedes-Benz,s 400 4matic swb,Mid-size,3.0,6,AS7,Z,12.6,8.6,10.8,26,253,5.0,
2016,Mercedes-Benz,s 550 4matic swb,Mid-size,4.7,8,AS7,Z,14.7,9.1,12.2,23,294,4.0,
2016,Mercedes-Benz,s 550 4matic lwb,Full-size,4.7,8,AS7,Z,14.8,9.8,12.5,23,287,4.0,
2016,Mercedes-Benz,s 550 4matic coupe,Compact,4.7,8,AS7,Z,14.4,9.8,12.3,23,289,4.0,
2016,Mercedes-Benz,s 600,Full-size,6.0,12,AS7,Z,17.3,11.0,14.5,19,340,3.0,
2016,Mercedes-Benz,sl 550,Two-seater,4.7,8,AS7,Z,14.6,9.6,12.3,23,289,4.0,
2016,Mercedes-Benz,slk 300,Two-seater,2.0,4,A9,Z,9.6,7.3,8.5,33,199,7.0,
2016,Mercedes-Benz,slk 350,Two-seater,3.5,6,AS7,Z,11.1,8.1,9.8,29,229,5.0,
2016,MINI,cooper 3 door,Subcompact,1.5,3,AS6,Z,8.7,6.6,7.7,37,181,7.0,
2016,MINI,cooper 3 door,Subcompact,1.5,3,M6,Z,8.4,6.0,7.3,39,172,8.0,
2016,MINI,cooper 5 door,Subcompact,1.5,3,AS6,Z,8.7,6.6,7.7,37,181,7.0,
2016,MINI,cooper 5 door,Subcompact,1.5,3,M6,Z,8.2,6.0,7.2,39,170,8.0,
2016,MINI,cooper clubman,Mid-size,1.5,3,AS6,Z,9.4,7.0,8.3,34,195,7.0,
2016,MINI,cooper clubman,Mid-size,1.5,3,M6,Z,9.5,6.6,8.2,34,194,7.0,
2016,MINI,cooper convertible,Minicompact,1.5,3,AS6,Z,8.7,6.6,7.7,37,181,7.0,
2016,MINI,cooper convertible,Minicompact,1.5,3,M6,Z,8.2,6.0,7.2,39,170,8.0,
2016,MINI,cooper s 3 door,Subcompact,2.0,4,AS6,Z,9.2,7.0,8.2,34,193,7.0,
2016,MINI,cooper s 3 door,Subcompact,2.0,4,M6,Z,10.0,7.0,8.7,32,203,6.0,
2016,MINI,cooper s 5 door,Subcompact,2.0,4,AS6,Z,9.2,7.0,8.2,34,193,7.0,
2016,MINI,cooper s 5 door,Subcompact,2.0,4,M6,Z,10.0,7.0,8.7,32,203,6.0,
2016,MINI,cooper s clubman,Mid-size,2.0,4,AS6,Z,9.7,7.0,8.5,33,198,7.0,
2016,MINI,cooper s clubman,Mid-size,2.0,4,M6,Z,10.6,7.4,9.2,31,215,6.0,
2016,MINI,cooper s convertible,Minicompact,2.0,4,AS6,Z,9.7,7.0,8.5,33,198,7.0,
2016,MINI,cooper s convertible,Minicompact,2.0,4,M6,Z,10.0,7.0,8.7,32,203,6.0,
2016,MINI,cooper s countryman all4,Compact,1.6,4,AS6,Z,10.1,7.7,9.0,31,212,6.0,
2016,MINI,cooper s countryman all4,Compact,1.6,4,M6,Z,9.4,7.6,8.6,33,201,6.0,
2016,MINI,cooper s paceman all4,Compact,1.6,4,AS6,Z,10.1,7.7,9.0,31,212,6.0,
2016,MINI,cooper s paceman all4,Compact,1.6,4,M6,Z,9.4,7.6,8.6,33,201,6.0,
2016,MINI,john cooper works,Subcompact,2.0,4,AS6,Z,9.4,7.5,8.5,33,199,7.0,
2016,MINI,john cooper works,Subcompact,2.0,4,M6,Z,10.4,7.7,9.2,31,214,6.0,
2016,MINI,john cooper works countryman all4,Compact,1.6,4,AS6,Z,10.1,7.7,9.0,31,212,6.0,
2016,MINI,john cooper works countryman all4,Compact,1.6,4,M6,Z,9.4,7.6,8.6,33,201,6.0,
2016,MINI,john cooper works paceman all4,Compact,1.6,4,AS6,Z,10.1,7.7,9.0,31,212,6.0,
2016,MINI,john cooper works paceman all4,Compact,1.6,4,M6,Z,9.4,7.6,8.6,33,201,6.0,
2016,Mitsubishi,lancer,Compact,2.0,4,AV6,X,8.6,6.8,7.8,36,181,7.0,
2016,Mitsubishi,lancer,Compact,2.0,4,M5,X,9.6,7.0,8.4,34,198,7.0,
2016,Mitsubishi,lancer,Compact,2.4,4,AV6,X,9.8,7.6,8.8,32,204,6.0,
2016,Mitsubishi,lancer,Compact,2.4,4,M5,X,10.5,7.7,9.2,31,217,6.0,
2016,Mitsubishi,lancer 4wd,Compact,2.4,4,AV6,X,10.2,7.8,9.1,31,210,6.0,
2016,Mitsubishi,lancer sportback,Station wagon: Small,2.0,4,AV6,X,9.2,7.1,8.3,34,191,7.0,
2016,Mitsubishi,lancer sportback,Station wagon: Small,2.0,4,M5,X,9.9,7.2,8.7,32,203,6.0,
2016,Mitsubishi,mirage,Compact,1.2,3,AV,X,6.4,5.3,5.9,48,139,9.0,
2016,Mitsubishi,mirage,Compact,1.2,3,M5,X,7.0,5.6,6.3,45,147,9.0,
2016,Mitsubishi,outlander,Sport utility vehicle: Small,2.4,4,AV6,X,9.2,7.5,8.4,34,193,7.0,
2016,Mitsubishi,outlander 4wd,Sport utility vehicle: Small,2.4,4,AV6,X,9.7,8.1,9.0,31,207,6.0,
2016,Mitsubishi,outlander 4wd,Sport utility vehicle: Small,3.0,6,AS6,Z,11.9,8.5,10.4,27,238,5.0,
2016,Mitsubishi,rvr,Sport utility vehicle: Small,2.0,4,AV6,X,9.6,7.6,8.7,32,202,6.0,
2016,Mitsubishi,rvr,Sport utility vehicle: Small,2.0,4,M5,X,10.3,8.0,9.3,30,214,6.0,
2016,Mitsubishi,rvr 4wd,Sport utility vehicle: Small,2.4,4,AV6,X,10.5,8.6,9.6,29,223,6.0,
2016,Nissan,370z,Two-seater,3.7,6,AS7,Z,12.6,9.2,11.1,25,260,5.0,
2016,Nissan,370z,Two-seater,3.7,6,M6,Z,13.3,9.3,11.5,25,269,5.0,
2016,Nissan,370z roadster,Two-seater,3.7,6,AS7,Z,13.1,9.6,11.5,25,270,5.0,
2016,Nissan,370z roadster,Two-seater,3.7,6,M6,Z,13.6,9.7,11.8,24,278,4.0,
2016,Nissan,altima,Mid-size,2.5,4,AV,X,8.7,6.0,7.5,38,176,7.0,
2016,Nissan,altima sr,Mid-size,2.5,4,AV7,X,8.9,6.3,7.7,37,181,7.0,
2016,Nissan,altima 3.5,Mid-size,3.5,6,AV7,X,10.3,7.4,9.0,31,212,6.0,
2016,Nissan,frontier,Pickup truck: Small,2.5,4,A5,X,13.6,10.4,12.1,23,285,4.0,
2016,Nissan,frontier,Pickup truck: Small,2.5,4,M5,X,12.2,10.2,11.3,25,266,5.0,
2016,Nissan,frontier,Pickup truck: Small,4.0,6,A5,X,14.8,10.3,12.7,22,300,4.0,
2016,Nissan,frontier 4wd,Pickup truck: Small,4.0,6,A5,X,15.7,11.3,13.7,21,322,3.0,
2016,Nissan,frontier 4wd,Pickup truck: Small,4.0,6,M6,X,15.0,11.2,13.3,21,313,4.0,
2016,Nissan,gt-r,Subcompact,3.8,6,AM6,Z,14.3,10.5,12.6,22,294,4.0,
2016,Nissan,juke,Station wagon: Small,1.6,4,AV7,Z,8.5,7.2,7.9,36,186,7.0,
2016,Nissan,juke,Station wagon: Small,1.6,4,M6,Z,8.5,6.9,7.8,36,183,7.0,
2016,Nissan,juke awd,Station wagon: Small,1.6,4,AV7,Z,8.8,7.5,8.2,34,194,7.0,
2016,Nissan,juke nismo rs,Station wagon: Small,1.6,4,M6,Z,8.9,7.5,8.3,34,194,7.0,
2016,Nissan,juke nismo rs awd,Station wagon: Small,1.6,4,AV8,Z,9.4,8.1,8.8,32,208,6.0,
2016,Nissan,maxima,Mid-size,3.5,6,AV7,Z,10.9,7.8,9.5,30,223,6.0,
2016,Nissan,micra,Compact,1.6,4,A4,X,8.8,6.6,7.8,36,184,7.0,
2016,Nissan,micra,Compact,1.6,4,M5,X,8.6,6.6,7.7,37,182,7.0,
2016,Nissan,murano,Station wagon: Mid-size,3.5,6,AV7,X,11.0,8.2,9.8,29,230,5.0,
2016,Nissan,murano awd,Station wagon: Mid-size,3.5,6,AV7,X,11.2,8.3,9.9,29,232,5.0,
2016,Nissan,nv200 cargo van,Special purpose vehicle,2.0,4,AV,X,9.7,9.0,9.4,30,220,6.0,
2016,Nissan,pathfinder,Sport utility vehicle: Small,3.5,6,AV,X,11.9,8.6,10.4,27,245,5.0,
2016,Nissan,pathfinder 4wd,Sport utility vehicle: Small,3.5,6,AV,X,12.1,8.9,10.7,26,251,5.0,
2016,Nissan,pathfinder 4wd platinum,Sport utility vehicle: Small,3.5,6,AV,X,12.7,9.0,11.0,26,258,5.0,
2016,Nissan,rogue,Sport utility vehicle: Small,2.5,4,AV,X,9.1,7.1,8.2,34,194,7.0,
2016,Nissan,rogue awd,Sport utility vehicle: Small,2.5,4,AV,X,9.5,7.4,8.6,33,201,7.0,
2016,Nissan,sentra,Mid-size,1.8,4,AV,X,8.0,6.1,7.2,39,167,8.0,
2016,Nissan,sentra,Mid-size,1.8,4,M6,X,8.9,6.6,7.9,36,184,7.0,
2016,Nissan,versa,Mid-size,1.6,4,AV,X,7.5,6.0,6.8,42,161,8.0,
2016,Nissan,versa,Mid-size,1.6,4,M5,X,8.6,6.5,7.6,37,179,7.0,
2016,Porsche,911 carrera,Minicompact,3.4,6,AM7,Z,11.6,8.4,10.1,28,238,5.0,
2016,Porsche,911 carrera,Minicompact,3.4,6,M7,Z,12.3,8.6,10.6,27,249,5.0,
2016,Porsche,911 carrera 4,Minicompact,3.4,6,AM7,Z,11.7,8.5,10.2,28,240,5.0,
2016,Porsche,911 carrera 4,Minicompact,3.4,6,M7,Z,12.3,8.7,10.7,26,251,5.0,
2016,Porsche,911 carrera cabriolet,Minicompact,3.4,6,AM7,Z,11.5,8.4,10.1,28,236,5.0,
2016,Porsche,911 carrera cabriolet,Minicompact,3.4,6,M7,Z,12.3,8.7,10.7,26,251,5.0,
2016,Porsche,911 carrera 4 cabriolet,Minicompact,3.4,6,AM7,Z,11.9,8.8,10.5,27,246,5.0,
2016,Porsche,911 carrera 4 cabriolet,Minicompact,3.4,6,M7,Z,12.5,9.0,10.9,26,257,5.0,
2016,Porsche,911 carrera s,Minicompact,3.8,6,AM7,Z,11.9,8.7,10.5,27,245,5.0,
2016,Porsche,911 carrera s,Minicompact,3.8,6,M7,Z,12.4,8.7,10.7,26,252,5.0,
2016,Porsche,911 carrera 4s,Minicompact,3.8,6,AM7,Z,12.2,8.9,10.7,26,251,5.0,
2016,Porsche,911 carrera 4s,Minicompact,3.8,6,M7,Z,12.7,8.9,11.0,26,258,5.0,
2016,Porsche,911 carrera s cabriolet,Minicompact,3.8,6,AM7,Z,12.2,8.7,10.6,27,250,5.0,
2016,Porsche,911 carrera s cabriolet,Minicompact,3.8,6,M7,Z,12.5,8.9,10.9,26,255,5.0,
2016,Porsche,911 carrera 4s cabriolet,Minicompact,3.8,6,AM7,Z,12.5,9.1,11.0,26,257,5.0,
2016,Porsche,911 carrera 4s cabriolet,Minicompact,3.8,6,M7,Z,12.9,9.2,11.2,25,262,5.0,
2016,Porsche,911 carrera gts,Minicompact,3.8,6,AM7,Z,12.7,9.0,11.0,26,259,5.0,
2016,Porsche,911 carrera gts,Minicompact,3.8,6,M7,Z,12.9,9.0,11.2,25,262,5.0,
2016,Porsche,911 carrera 4 gts,Minicompact,3.8,6,AM7,Z,12.7,9.2,11.1,25,260,5.0,
2016,Porsche,911 carrera 4 gts,Minicompact,3.8,6,M7,Z,13.0,9.2,11.3,25,265,5.0,
2016,Porsche,911 carrera gts cabriolet,Minicompact,3.8,6,AM7,Z,12.7,9.2,11.1,25,260,5.0,
2016,Porsche,911 carrera gts cabriolet,Minicompact,3.8,6,M7,Z,13.4,9.3,11.6,24,272,4.0,
2016,Porsche,911 carrera 4 gts cabriolet,Minicompact,3.8,6,AM7,Z,13.1,9.4,11.4,25,268,5.0,
2016,Porsche,911 carrera 4 gts cabriolet,Minicompact,3.8,6,M7,Z,13.4,9.3,11.6,24,272,4.0,
2016,Porsche,911 gt3,Two-seater,3.8,6,AM7,Z,16.0,11.5,14.0,20,329,3.0,
2016,Porsche,911 gt3rs,Two-seater,4.0,6,AM7,Z,16.3,11.8,14.3,20,334,3.0,
2016,Porsche,911 targa 4,Minicompact,3.4,6,AM7,Z,12.3,8.9,10.8,26,253,5.0,
2016,Porsche,911 targa 4,Minicompact,3.4,6,M7,Z,12.9,9.0,11.1,25,261,5.0,
2016,Porsche,911 targa 4s,Minicompact,3.8,6,AM7,Z,12.8,9.3,11.2,25,260,5.0,
2016,Porsche,911 targa 4s,Minicompact,3.8,6,M7,Z,13.1,9.2,11.4,25,267,5.0,
2016,Porsche,911 turbo,Minicompact,3.8,6,AM7,Z,13.7,9.6,11.9,24,278,4.0,
2016,Porsche,911 turbo cabriolet,Minicompact,3.8,6,AM7,Z,13.7,9.6,11.9,24,278,4.0,
2016,Porsche,911 turbo s,Minicompact,3.8,6,AM7,Z,13.7,9.6,11.9,24,278,4.0,
2016,Porsche,911 turbo s cabriolet,Minicompact,3.8,6,AM7,Z,13.7,9.6,11.9,24,278,4.0,
2016,Porsche,boxster,Two-seater,2.7,6,AM7,Z,10.7,7.4,9.2,31,217,6.0,
2016,Porsche,boxster,Two-seater,2.7,6,M6,Z,11.5,7.9,9.9,29,232,5.0,
2016,Porsche,boxster s,Two-seater,3.4,6,AM7,Z,11.3,7.9,9.8,29,230,5.0,
2016,Porsche,boxster s,Two-seater,3.4,6,M6,Z,11.9,8.6,10.4,27,245,5.0,
2016,Porsche,boxster gts,Two-seater,3.4,6,AM7,Z,10.9,7.7,9.5,30,222,6.0,
2016,Porsche,boxster gts,Two-seater,3.4,6,M6,Z,12.1,8.9,10.7,26,250,5.0,
2016,Porsche,boxster spyder,Two-seater,3.8,6,M6,Z,13.1,9.9,11.6,24,272,4.0,
2016,Porsche,cayenne diesel (modified),Sport utility vehicle: Standard,3.0,6,A8,D,11.2,8.4,9.8,29,270,5.0,
2016,Porsche,cayenne,Sport utility vehicle: Standard,3.6,6,A8,Z,13.5,9.7,11.8,24,277,4.0,
2016,Porsche,cayenne s,Sport utility vehicle: Standard,3.6,6,A8,Z,14.3,9.6,12.2,23,286,4.0,
2016,Porsche,cayenne gts,Sport utility vehicle: Standard,3.6,6,A8,Z,14.8,10.4,12.8,22,300,4.0,
2016,Porsche,cayenne turbo,Sport utility vehicle: Standard,4.8,8,A8,Z,16.7,11.2,14.2,20,334,3.0,
2016,Porsche,cayenne turbo s,Sport utility vehicle: Standard,4.8,8,A8,Z,16.9,11.2,14.3,20,336,3.0,
2016,Porsche,cayman,Two-seater,2.7,6,AM7,Z,10.7,7.4,9.2,31,217,6.0,
2016,Porsche,cayman,Two-seater,2.7,6,M6,Z,11.5,7.9,9.9,29,232,5.0,
2016,Porsche,cayman s,Two-seater,3.4,6,AM7,Z,11.3,7.9,9.8,29,230,5.0,
2016,Porsche,cayman s,Two-seater,3.4,6,M6,Z,11.9,8.6,10.4,27,245,5.0,
2016,Porsche,cayman gts,Two-seater,3.4,6,AM7,Z,10.9,7.7,9.5,30,222,6.0,
2016,Porsche,cayman gts,Two-seater,3.4,6,M6,Z,12.1,8.9,10.7,26,250,5.0,
2016,Porsche,cayman gt4,Two-seater,3.8,6,M6,Z,13.3,10.1,11.8,24,277,4.0,
2016,Porsche,macan s,Sport utility vehicle: Small,3.0,6,A7,Z,13.7,10.3,12.2,23,285,4.0,
2016,Porsche,macan turbo,Sport utility vehicle: Small,3.6,6,A7,Z,14.2,10.1,12.3,23,287,4.0,
2016,Porsche,panamera,Full-size,3.6,6,AM7,Z,12.9,8.4,10.9,26,255,5.0,
2016,Porsche,panamera 4,Full-size,3.6,6,AM7,Z,13.1,8.7,11.1,25,262,5.0,
2016,Porsche,panamera s,Full-size,3.0,6,AM7,Z,13.4,8.8,11.4,25,267,5.0,
2016,Porsche,panamera 4s,Full-size,3.0,6,AM7,Z,13.4,8.8,11.4,25,267,5.0,
2016,Porsche,panamera 4s executive,Full-size,3.0,6,AM7,Z,13.7,8.9,11.5,25,271,4.0,
2016,Porsche,panamera gts,Full-size,4.8,8,AM7,Z,15.1,9.7,12.7,22,298,4.0,
2016,Porsche,panamera turbo,Full-size,4.8,8,AM7,Z,15.3,9.7,12.8,22,300,4.0,
2016,Porsche,panamera turbo executive,Full-size,4.8,8,AM7,Z,15.4,9.8,12.9,22,303,4.0,
2016,Porsche,panamera turbo s,Full-size,4.8,8,AM7,Z,15.3,9.7,12.8,22,300,4.0,
2016,Porsche,panamera turbo s executive,Full-size,4.8,8,AM7,Z,15.4,9.8,12.9,22,303,4.0,
2016,Ram,1500 ffv,Pickup truck: Standard,3.6,6,A8,X,13.9,9.5,11.9,24,279,4.0,
2016,Ram,1500 ffv,Pickup truck: Standard,3.6,6,A8,E,19.4,13.6,16.8,17,279,4.0,
2016,Ram,1500 hfe,Pickup truck: Standard,3.6,6,A8,X,12.9,9.3,11.3,25,264,5.0,
2016,Ram,1500 (mds),Pickup truck: Standard,5.7,8,A6,X,17.1,12.0,14.8,19,348,3.0,
2016,Ram,1500 (mds),Pickup truck: Standard,5.7,8,A8,X,15.8,10.9,13.6,21,319,3.0,
2016,Ram,1500 4x4 ffv,Pickup truck: Standard,3.6,6,A8,X,14.6,10.1,12.6,22,294,4.0,
2016,Ram,1500 4x4 ffv,Pickup truck: Standard,3.6,6,A8,E,20.5,14.5,17.8,16,296,4.0,
2016,Ram,1500 4x4 (mds),Pickup truck: Standard,5.7,8,A6,X,17.7,12.7,15.4,18,362,2.0,
2016,Ram,1500 4x4 (mds),Pickup truck: Standard,5.7,8,A8,X,16.2,11.5,14.1,20,330,3.0,
2016,Ram,promaster city,Special purpose vehicle,2.4,4,A9,X,11.2,8.1,9.8,29,231,5.0,
2016,Rolls-Royce,ghost,Full-size,6.6,12,AS8,Z,19.2,12.4,16.1,18,373,2.0,
2016,Rolls-Royce,ghost ewb,Full-size,6.6,12,AS8,Z,19.2,12.4,16.1,18,373,2.0,
2016,Rolls-Royce,phantom,Full-size,6.7,12,AS8,Z,20.9,12.7,17.2,16,403,2.0,
2016,Rolls-Royce,phantom ewb,Full-size,6.7,12,AS8,Z,20.7,12.9,17.2,16,404,2.0,
2016,Rolls-Royce,phantom coupe,Compact,6.7,12,AS8,Z,20.9,12.7,17.2,16,403,2.0,
2016,Rolls-Royce,phantom drophead coupe,Compact,6.7,12,AS8,Z,20.7,12.9,17.2,16,404,2.0,
2016,Rolls-Royce,wraith,Mid-size,6.6,12,AS8,Z,18.8,11.8,15.6,18,367,2.0,
2016,Scion,fr-s,Minicompact,2.0,4,AS6,Z,9.6,7.0,8.4,34,197,7.0,
2016,Scion,fr-s,Minicompact,2.0,4,M6,Z,10.9,7.9,9.6,29,224,6.0,
2016,Scion,im,Mid-size,1.8,4,AV7,X,8.3,6.3,7.4,38,173,8.0,
2016,Scion,im,Mid-size,1.8,4,M6,X,8.6,6.6,7.7,37,180,7.0,
2016,Scion,tc,Compact,2.5,4,AS6,X,10.2,7.6,9.0,31,211,6.0,
2016,Scion,tc,Compact,2.5,4,M6,X,10.2,7.7,9.0,31,210,6.0,
2016,smart,fortwo cabriolet,Two-seater,0.9,3,AM6,Z,7.5,6.1,6.9,41,157,8.0,
2016,smart,fortwo coupe,Two-seater,0.9,3,AM6,Z,7.5,6.1,6.9,41,157,8.0,
2016,Subaru,brz,Minicompact,2.0,4,AS6,Z,9.6,7.0,8.4,34,197,7.0,
2016,Subaru,brz,Minicompact,2.0,4,M6,Z,10.9,7.9,9.6,29,224,6.0,
2016,Subaru,forester awd,Sport utility vehicle: Small,2.0,4,AV8,Z,10.2,8.5,9.4,30,222,6.0,
2016,Subaru,forester awd,Sport utility vehicle: Small,2.5,4,AV6,X,9.6,7.5,8.7,32,204,6.0,
2016,Subaru,forester awd,Sport utility vehicle: Small,2.5,4,M6,X,10.6,8.4,9.6,29,227,5.0,
2016,Subaru,impreza awd,Compact,2.0,4,AV6,X,8.5,6.4,7.6,37,177,7.0,
2016,Subaru,impreza awd,Compact,2.0,4,M5,X,9.5,7.0,8.4,34,197,7.0,
2016,Subaru,impreza wagon awd,Station wagon: Small,2.0,4,AV6,X,8.5,6.4,7.6,37,177,7.0,
2016,Subaru,impreza wagon awd,Station wagon: Small,2.0,4,M5,X,9.5,7.0,8.4,34,197,7.0,
2016,Subaru,legacy awd,Mid-size,2.5,4,AV6,X,9.0,6.5,7.9,36,185,7.0,
2016,Subaru,legacy awd,Mid-size,2.5,4,M6,X,10.7,7.8,9.4,30,220,6.0,
2016,Subaru,legacy awd,Mid-size,3.6,6,AV6,X,11.9,8.2,10.2,28,239,5.0,
2016,Subaru,outback awd,Sport utility vehicle: Small,2.5,4,AV6,X,9.3,7.1,8.3,34,196,7.0,
2016,Subaru,outback awd,Sport utility vehicle: Small,2.5,4,M6,X,11.0,8.2,9.7,29,228,5.0,
2016,Subaru,outback awd,Sport utility vehicle: Small,3.6,6,AV6,X,12.0,8.6,10.5,27,246,5.0,
2016,Subaru,wrx,Compact,2.0,4,AV8,Z,12.5,9.5,11.2,25,254,5.0,
2016,Subaru,wrx,Compact,2.0,4,M6,Z,11.3,8.4,10.0,28,233,5.0,
2016,Subaru,wrx,Compact,2.5,4,M6,Z,13.8,10.2,12.2,23,285,4.0,
2016,Subaru,xv crosstrek awd,Sport utility vehicle: Small,2.0,4,AV6,X,9.1,7.0,8.1,35,191,7.0,
2016,Subaru,xv crosstrek awd,Sport utility vehicle: Small,2.0,4,M5,X,10.2,7.7,9.1,31,214,6.0,
2016,Subaru,xv crosstrek hybrid awd,Sport utility vehicle: Small,2.0,4,AV6,X,7.9,6.9,7.5,38,175,8.0,
2016,Toyota,4runner 4wd,Sport utility vehicle: Standard,4.0,6,AS5,X,14.2,11.1,12.8,22,298,4.0,
2016,Toyota,4runner 4wd (part-time 4wd),Sport utility vehicle: Standard,4.0,6,AS5,X,14.2,11.1,12.8,22,298,4.0,
2016,Toyota,avalon,Mid-size,3.5,6,AS6,X,11.4,7.6,9.7,29,225,6.0,
2016,Toyota,camry,Mid-size,2.5,4,AS6,X,9.4,6.7,8.2,34,192,7.0,
2016,Toyota,camry,Mid-size,3.5,6,AS6,X,11.0,7.7,9.5,30,222,6.0,
2016,Toyota,camry hybrid le,Mid-size,2.5,4,AV,X,5.5,6.0,5.7,50,134,9.0,
2016,Toyota,camry hybrid xle/se,Mid-size,2.5,4,AV,X,5.7,6.0,5.9,48,137,9.0,
2016,Toyota,corolla,Mid-size,1.8,4,A4,X,8.6,6.5,7.6,37,179,7.0,
2016,Toyota,corolla,Mid-size,1.8,4,AV,X,8.2,6.2,7.3,39,171,8.0,
2016,Toyota,corolla le eco (1-mode),Mid-size,1.8,4,AV,X,7.7,5.6,6.8,42,160,8.0,
2016,Toyota,corolla le eco (2-mode),Mid-size,1.8,4,AV,X,7.7,6.0,6.9,41,162,8.0,
2016,Toyota,corolla,Mid-size,1.8,4,AV7,X,7.9,6.1,7.1,40,166,8.0,
2016,Toyota,corolla,Mid-size,1.8,4,M6,X,8.4,6.4,7.5,38,174,8.0,
2016,Toyota,highlander,Sport utility vehicle: Small,3.5,6,AS6,X,12.5,9.3,11.1,25,260,5.0,
2016,Toyota,highlander awd,Sport utility vehicle: Standard,3.5,6,AS6,X,13.0,9.8,11.6,24,272,4.0,
2016,Toyota,highlander hybrid awd,Sport utility vehicle: Standard,3.5,6,AV6,X,8.6,8.4,8.5,33,198,7.0,
2016,Toyota,highlander hybrid awd le,Sport utility vehicle: Standard,3.5,6,AV6,X,8.4,8.3,8.4,34,195,7.0,
2016,Toyota,prius,Mid-size,1.8,4,AV,X,4.4,4.6,4.5,63,104,10.0,
2016,Toyota,prius c,Compact,1.5,4,AV,X,4.5,5.1,4.7,60,111,10.0,
2016,Toyota,prius v,Station wagon: Mid-size,1.8,4,AV,X,5.4,5.8,5.6,50,131,9.0,
2016,Toyota,rav4,Sport utility vehicle: Small,2.5,4,AS6,X,10.1,7.7,9.0,31,212,6.0,
2016,Toyota,rav4 le/xle,Sport utility vehicle: Small,2.5,4,AS6,X,10.0,7.6,8.9,32,208,6.0,
2016,Toyota,rav4 awd,Sport utility vehicle: Small,2.5,4,AS6,X,10.5,8.2,9.5,30,220,6.0,
2016,Toyota,rav4 limited/se awd,Sport utility vehicle: Small,2.5,4,AS6,X,10.6,8.1,9.4,30,220,6.0,
2016,Toyota,rav4 hybrid awd,Sport utility vehicle: Small,2.5,4,AV6,X,6.9,7.6,7.2,39,169,8.0,
2016,Toyota,sequoia 4wd,Sport utility vehicle: Standard,5.7,8,AS6,X,18.8,14.0,16.6,17,382,2.0,
2016,Toyota,sienna,Minivan,3.5,6,AS6,X,13.0,9.5,11.4,25,267,5.0,
2016,Toyota,sienna awd,Minivan,3.5,6,AS6,X,14.4,10.2,12.5,23,290,4.0,
2016,Toyota,tacoma,Pickup truck: Small,2.7,4,AS6,X,12.0,10.0,11.1,25,261,5.0,
2016,Toyota,tacoma,Pickup truck: Small,3.5,6,AS6,X,12.6,10.0,11.4,25,267,5.0,
2016,Toyota,tacoma 4wd,Pickup truck: Small,2.7,4,AS6,X,12.7,10.5,11.7,24,274,4.0,
2016,Toyota,tacoma 4wd,Pickup truck: Small,2.7,4,M5,X,12.4,11.4,11.9,24,279,4.0,
2016,Toyota,tacoma 4wd,Pickup truck: Small,3.5,6,AS6,X,13.1,10.5,11.9,24,280,4.0,
2016,Toyota,tacoma 4wd,Pickup truck: Small,3.5,6,M6,X,13.6,11.2,12.5,23,292,4.0,
2016,Toyota,tacoma 4wd d-cab off-road,Pickup truck: Small,3.5,6,M6,X,13.8,11.7,12.9,22,300,4.0,
2016,Toyota,tundra,Pickup truck: Standard,4.6,8,AS6,X,15.9,12.3,14.3,20,335,3.0,
2016,Toyota,tundra,Pickup truck: Standard,5.7,8,AS6,X,17.3,13.0,15.4,18,360,2.0,
2016,Toyota,tundra 4wd,Pickup truck: Standard,4.6,8,AS6,X,16.9,12.9,15.1,19,351,3.0,
2016,Toyota,tundra 4wd,Pickup truck: Standard,5.7,8,AS6,X,18.2,14.1,16.3,17,380,2.0,
2016,Toyota,venza,Sport utility vehicle: Small,2.7,4,AS6,X,11.6,9.0,10.4,27,244,5.0,
2016,Toyota,venza,Sport utility vehicle: Small,3.5,6,AS6,X,12.5,9.0,10.9,26,256,5.0,
2016,Toyota,venza 4wd,Sport utility vehicle: Small,2.7,4,AS6,X,11.6,9.2,10.5,27,241,5.0,
2016,Toyota,venza 4wd,Sport utility vehicle: Small,3.5,6,AS6,X,12.8,9.3,11.3,25,263,5.0,
2016,Toyota,yaris,Compact,1.5,4,AS6,X,7.2,5.6,6.4,44,151,8.0,
2016,Toyota,yaris (sil),Compact,1.5,4,M6,X,7.6,5.7,6.7,42,157,8.0,
2016,Toyota,yaris hatchback,Compact,1.5,4,A4,X,7.8,6.6,7.3,39,170,8.0,
2016,Toyota,yaris hatchback,Compact,1.5,4,M5,X,7.7,6.3,7.1,40,165,8.0,
2016,Volkswagen,beetle,Compact,1.8,4,AS6,X,9.6,7.0,8.4,34,196,7.0,
2016,Volkswagen,beetle,Compact,1.8,4,M5,X,9.5,6.9,8.4,34,196,7.0,
2016,Volkswagen,beetle dune,Compact,1.8,4,AS6,X,9.7,7.5,8.7,32,203,6.0,
2016,Volkswagen,beetle convertible,Subcompact,1.8,4,AS6,X,9.6,7.0,8.4,34,196,7.0,
2016,Volkswagen,cc,Compact,2.0,4,AM6,Z,10.7,7.7,9.3,30,217,6.0,
2016,Volkswagen,golf,Compact,1.8,4,AS6,X,9.3,6.5,8.1,35,189,7.0,
2016,Volkswagen,golf,Compact,1.8,4,M5,X,9.3,6.4,8.0,35,187,7.0,
2016,Volkswagen,golf gti,Compact,2.0,4,AM6,X,9.5,7.2,8.5,33,198,7.0,
2016,Volkswagen,golf gti,Compact,2.0,4,M6,X,9.4,6.9,8.3,34,193,7.0,
2016,Volkswagen,golf r,Compact,2.0,4,AM6,Z,10.4,7.9,9.3,30,216,6.0,
2016,Volkswagen,golf r,Compact,2.0,4,M6,Z,10.9,7.7,9.4,30,220,6.0,
2016,Volkswagen,golf sportwagon,Station wagon: Small,1.8,4,AS6,X,9.4,6.8,8.2,34,193,7.0,
2016,Volkswagen,golf sportwagon,Station wagon: Small,1.8,4,M5,X,9.5,6.6,8.2,34,192,7.0,
2016,Volkswagen,jetta,Compact,1.4,4,AS6,X,8.5,6.0,7.3,39,173,8.0,
2016,Volkswagen,jetta,Compact,1.4,4,M5,X,8.3,5.9,7.2,39,168,8.0,
2016,Volkswagen,jetta,Compact,1.8,4,AS6,X,9.2,6.4,8.0,35,186,7.0,
2016,Volkswagen,jetta,Compact,1.8,4,M5,X,9.4,6.4,8.1,35,189,7.0,
2016,Volkswagen,jetta,Compact,2.0,4,AM6,X,9.8,7.0,8.6,33,201,7.0,
2016,Volkswagen,jetta,Compact,2.0,4,M6,X,10.1,7.2,8.8,32,207,6.0,
2016,Volkswagen,jetta hybrid,Compact,1.4,4,AM7,Z,5.7,4.9,5.3,53,124,9.0,
2016,Volkswagen,passat,Mid-size,1.8,4,AS6,X,9.4,6.3,8.0,35,187,7.0,
2016,Volkswagen,passat,Mid-size,1.8,4,M6,X,9.5,6.4,8.1,35,189,7.0,
2016,Volkswagen,passat,Mid-size,3.6,6,AM6,X,11.9,8.5,10.4,27,243,5.0,
2016,Volkswagen,tiguan,Sport utility vehicle: Small,2.0,4,AS6,Z,11.7,9.5,10.7,26,251,5.0,
2016,Volkswagen,tiguan,Sport utility vehicle: Small,2.0,4,M6,Z,13.0,9.0,11.2,25,259,5.0,
2016,Volkswagen,tiguan 4motion,Sport utility vehicle: Small,2.0,4,AS6,Z,11.6,9.3,10.6,27,248,5.0,
2016,Volkswagen,touareg tdi (modified),Sport utility vehicle: Standard,3.0,6,AS8,D,11.2,8.4,9.8,29,270,5.0,
2016,Volkswagen,touareg,Sport utility vehicle: Standard,3.6,6,AS8,X,14.1,10.4,12.4,23,292,4.0,
2016,Volvo,s60 t5,Compact,2.0,4,AS8,X,9.6,6.7,8.3,34,193,7.0,
2016,Volvo,s60 t5 awd,Compact,2.5,5,AS6,X,11.6,8.2,10.1,28,233,5.0,
2016,Volvo,s60 inscription,Compact,2.0,4,AS8,X,9.6,6.7,8.3,34,193,7.0,
2016,Volvo,s60 inscription t5 awd,Compact,2.5,5,AS6,X,11.6,8.2,10.1,28,233,5.0,
2016,Volvo,s60 t6,Compact,2.0,4,AS8,Z,10.6,7.7,9.3,30,218,6.0,
2016,Volvo,s60 t6 awd,Compact,2.0,4,AS8,Z,11.3,8.2,9.9,29,231,5.0,
2016,Volvo,s60 polestar,Compact,3.0,6,AS6,X,13.0,9.0,11.2,25,259,5.0,
2016,Volvo,s60 3.0t awd,Compact,3.0,6,AS6,X,13.0,9.0,11.2,25,259,5.0,
2016,Volvo,s60 cc t5 awd,Compact,2.5,5,AS6,X,11.8,8.6,10.3,27,239,5.0,
2016,Volvo,s80 t5,Mid-size,2.0,4,AS8,X,9.6,6.7,8.3,34,193,7.0,
2016,Volvo,v60 t5,Station wagon: Small,2.0,4,AS8,X,9.6,6.7,8.3,34,193,7.0,
2016,Volvo,v60 t5 awd,Station wagon: Small,2.5,5,AS6,X,11.6,8.2,10.1,28,233,5.0,
2016,Volvo,v60 t6 awd,Station wagon: Small,2.0,4,AS8,Z,11.3,8.2,9.9,29,231,5.0,
2016,Volvo,v60 polestar,Station wagon: Small,3.0,6,AS6,X,13.0,9.0,11.2,25,259,5.0,
2016,Volvo,v60 3.0t awd,Station wagon: Small,3.0,6,AS6,X,13.0,9.0,11.2,25,259,5.0,
2016,Volvo,v60 cc t5 awd,Station wagon: Small,2.5,5,AS6,X,11.8,8.6,10.3,27,239,5.0,
2016,Volvo,xc60 t5,Sport utility vehicle: Small,2.0,4,AS8,X,10.3,7.6,9.1,31,213,6.0,
2016,Volvo,xc60 t5 awd,Sport utility vehicle: Small,2.5,5,AS6,X,12.5,9.2,11.0,26,254,5.0,
2016,Volvo,xc60 t6,Sport utility vehicle: Small,2.0,4,AS8,Z,11.0,8.1,9.7,29,226,6.0,
2016,Volvo,xc60 t6 awd,Sport utility vehicle: Small,2.0,4,AS8,Z,11.8,9.1,10.6,27,247,5.0,
2016,Volvo,xc60 3.0t awd,Sport utility vehicle: Small,3.0,6,AS6,X,13.7,10.1,12.0,24,276,4.0,
2016,Volvo,xc70 t5,Sport utility vehicle: Small,2.0,4,AS8,X,10.3,7.6,9.1,31,213,6.0,
2016,Volvo,xc70 t5 awd,Sport utility vehicle: Small,2.5,5,AS6,X,12.5,9.2,11.0,26,254,5.0,
2016,Volvo,xc90 t5,Sport utility vehicle: Standard,2.0,4,AS8,Z,10.6,9.1,10.0,28,232,5.0,
2016,Volvo,xc90 t5 awd,Sport utility vehicle: Standard,2.0,4,AS8,Z,10.8,9.5,10.2,28,239,5.0,
2016,Volvo,xc90 t6 awd,Sport utility vehicle: Standard,2.0,4,AS8,Z,11.5,9.5,10.6,27,247,5.0,
2017,Acura,ilx,Compact,2.4,4,AM8,Z,9.4,6.8,8.2,34,192,7.0,6.0
2017,Acura,mdx hybrid awd,Sport utility vehicle: Small,3.0,6,AM7,Z,9.1,9.0,9.0,31,210,6.0,6.0
2017,Acura,mdx sh-awd,Sport utility vehicle: Small,3.5,6,AS9,Z,12.6,9.0,11.0,26,259,4.0,6.0
2017,Acura,mdx sh-awd elite,Sport utility vehicle: Small,3.5,6,AS9,Z,12.2,9.0,10.7,26,251,5.0,6.0
2017,Acura,nsx,Two-seater,3.5,6,AM9,Z,11.1,10.8,11.0,26,261,4.0,6.0
2017,Acura,rdx awd,Sport utility vehicle: Small,3.5,6,AS6,Z,12.4,8.7,10.7,26,250,5.0,6.0
2017,Acura,rlx hybrid,Mid-size,3.5,6,AM7,Z,8.2,7.8,8.1,35,190,7.0,8.0
2017,Acura,tlx,Compact,2.4,4,AM8,Z,9.6,6.6,8.3,34,197,6.0,6.0
2017,Acura,tlx sh-awd,Compact,3.5,6,AS9,Z,11.2,7.5,9.6,29,226,5.0,6.0
2017,Alfa Romeo,4c,Two-seater,1.8,4,AM6,Z,9.7,6.9,8.4,34,197,6.0,5.0
2017,Alfa Romeo,4c spider,Two-seater,1.8,4,AM6,Z,9.7,6.9,8.4,34,197,6.0,5.0
2017,Alfa Romeo,giulia,Mid-size,2.0,4,A8,Z,10.0,7.2,8.7,32,205,6.0,6.0
2017,Alfa Romeo,giulia awd,Mid-size,2.0,4,A8,Z,10.5,7.7,9.2,31,217,6.0,6.0
2017,Alfa Romeo,giulia quadrifoglio,Mid-size,2.9,6,A8,Z,13.8,9.6,11.9,24,280,4.0,6.0
2017,Aston Martin,db11 v12,Minicompact,5.2,12,A8,Z,15.5,11.4,13.7,21,322,3.0,6.0
2017,Aston Martin,rapide s,Subcompact,6.0,12,A8,Z,16.7,10.9,14.1,20,331,3.0,6.0
2017,Aston Martin,vanquish,Minicompact,6.0,12,A8,Z,17.5,11.4,14.7,19,345,2.0,6.0
2017,Aston Martin,v12 vantage s,Two-seater,6.0,12,AM7,Z,19.4,12.8,16.4,17,388,1.0,6.0
2017,Aston Martin,v12 vantage s,Two-seater,6.0,12,M7,Z,23.2,14.4,19.2,15,450,1.0,6.0
2017,Audi,a3,Subcompact,2.0,4,AM7,X,9.1,6.8,8.0,35,188,7.0,8.0
2017,Audi,a3 quattro,Subcompact,2.0,4,AM6,X,9.7,7.5,8.7,32,205,6.0,8.0
2017,Audi,a3 cabriolet quattro,Subcompact,2.0,4,AM6,X,10.8,8.0,9.5,30,223,5.0,8.0
2017,Audi,a4 ultra,Compact,2.0,4,AM7,Z,8.6,6.4,7.6,37,177,7.0,6.0
2017,Audi,a4 quattro,Compact,2.0,4,AM7,Z,9.8,7.7,8.8,32,205,6.0,6.0
2017,Audi,a4 quattro,Compact,2.0,4,M6,Z,9.9,7.0,8.6,33,204,6.0,6.0
2017,Audi,a4 allroad quattro,Station wagon: Small,2.0,4,AM7,Z,10.2,8.3,9.3,30,217,6.0,6.0
2017,Audi,a5 quattro,Subcompact,2.0,4,AS8,Z,11.0,8.0,9.7,29,226,5.0,6.0
2017,Audi,a5 quattro,Subcompact,2.0,4,M6,Z,10.4,7.3,9.0,31,210,6.0,6.0
2017,Audi,a5 cabriolet quattro,Subcompact,2.0,4,AS8,Z,11.3,8.2,9.9,29,231,5.0,6.0
2017,Audi,a6 quattro,Mid-size,2.0,4,AS8,Z,10.9,7.5,9.4,30,220,5.0,7.0
2017,Audi,a6 quattro,Mid-size,3.0,6,AS8,Z,11.5,8.2,10.0,28,238,5.0,6.0
2017,Audi,a7 quattro,Mid-size,3.0,6,AS8,Z,11.5,8.2,10.0,28,238,5.0,6.0
2017,Audi,a8,Mid-size,3.0,6,AS8,Z,12.6,8.0,10.5,27,246,5.0,6.0
2017,Audi,a8,Mid-size,4.0,8,AS8,Z,12.9,8.0,10.7,26,249,5.0,6.0
2017,Audi,a8l,Full-size,4.0,8,AS8,Z,13.1,8.3,10.9,26,255,5.0,6.0
2017,Audi,q3,Compact,2.0,4,AS6,Z,11.9,8.4,10.3,27,243,5.0,6.0
2017,Audi,q3 quattro,Compact,2.0,4,AS6,Z,11.9,8.4,10.3,27,241,5.0,6.0
2017,Audi,q5,Sport utility vehicle: Small,2.0,4,AS8,Z,12.0,8.6,10.5,27,246,5.0,6.0
2017,Audi,q5,Sport utility vehicle: Small,3.0,6,AS8,Z,13.2,9.2,11.4,25,267,4.0,6.0
2017,Audi,q7,Sport utility vehicle: Standard,2.0,4,AS8,Z,11.9,9.6,10.8,26,253,5.0,6.0
2017,Audi,q7,Sport utility vehicle: Standard,3.0,6,AS8,Z,12.6,9.4,11.1,25,260,4.0,5.0
2017,Audi,r8,Two-seater,5.2,10,AM7,Z,16.5,11.2,14.1,20,330,3.0,5.0
2017,Audi,r8 spyder,Two-seater,5.2,10,AM7,Z,16.5,11.2,14.1,20,330,3.0,5.0
2017,Audi,rs 7,Mid-size,4.0,8,AS8,Z,16.2,9.3,13.1,22,309,3.0,6.0
2017,Audi,s3,Subcompact,2.0,4,AM6,Z,11.0,8.5,9.9,29,232,5.0,6.0
2017,Audi,s5,Subcompact,3.0,6,AM7,Z,13.0,8.5,11.0,26,259,4.0,6.0
2017,Audi,s5,Subcompact,3.0,6,M6,Z,13.8,9.0,11.7,24,273,4.0,6.0
2017,Audi,s5 cabriolet,Subcompact,3.0,6,AM7,Z,13.3,9.1,11.4,25,266,4.0,6.0
2017,Audi,s6,Mid-size,4.0,8,AM7,Z,13.3,8.8,11.3,25,263,4.0,6.0
2017,Audi,s7,Mid-size,4.0,8,AM7,Z,13.4,8.8,11.4,25,265,4.0,6.0
2017,Audi,s8,Mid-size,4.0,8,AS8,Z,16.2,9.9,13.4,21,312,3.0,6.0
2017,Audi,sq5,Sport utility vehicle: Small,3.0,6,AS8,Z,14.1,9.9,12.2,23,285,4.0,6.0
2017,Audi,tt coupe quattro,Subcompact,2.0,4,AM6,X,10.1,7.8,9.1,31,209,6.0,8.0
2017,Audi,tt roadster quattro,Two-seater,2.0,4,AM6,X,10.1,7.8,9.1,31,209,6.0,8.0
2017,Audi,tts coupe quattro,Subcompact,2.0,4,AM6,Z,10.3,8.6,9.5,30,222,5.0,6.0
2017,Bentley,bentayga,Sport utility vehicle: Standard,6.0,12,AS8,Z,18.8,12.2,15.9,18,370,2.0,6.0
2017,Bentley,continental gt,Compact,4.0,8,AS8,Z,16.1,9.4,13.1,22,307,3.0,6.0
2017,Bentley,continental gt,Compact,6.0,12,AS8,Z,18.9,11.2,15.4,18,360,2.0,5.0
2017,Bentley,continental gt convertible,Subcompact,4.0,8,AS8,Z,17.7,10.3,14.4,20,337,2.0,6.0
2017,Bentley,continental gt convertible,Subcompact,6.0,12,AS8,Z,19.6,11.7,16.0,18,375,2.0,5.0
2017,Bentley,flying spur,Mid-size,4.0,8,AS8,Z,17.0,9.9,13.8,20,321,3.0,6.0
2017,Bentley,flying spur,Mid-size,6.0,12,AS8,Z,19.6,11.7,16.0,18,375,2.0,5.0
2017,Bentley,mulsanne,Mid-size,6.8,8,AS8,Z,21.3,12.8,17.5,16,407,1.0,5.0
2017,Bentley,mulsanne ewb,Mid-size,6.8,8,AS8,Z,22.2,13.6,18.3,15,430,1.0,5.0
2017,BMW,230i cabriolet,Subcompact,2.0,4,AS8,Z,10.0,7.2,8.7,32,207,6.0,8.0
2017,BMW,230i xdrive cabriolet,Subcompact,2.0,4,AS8,Z,10.5,7.4,9.1,31,213,6.0,8.0
2017,BMW,230i coupe,Subcompact,2.0,4,AS8,Z,9.8,6.8,8.4,34,197,6.0,8.0
2017,BMW,230i coupe,Subcompact,2.0,4,M6,Z,11.1,7.3,9.4,30,219,5.0,8.0
2017,BMW,230i xdrive coupe,Subcompact,2.0,4,AS8,Z,10.2,7.4,9.0,31,210,6.0,8.0
2017,BMW,320i,Compact,2.0,4,AS8,Z,10.0,6.5,8.4,34,200,6.0,6.0
2017,BMW,320i,Compact,2.0,4,M6,Z,10.2,6.7,8.6,33,202,6.0,6.0
2017,BMW,320i xdrive,Compact,2.0,4,AS8,Z,10.3,6.9,8.8,32,206,6.0,6.0
2017,BMW,328d xdrive,Compact,2.0,4,AS8,D,7.9,5.9,7.0,40,189,7.0,6.0
2017,BMW,328d xdrive touring,Station wagon: Small,2.0,4,AS8,D,7.9,5.9,7.0,40,189,7.0,6.0
2017,BMW,330i xdrive,Compact,2.0,4,AS8,Z,10.5,7.4,9.1,31,213,6.0,8.0
2017,BMW,330i xdrive gran turismo,Full-size,2.0,4,AS8,Z,10.5,7.4,9.1,31,213,6.0,8.0
2017,BMW,330i xdrive touring,Station wagon: Small,2.0,4,AS8,Z,10.5,7.4,9.1,31,213,6.0,8.0
2017,BMW,340i,Compact,3.0,6,AS8,Z,11.1,7.8,9.6,29,224,5.0,6.0
2017,BMW,340i,Compact,3.0,6,M6,Z,12.2,8.2,10.4,27,242,5.0,6.0
2017,BMW,340i xdrive,Compact,3.0,6,AS8,Z,11.4,7.8,9.8,29,228,5.0,6.0
2017,BMW,340i xdrive,Compact,3.0,6,M6,Z,12.2,8.5,10.5,27,246,5.0,6.0
2017,BMW,340i xdrive gran turismo,Full-size,3.0,6,AS8,Z,11.9,8.1,10.2,28,238,5.0,6.0
2017,BMW,430i xdrive cabriolet,Subcompact,2.0,4,AS8,Z,10.6,7.3,9.1,31,211,6.0,8.0
2017,BMW,430i xdrive coupe,Compact,2.0,4,AS8,Z,10.5,7.4,9.1,31,213,6.0,8.0
2017,BMW,430i xdrive gran coupe,Compact,2.0,4,AS8,Z,10.5,7.4,9.1,31,213,6.0,8.0
2017,BMW,440i xdrive cabriolet,Subcompact,3.0,6,AS8,Z,11.9,8.1,10.2,28,238,5.0,6.0
2017,BMW,440i coupe,Compact,3.0,6,AS8,Z,11.1,7.8,9.6,29,224,5.0,6.0
2017,BMW,440i coupe,Compact,3.0,6,M6,Z,12.2,8.2,10.4,27,242,5.0,6.0
2017,BMW,440i xdrive coupe,Compact,3.0,6,AS8,Z,11.4,7.8,9.8,29,228,5.0,6.0
2017,BMW,440i xdrive coupe,Compact,3.0,6,M6,Z,12.2,8.5,10.5,27,246,5.0,6.0
2017,BMW,440i xdrive gran coupe,Compact,3.0,6,AS8,Z,11.4,7.8,9.8,29,228,5.0,6.0
2017,BMW,530i xdrive,Mid-size,2.0,4,AS8,Z,10.5,7.4,9.1,31,213,6.0,8.0
2017,BMW,540i xdrive,Mid-size,3.0,6,AS8,Z,11.4,7.8,9.8,29,228,5.0,7.0
2017,BMW,640i xdrive cabriolet,Subcompact,3.0,6,AS8,Z,12.4,8.4,10.6,27,249,5.0,6.0
2017,BMW,640i xdrive gran coupe,Compact,3.0,6,AS8,Z,12.4,8.4,10.6,27,249,5.0,6.0
2017,BMW,650i xdrive cabriolet,Subcompact,4.4,8,AS8,Z,14.7,9.7,12.5,23,292,4.0,6.0
2017,BMW,650i xdrive coupe,Compact,4.4,8,AS8,Z,13.8,9.1,11.7,24,273,4.0,6.0
2017,BMW,650i xdrive gran coupe,Compact,4.4,8,AS8,Z,14.7,9.7,12.5,23,292,4.0,6.0
2017,BMW,740li xdrive,Full-size,3.0,6,AS8,Z,11.9,8.1,10.2,28,238,5.0,6.0
2017,BMW,750i xdrive,Full-size,4.4,8,AS8,Z,13.8,9.1,11.7,24,273,4.0,6.0
2017,BMW,750li xdrive,Full-size,4.4,8,AS8,Z,14.7,9.7,12.5,23,292,4.0,6.0
2017,BMW,alpina b6 xdrive gran coupe,Compact,4.4,8,AS8,Z,14.7,9.7,12.5,23,292,4.0,6.0
2017,BMW,alpina b7 xdrive,Full-size,4.4,8,AS8,Z,14.7,9.7,12.5,23,292,4.0,6.0
2017,BMW,m2,Subcompact,3.0,6,AM7,Z,11.8,8.9,10.5,27,245,5.0,6.0
2017,BMW,m2,Subcompact,3.0,6,M6,Z,13.1,9.2,11.4,25,267,4.0,6.0
2017,BMW,m240i cabriolet,Subcompact,3.0,6,AS8,Z,11.1,7.8,9.6,29,224,5.0,6.0
2017,BMW,m240i cabriolet,Subcompact,3.0,6,M6,Z,12.2,8.2,10.4,27,242,5.0,6.0
2017,BMW,m240i xdrive cabriolet,Subcompact,3.0,6,AS8,Z,11.4,7.8,9.8,29,228,5.0,6.0
2017,BMW,m240i coupe,Subcompact,3.0,6,AS8,Z,11.1,7.8,9.6,29,224,5.0,6.0
2017,BMW,m240i coupe,Subcompact,3.0,6,M6,Z,12.5,8.4,10.7,26,250,5.0,6.0
2017,BMW,m240i xdrive coupe,Subcompact,3.0,6,AS8,Z,11.4,7.8,9.8,29,228,5.0,6.0
2017,BMW,m3,Compact,3.0,6,AM7,Z,14.0,9.7,12.1,23,284,4.0,6.0
2017,BMW,m3,Compact,3.0,6,M6,Z,13.7,9.1,11.7,24,273,4.0,6.0
2017,BMW,m4 cabriolet,Subcompact,3.0,6,AM7,Z,14.1,9.6,12.1,23,283,4.0,6.0
2017,BMW,m4 cabriolet,Subcompact,3.0,6,M6,Z,13.7,9.1,11.7,24,273,4.0,6.0
2017,BMW,m4 coupe,Compact,3.0,6,AM7,Z,14.0,9.7,12.1,23,284,4.0,6.0
2017,BMW,m4 coupe,Compact,3.0,6,M6,Z,13.7,9.1,11.7,24,273,4.0,6.0
2017,BMW,m6,Compact,4.4,8,AM7,Z,17.2,11.6,14.7,19,343,2.0,6.0
2017,BMW,m6,Compact,4.4,8,M6,Z,16.2,10.9,13.8,20,324,3.0,6.0
2017,BMW,m6 cabriolet,Subcompact,4.4,8,AM7,Z,17.2,11.6,14.7,19,343,2.0,6.0
2017,BMW,m6 cabriolet,Subcompact,4.4,8,M6,Z,16.2,10.9,13.8,20,324,3.0,6.0
2017,BMW,m6 gran coupe,Compact,4.4,8,AM7,Z,17.2,11.6,14.7,19,343,2.0,6.0
2017,BMW,m6 gran coupe,Compact,4.4,8,M6,Z,16.2,10.9,13.8,20,324,3.0,6.0
2017,BMW,m760i xdrive,Full-size,6.6,12,AS8,Z,17.7,11.9,15.1,19,355,2.0,6.0
2017,BMW,x1 xdrive28i,Sport utility vehicle: Small,2.0,4,AS8,Z,10.5,7.4,9.1,31,213,6.0,8.0
2017,BMW,x3 xdrive28d,Sport utility vehicle: Small,2.0,4,AS8,D,8.7,7.1,8.0,35,211,6.0,6.0
2017,BMW,x3 xdrive28i,Sport utility vehicle: Small,2.0,4,AS8,Z,11.1,8.5,10.0,28,233,5.0,6.0
2017,BMW,x3 xdrive35i,Sport utility vehicle: Small,3.0,6,AS8,Z,12.7,9.1,11.1,25,260,4.0,6.0
2017,BMW,x4 xdrive28i,Sport utility vehicle: Small,2.0,4,AS8,Z,11.8,8.6,10.3,27,240,5.0,6.0
2017,BMW,x4 m40i,Sport utility vehicle: Small,3.0,6,AS8,Z,12.7,9.1,11.1,25,260,4.0,6.0
2017,BMW,x5 xdrive35d,Sport utility vehicle: Standard,3.0,6,AS8,D,10.3,8.0,9.3,30,249,5.0,6.0
2017,BMW,x5 xdrive35i,Sport utility vehicle: Standard,3.0,6,AS8,Z,13.0,9.8,11.5,25,270,4.0,6.0
2017,BMW,x5 xdrive50i,Sport utility vehicle: Standard,4.4,8,AS8,Z,15.6,11.3,13.7,21,320,3.0,6.0
2017,BMW,x5 m,Sport utility vehicle: Standard,4.4,8,AS8,Z,16.6,12.1,14.6,19,341,2.0,6.0
2017,BMW,x6 xdrive35i,Sport utility vehicle: Standard,3.0,6,AS8,Z,13.0,9.8,11.5,25,270,4.0,6.0
2017,BMW,x6 xdrive50i,Sport utility vehicle: Standard,4.4,8,AS8,Z,15.6,11.3,13.7,21,320,3.0,6.0
2017,BMW,x6 m,Sport utility vehicle: Standard,4.4,8,AS8,Z,16.6,12.1,14.6,19,341,2.0,6.0
2017,Buick,enclave,Sport utility vehicle: Standard,3.6,6,A6,X,15.7,10.6,13.4,21,315,3.0,5.0
2017,Buick,enclave awd,Sport utility vehicle: Standard,3.6,6,A6,X,16.0,10.9,13.7,21,322,3.0,5.0
2017,Buick,encore (le2 engine),Sport utility vehicle: Small,1.4,4,AS6,X,8.6,7.1,7.9,36,185,7.0,6.0
2017,Buick,encore (luv engine),Sport utility vehicle: Small,1.4,4,AS6,X,9.3,7.2,8.3,34,194,7.0,6.0
2017,Buick,encore awd (le2 engine),Sport utility vehicle: Small,1.4,4,AS6,X,8.9,7.6,8.3,34,196,6.0,6.0
2017,Buick,encore awd (luv engine),Sport utility vehicle: Small,1.4,4,AS6,X,9.8,7.7,8.8,32,208,6.0,6.0
2017,Buick,envision awd,Sport utility vehicle: Small,2.0,4,A6,Z,11.8,9.1,10.6,27,248,5.0,6.0
2017,Buick,envision awd,Sport utility vehicle: Small,2.5,4,A6,X,11.1,8.4,9.9,29,232,5.0,6.0
2017,Buick,lacrosse,Mid-size,3.6,6,AS8,X,11.2,7.5,9.5,30,224,5.0,6.0
2017,Buick,lacrosse awd,Mid-size,3.6,6,AS8,X,11.6,8.1,10.0,28,235,5.0,6.0
2017,Buick,regal,Mid-size,2.0,4,AS6,Z,11.5,8.0,9.9,29,233,5.0,6.0
2017,Buick,regal awd,Mid-size,2.0,4,AS6,Z,12.1,8.9,10.7,26,250,5.0,6.0
2017,Buick,verano,Compact,2.4,4,AS6,X,11.3,7.6,9.7,29,226,5.0,6.0
2017,Cadillac,ats,Compact,2.0,4,AS8,Z,10.6,7.7,9.3,30,217,6.0,6.0
2017,Cadillac,ats,Compact,2.0,4,M6,Z,11.8,8.0,10.1,28,236,5.0,6.0
2017,Cadillac,ats,Compact,2.5,4,AS8,X,10.7,7.4,9.2,31,216,6.0,6.0
2017,Cadillac,ats,Compact,3.6,6,AS8,X,11.6,8.0,10.0,28,234,5.0,6.0
2017,Cadillac,ats awd,Compact,2.0,4,AS8,Z,10.8,7.9,9.5,30,222,5.0,6.0
2017,Cadillac,ats awd,Compact,3.6,6,AS8,X,12.2,8.6,10.6,27,248,5.0,6.0
2017,Cadillac,ats-v,Compact,3.6,6,AS8,Z,13.9,9.4,11.9,24,279,4.0,6.0
2017,Cadillac,ats-v,Compact,3.6,6,M6,Z,14.4,10.4,12.6,22,295,4.0,6.0
2017,Cadillac,ct6,Full-size,2.0,4,AS8,Z,11.0,7.8,9.5,30,223,5.0,6.0
2017,Cadillac,ct6 awd,Full-size,3.0,6,AS8,Z,13.0,9.1,11.2,25,263,4.0,6.0
2017,Cadillac,ct6 awd,Full-size,3.6,6,AS8,X,12.8,8.8,11.0,26,259,4.0,6.0
2017,Cadillac,cts,Mid-size,2.0,4,AS8,Z,11.0,7.8,9.5,30,223,5.0,6.0
2017,Cadillac,cts,Mid-size,3.6,6,AS8,X,11.6,8.0,10.0,28,234,5.0,6.0
2017,Cadillac,cts awd,Mid-size,2.0,4,AS8,Z,11.2,8.2,9.8,29,229,5.0,6.0
2017,Cadillac,cts awd,Mid-size,3.6,6,AS8,X,12.2,8.6,10.6,27,248,5.0,6.0
2017,Cadillac,cts vsport,Mid-size,3.6,6,AS8,Z,15.0,9.9,12.7,22,299,3.0,6.0
2017,Cadillac,cts-v,Mid-size,6.2,8,AS8,Z,16.5,11.1,14.0,20,329,3.0,5.0
2017,Cadillac,escalade 4wd,Sport utility vehicle: Standard,6.2,8,A8,Z,16.1,11.7,14.1,20,331,3.0,5.0
2017,Cadillac,xt5,Sport utility vehicle: Small,3.6,6,AS8,X,12.1,8.6,10.5,27,245,5.0,5.0
2017,Cadillac,xt5 awd,Sport utility vehicle: Small,3.6,6,AS8,X,12.9,8.9,11.1,25,260,4.0,5.0
2017,Cadillac,xts,Full-size,3.6,6,AS6,X,13.2,8.5,11.1,25,260,4.0,6.0
2017,Cadillac,xts awd,Full-size,3.6,6,AS6,X,13.7,9.0,11.6,24,272,4.0,6.0
2017,Cadillac,xts vsport awd,Full-size,3.6,6,AS6,Z,15.0,10.3,12.8,22,299,3.0,6.0
2017,Chevrolet,camaro,Subcompact,2.0,4,AS8,Z,10.9,7.7,9.5,30,222,5.0,6.0
2017,Chevrolet,camaro,Subcompact,2.0,4,M6,Z,11.9,8.0,10.1,28,236,5.0,6.0
2017,Chevrolet,camaro,Subcompact,3.6,6,AS8,X,12.3,8.6,10.6,27,249,5.0,6.0
2017,Chevrolet,camaro,Subcompact,3.6,6,M6,X,14.4,8.4,11.7,24,274,4.0,6.0
2017,Chevrolet,camaro ss,Subcompact,6.2,8,AS8,Z,14.2,8.7,11.7,24,273,4.0,5.0
2017,Chevrolet,camaro ss,Subcompact,6.2,8,M6,Z,14.3,9.4,12.1,23,284,4.0,5.0
2017,Chevrolet,camaro zl1,Subcompact,6.2,8,AS10,Z,19.0,11.6,15.6,18,367,2.0,5.0
2017,Chevrolet,camaro zl1,Subcompact,6.2,8,M6,Z,17.2,12.0,14.9,19,349,2.0,5.0
2017,Chevrolet,city express,Special purpose vehicle,2.0,4,AV,X,9.8,9.0,9.4,30,220,5.0,6.0
2017,Chevrolet,colorado,Pickup truck: Small,2.5,4,A6,X,12.0,9.2,10.7,26,252,5.0,6.0
2017,Chevrolet,colorado,Pickup truck: Small,2.5,4,M6,X,12.2,9.2,10.9,26,254,5.0,6.0
2017,Chevrolet,colorado,Pickup truck: Small,2.8,4,A6,D,10.8,7.9,9.5,30,255,5.0,6.0
2017,Chevrolet,colorado,Pickup truck: Small,3.6,6,A8,X,13.4,9.6,11.7,24,274,4.0,7.0
2017,Chevrolet,colorado 4wd,Pickup truck: Small,2.5,4,A6,X,12.7,9.6,11.3,25,263,4.0,6.0
2017,Chevrolet,colorado 4wd,Pickup truck: Small,2.8,4,A6,D,12.1,8.4,10.4,27,280,4.0,6.0
2017,Chevrolet,colorado 4wd,Pickup truck: Small,3.6,6,A8,X,14.0,9.9,12.2,23,286,4.0,7.0
2017,Chevrolet,colorado zr2 4wd,Pickup truck: Small,2.8,4,A6,D,12.5,10.7,11.7,24,315,3.0,6.0
2017,Chevrolet,colorado zr2 4wd,Pickup truck: Small,3.6,6,A8,X,15.0,13.0,14.1,20,331,3.0,7.0
2017,Chevrolet,corvette,Two-seater,6.2,8,AS8,Z,15.2,8.9,12.4,23,290,4.0,5.0
2017,Chevrolet,corvette,Two-seater,6.2,8,M7,Z,14.2,9.0,11.9,24,278,4.0,5.0
2017,Chevrolet,corvette z06,Two-seater,6.2,8,AS8,Z,17.6,10.3,14.3,20,336,2.0,5.0
2017,Chevrolet,corvette z06,Two-seater,6.2,8,M7,Z,15.6,10.6,13.4,21,312,3.0,5.0
2017,Chevrolet,cruze,Compact,1.4,4,AS6,X,7.9,5.9,7.0,40,165,8.0,6.0
2017,Chevrolet,cruze premier,Compact,1.4,4,AS6,X,8.1,6.0,7.2,39,169,8.0,6.0
2017,Chevrolet,cruze,Compact,1.4,4,M6,X,8.3,6.0,7.3,39,170,7.0,6.0
2017,Chevrolet,cruze diesel,Compact,1.6,4,A9,D,7.6,5.0,6.4,44,172,7.0,6.0
2017,Chevrolet,cruze diesel,Compact,1.6,4,M6,D,7.7,4.5,6.3,45,169,8.0,6.0
2017,Chevrolet,cruze hatchback,Compact,1.4,4,AS6,X,8.1,6.2,7.3,39,172,7.0,6.0
2017,Chevrolet,cruze hatchback premier,Compact,1.4,4,AS6,X,8.4,6.4,7.5,38,176,7.0,6.0
2017,Chevrolet,cruze hatchback,Compact,1.4,4,M6,X,8.3,6.4,7.4,38,173,7.0,6.0
2017,Chevrolet,equinox,Sport utility vehicle: Small,2.4,4,A6,X,11.0,7.5,9.4,30,221,5.0,6.0
2017,Chevrolet,equinox ffv,Sport utility vehicle: Small,2.4,4,A6,X,11.0,7.5,9.4,30,221,5.0,6.0
2017,Chevrolet,equinox ffv,Sport utility vehicle: Small,2.4,4,A6,E,15.6,11.0,13.6,21,223,5.0,6.0
2017,Chevrolet,equinox,Sport utility vehicle: Small,3.6,6,A6,X,14.1,9.7,12.1,23,285,4.0,6.0
2017,Chevrolet,equinox awd,Sport utility vehicle: Small,2.4,4,A6,X,11.5,8.3,10.1,28,237,5.0,6.0
2017,Chevrolet,equinox awd ffv,Sport utility vehicle: Small,2.4,4,A6,X,11.5,8.3,10.1,28,237,5.0,6.0
2017,Chevrolet,equinox awd ffv,Sport utility vehicle: Small,2.4,4,A6,E,16.3,11.8,14.2,20,234,5.0,6.0
2017,Chevrolet,equinox awd,Sport utility vehicle: Small,3.6,6,A6,X,15.0,10.4,13.0,22,304,3.0,6.0
2017,Chevrolet,express 2500 passenger,Van: Passenger,6.0,8,A6,X,21.8,14.8,18.6,15,438,1.0,2.0
2017,Chevrolet,express 3500 passenger,Van: Passenger,6.0,8,A6,X,22.3,14.9,19.0,15,445,1.0,2.0
2017,Chevrolet,impala,Full-size,2.5,4,AS6,X,10.9,7.9,9.5,30,224,5.0,6.0
2017,Chevrolet,impala ffv,Full-size,3.6,6,AS6,X,12.5,8.3,10.6,27,249,5.0,6.0
2017,Chevrolet,impala ffv,Full-size,3.6,6,AS6,E,17.0,11.7,14.6,19,240,5.0,6.0
2017,Chevrolet,malibu,Mid-size,1.5,4,A6,X,8.8,6.5,7.8,36,182,7.0,6.0
2017,Chevrolet,malibu,Mid-size,2.0,4,A9,Z,10.7,7.1,9.1,31,212,6.0,6.0
2017,Chevrolet,malibu hybrid,Mid-size,1.8,4,AV,X,4.8,5.5,5.1,55,121,10.0,6.0
2017,Chevrolet,silverado ffv,Pickup truck: Standard,4.3,6,A6,X,13.4,10.0,11.9,24,279,4.0,7.0
2017,Chevrolet,silverado ffv,Pickup truck: Standard,4.3,6,A6,E,19.3,14.3,17.1,17,284,4.0,7.0
2017,Chevrolet,silverado,Pickup truck: Standard,5.3,8,A6,X,14.6,10.3,12.7,22,297,4.0,5.0
2017,Chevrolet,silverado ffv,Pickup truck: Standard,5.3,8,A6,X,14.6,10.3,12.7,22,298,4.0,5.0
2017,Chevrolet,silverado ffv,Pickup truck: Standard,5.3,8,A6,E,19.7,13.9,17.1,17,284,4.0,5.0
2017,Chevrolet,silverado,Pickup truck: Standard,5.3,8,A8,X,15.2,10.7,13.1,22,309,3.0,5.0
2017,Chevrolet,silverado,Pickup truck: Standard,6.2,8,A8,Z,15.9,11.2,13.8,20,324,3.0,5.0
2017,Chevrolet,silverado 4wd ffv,Pickup truck: Standard,4.3,6,A6,X,14.1,10.6,12.5,23,294,4.0,7.0
2017,Chevrolet,silverado 4wd ffv,Pickup truck: Standard,4.3,6,A6,E,20.2,15.2,18.0,16,294,4.0,7.0
2017,Chevrolet,silverado 4wd,Pickup truck: Standard,5.3,8,A6,X,15.0,10.7,13.1,22,307,3.0,5.0
2017,Chevrolet,silverado 4wd ffv,Pickup truck: Standard,5.3,8,A6,X,15.0,10.7,13.1,22,307,3.0,5.0
2017,Chevrolet,silverado 4wd ffv,Pickup truck: Standard,5.3,8,A6,E,20.7,14.4,17.9,16,315,3.0,5.0
2017,Chevrolet,silverado 4wd,Pickup truck: Standard,5.3,8,A8,X,15.9,11.5,13.9,20,327,3.0,5.0
2017,Chevrolet,silverado eassist 4wd,Pickup truck: Standard,5.3,8,A8,X,14.4,11.2,13.0,22,303,3.0,5.0
2017,Chevrolet,silverado 4wd,Pickup truck: Standard,6.2,8,A8,Z,16.0,11.7,14.1,20,330,3.0,5.0
2017,Chevrolet,sonic,Compact,1.4,4,AS6,X,8.8,6.6,7.8,36,184,7.0,6.0
2017,Chevrolet,sonic,Compact,1.4,4,M6,X,8.4,6.3,7.4,38,174,7.0,6.0
2017,Chevrolet,sonic,Compact,1.8,4,AS6,X,9.7,6.9,8.4,34,197,6.0,6.0
2017,Chevrolet,sonic,Compact,1.8,4,M5,X,9.2,7.1,8.3,34,194,7.0,6.0
2017,Chevrolet,sonic 5,Station wagon: Small,1.4,4,AS6,X,8.8,6.6,7.8,36,184,7.0,6.0
2017,Chevrolet,sonic 5,Station wagon: Small,1.4,4,M6,X,8.4,6.3,7.4,38,174,7.0,6.0
2017,Chevrolet,sonic 5,Station wagon: Small,1.8,4,AS6,X,9.7,6.9,8.4,34,197,6.0,6.0
2017,Chevrolet,sonic 5,Station wagon: Small,1.8,4,M5,X,9.2,7.1,8.3,34,194,7.0,6.0
2017,Chevrolet,spark,Subcompact,1.4,4,AV,X,7.8,6.2,7.1,40,167,8.0,7.0
2017,Chevrolet,spark,Subcompact,1.4,4,M5,X,8.0,6.2,7.2,39,168,8.0,7.0
2017,Chevrolet,suburban,Sport utility vehicle: Standard,5.3,8,A6,X,15.1,10.4,13.0,22,305,3.0,5.0
2017,Chevrolet,suburban ffv,Sport utility vehicle: Standard,5.3,8,A6,X,15.1,10.4,13.0,22,305,3.0,5.0
2017,Chevrolet,suburban ffv,Sport utility vehicle: Standard,5.3,8,A6,E,20.0,13.5,17.1,17,284,4.0,5.0
2017,Chevrolet,suburban 4wd,Sport utility vehicle: Standard,5.3,8,A6,X,15.4,10.8,13.3,21,312,3.0,5.0
2017,Chevrolet,suburban 4wd ffv,Sport utility vehicle: Standard,5.3,8,A6,X,15.4,10.8,13.3,21,312,3.0,5.0
2017,Chevrolet,suburban 4wd ffv,Sport utility vehicle: Standard,5.3,8,A6,E,22.1,15.4,19.1,15,317,3.0,5.0
2017,Chevrolet,tahoe,Sport utility vehicle: Standard,5.3,8,A6,X,15.1,10.4,13.0,22,305,3.0,5.0
2017,Chevrolet,tahoe ffv,Sport utility vehicle: Standard,5.3,8,A6,X,15.1,10.4,13.0,22,305,3.0,5.0
2017,Chevrolet,tahoe ffv,Sport utility vehicle: Standard,5.3,8,A6,E,20.0,13.5,17.1,17,284,4.0,5.0
2017,Chevrolet,tahoe 4wd,Sport utility vehicle: Standard,5.3,8,A6,X,15.2,10.8,13.2,21,310,3.0,5.0
2017,Chevrolet,tahoe 4wd ffv,Sport utility vehicle: Standard,5.3,8,A6,X,15.2,10.8,13.2,21,310,3.0,5.0
2017,Chevrolet,tahoe 4wd ffv,Sport utility vehicle: Standard,5.3,8,A6,E,20.8,14.5,18.0,16,299,3.0,5.0
2017,Chevrolet,traverse,Sport utility vehicle: Standard,3.6,6,A6,X,15.7,10.6,13.4,21,315,3.0,5.0
2017,Chevrolet,traverse awd,Sport utility vehicle: Standard,3.6,6,A6,X,16.0,10.9,13.7,21,322,3.0,5.0
2017,Chevrolet,trax,Sport utility vehicle: Small,1.4,4,AS6,X,9.3,7.2,8.3,34,194,7.0,6.0
2017,Chevrolet,trax,Sport utility vehicle: Small,1.4,4,M6,X,9.2,7.1,8.2,34,194,7.0,6.0
2017,Chevrolet,trax awd,Sport utility vehicle: Small,1.4,4,AS6,X,9.8,7.7,8.8,32,208,6.0,6.0
2017,Chrysler,200 ffv,Mid-size,2.4,4,A9,X,10.2,6.6,8.6,33,201,6.0,6.0
2017,Chrysler,200 ffv,Mid-size,2.4,4,A9,E,13.9,8.9,11.7,24,192,7.0,6.0
2017,Chrysler,200 ffv,Mid-size,3.6,6,A9,X,12.4,7.6,10.2,28,241,5.0,6.0
2017,Chrysler,200 ffv,Mid-size,3.6,6,A9,E,16.8,10.4,13.9,20,230,5.0,6.0
2017,Chrysler,200 awd ffv,Mid-size,3.6,6,A9,X,12.8,8.3,10.8,26,252,5.0,6.0
2017,Chrysler,200 awd ffv,Mid-size,3.6,6,A9,E,17.1,11.1,14.4,20,237,5.0,6.0
2017,Chrysler,300,Full-size,3.6,6,A8,X,12.4,7.8,10.3,27,242,5.0,6.0
2017,Chrysler,300 (mds),Full-size,5.7,8,A8,X,14.7,9.4,12.3,23,289,4.0,6.0
2017,Chrysler,300 awd,Full-size,3.6,6,A8,X,12.8,8.7,11.0,26,258,4.0,6.0
2017,Chrysler,300 awd ffv,Full-size,3.6,6,A8,X,12.8,8.7,11.0,26,258,4.0,6.0
2017,Chrysler,300 awd ffv,Full-size,3.6,6,A8,E,17.6,12.0,15.0,19,248,5.0,6.0
2017,Chrysler,pacifica,Minivan,3.6,6,A9,X,12.9,8.4,10.9,26,257,5.0,6.0
2017,Chrysler,pacifica (stop-start),Minivan,3.6,6,A9,X,12.4,8.4,10.6,27,249,5.0,6.0
2017,Dodge,challenger,Mid-size,3.6,6,A8,X,12.4,7.8,10.3,27,242,5.0,6.0
2017,Dodge,challenger (mds),Mid-size,5.7,8,A8,X,14.7,9.4,12.3,23,289,4.0,6.0
2017,Dodge,challenger,Mid-size,5.7,8,M6,Z,15.6,10.1,13.1,22,307,3.0,5.0
2017,Dodge,challenger (mds),Mid-size,6.4,8,A8,Z,15.6,9.6,12.9,22,302,3.0,5.0
2017,Dodge,challenger,Mid-size,6.4,8,M6,Z,16.7,10.4,13.9,20,325,3.0,5.0
2017,Dodge,challenger gt,Mid-size,3.6,6,A8,X,12.8,8.7,11.0,26,258,4.0,6.0
2017,Dodge,challenger srt (mds),Mid-size,6.4,8,A8,Z,15.6,9.6,12.9,22,302,3.0,5.0
2017,Dodge,challenger srt,Mid-size,6.4,8,M6,Z,16.7,10.4,13.9,20,325,3.0,5.0
2017,Dodge,challenger srt hellcat,Mid-size,6.2,8,A8,Z,17.6,10.7,14.5,19,339,2.0,5.0
2017,Dodge,challenger srt hellcat,Mid-size,6.2,8,M6,Z,18.1,11.4,15.1,19,352,2.0,5.0
2017,Dodge,charger,Full-size,3.6,6,A5,X,13.7,9.0,11.6,24,271,4.0,6.0
2017,Dodge,charger,Full-size,3.6,6,A8,X,12.4,7.8,10.3,27,242,5.0,6.0
2017,Dodge,charger (mds),Full-size,5.7,8,A5,X,15.6,9.7,12.9,22,302,3.0,6.0
2017,Dodge,charger (mds),Full-size,5.7,8,A8,X,14.7,9.4,12.3,23,289,4.0,6.0
2017,Dodge,charger (mds),Full-size,6.4,8,A8,Z,15.6,9.6,12.9,22,302,3.0,5.0
2017,Dodge,charger awd,Full-size,3.6,6,A8,X,12.8,8.7,11.0,26,258,4.0,6.0
2017,Dodge,charger awd ffv,Full-size,3.6,6,A8,X,12.8,8.7,11.0,26,258,4.0,6.0
2017,Dodge,charger awd ffv,Full-size,3.6,6,A8,E,17.6,12.0,15.0,19,248,5.0,6.0
2017,Dodge,charger awd,Full-size,5.7,8,A5,X,16.0,10.1,13.3,21,312,3.0,6.0
2017,Dodge,charger srt (mds),Full-size,6.4,8,A8,Z,15.6,9.6,12.9,22,302,3.0,5.0
2017,Dodge,charger srt hellcat,Full-size,6.2,8,A8,Z,17.6,10.7,14.5,19,339,2.0,5.0
2017,Dodge,durango awd,Sport utility vehicle: Standard,3.6,6,A8,X,12.7,9.6,11.3,25,265,4.0,6.0
2017,Dodge,durango awd,Sport utility vehicle: Standard,5.7,8,A8,X,16.6,10.7,14.0,20,328,3.0,6.0
2017,Dodge,grand caravan ffv,Minivan,3.6,6,A6,X,13.7,9.4,11.8,24,276,4.0,6.0
2017,Dodge,grand caravan ffv,Minivan,3.6,6,A6,E,19.4,13.3,16.7,17,274,4.0,6.0
2017,Dodge,journey,Sport utility vehicle: Small,2.4,4,A4,X,12.7,9.2,11.1,25,261,4.0,6.0
2017,Dodge,journey ffv,Sport utility vehicle: Small,3.6,6,A6,X,14.2,9.5,12.1,23,284,4.0,6.0
2017,Dodge,journey ffv,Sport utility vehicle: Small,3.6,6,A6,E,19.1,13.2,16.4,17,274,4.0,6.0
2017,Dodge,journey awd,Sport utility vehicle: Small,3.6,6,A6,X,14.5,10.0,12.4,23,292,4.0,6.0
2017,Dodge,viper,Two-seater,8.4,10,M6,Z,19.9,12.6,16.6,17,387,1.0,5.0
2017,FIAT,124 spider,Two-seater,1.4,4,A6,X,9.3,6.5,8.0,35,187,7.0,6.0
2017,FIAT,124 spider,Two-seater,1.4,4,M6,X,9.0,6.7,7.9,36,185,7.0,6.0
2017,FIAT,500 cabrio,Minicompact,1.4,4,A6,X,8.7,7.1,8.0,35,186,7.0,6.0
2017,FIAT,500 cabrio,Minicompact,1.4,4,M5,X,8.0,6.5,7.3,39,171,7.0,6.0
2017,FIAT,500 hatchback,Minicompact,1.4,4,A6,X,8.7,7.1,8.0,35,186,7.0,6.0
2017,FIAT,500 hatchback,Minicompact,1.4,4,M5,X,7.7,6.1,7.0,40,163,8.0,6.0
2017,FIAT,500 abarth cabrio,Minicompact,1.4,4,A6,X,9.7,7.4,8.7,32,202,6.0,6.0
2017,FIAT,500 abarth cabrio,Minicompact,1.4,4,M5,X,8.5,7.1,7.9,36,186,7.0,6.0
2017,FIAT,500 abarth hatchback,Minicompact,1.4,4,A6,X,9.7,7.4,8.7,32,202,6.0,6.0
2017,FIAT,500 abarth hatchback,Minicompact,1.4,4,M5,X,8.5,7.1,7.9,36,186,7.0,6.0
2017,FIAT,500l,Station wagon: Small,1.4,4,A6,X,10.7,7.9,9.4,30,221,5.0,6.0
2017,FIAT,500x,Sport utility vehicle: Small,1.4,4,M6,X,9.5,7.1,8.4,34,197,6.0,6.0
2017,FIAT,500x,Sport utility vehicle: Small,2.4,4,A9,X,10.7,7.7,9.3,30,219,5.0,6.0
2017,FIAT,500x awd,Sport utility vehicle: Small,2.4,4,A9,X,11.0,8.0,9.7,29,226,5.0,6.0
2017,Ford,c-max hybrid,Full-size,2.0,4,AV,X,5.7,6.2,5.9,48,138,9.0,8.0
2017,Ford,edge,Sport utility vehicle: Small,2.0,4,AS6,X,11.5,8.0,9.9,29,233,5.0,7.0
2017,Ford,edge (start/stop),Sport utility vehicle: Small,2.0,4,AS6,X,11.3,8.0,9.8,29,230,5.0,7.0
2017,Ford,edge,Sport utility vehicle: Small,3.5,6,AS6,X,13.5,9.1,11.5,25,270,4.0,6.0
2017,Ford,edge awd,Sport utility vehicle: Small,2.0,4,AS6,X,11.9,8.6,10.4,27,244,5.0,7.0
2017,Ford,edge awd,Sport utility vehicle: Small,2.7,6,AS6,X,13.8,9.8,12.0,24,281,4.0,7.0
2017,Ford,edge awd,Sport utility vehicle: Small,3.5,6,AS6,X,13.9,10.0,12.1,23,284,4.0,6.0
2017,Ford,escape,Sport utility vehicle: Small,1.5,4,AS6,X,10.2,7.8,9.1,31,214,6.0,6.0
2017,Ford,escape,Sport utility vehicle: Small,2.0,4,AS6,X,10.6,8.0,9.5,30,222,5.0,7.0
2017,Ford,escape ffv,Sport utility vehicle: Small,2.5,4,AS6,X,11.1,8.1,9.7,29,229,5.0,6.0
2017,Ford,escape ffv,Sport utility vehicle: Small,2.5,4,AS6,E,15.2,10.8,13.3,21,219,5.0,6.0
2017,Ford,escape awd,Sport utility vehicle: Small,1.5,4,AS6,X,10.7,8.3,9.6,29,226,5.0,6.0
2017,Ford,escape awd,Sport utility vehicle: Small,2.0,4,AS6,X,11.5,8.7,10.2,28,239,5.0,7.0
2017,Ford,expedition 4x4,Sport utility vehicle: Standard,3.5,6,AS6,X,15.9,12.0,14.2,20,333,3.0,5.0
2017,Ford,expedition el 4x4,Sport utility vehicle: Standard,3.5,6,AS6,X,16.1,12.2,14.3,20,337,2.0,5.0
2017,Ford,explorer,Sport utility vehicle: Standard,2.3,4,AS6,X,12.6,8.6,10.8,26,254,5.0,6.0
2017,Ford,explorer ffv,Sport utility vehicle: Standard,3.5,6,AS6,X,13.9,9.7,12.0,24,281,4.0,5.0
2017,Ford,explorer ffv,Sport utility vehicle: Standard,3.5,6,AS6,E,18.7,12.9,16.1,18,264,4.0,5.0
2017,Ford,explorer awd,Sport utility vehicle: Standard,2.3,4,AS6,X,13.1,9.2,11.3,25,266,4.0,6.0
2017,Ford,explorer awd,Sport utility vehicle: Standard,3.5,6,AS6,X,14.8,10.7,13.0,22,305,3.0,6.0
2017,Ford,explorer ffv awd,Sport utility vehicle: Standard,3.5,6,AS6,X,14.4,10.5,12.6,22,296,4.0,5.0
2017,Ford,explorer ffv awd,Sport utility vehicle: Standard,3.5,6,AS6,E,19.6,14.2,17.2,16,284,4.0,5.0
2017,Ford,f-150,Pickup truck: Standard,2.7,6,AS6,X,12.2,9.3,10.9,26,256,5.0,6.0
2017,Ford,f-150 (lt tire pkg),Pickup truck: Standard,2.7,6,AS6,X,12.4,9.8,11.2,25,263,4.0,6.0
2017,Ford,f-150 (payload pkg),Pickup truck: Standard,2.7,6,AS6,X,13.1,9.8,11.6,24,272,4.0,6.0
2017,Ford,f-150,Pickup truck: Standard,3.5,6,AS10,X,12.7,9.5,11.3,25,264,4.0,5.0
2017,Ford,f-150 ffv,Pickup truck: Standard,3.5,6,A6,X,13.2,9.7,11.6,24,272,4.0,6.0
2017,Ford,f-150 ffv,Pickup truck: Standard,3.5,6,A6,E,17.9,13.2,15.8,18,258,4.0,6.0
2017,Ford,f-150 (lt tire pkg),Pickup truck: Standard,3.5,6,AS10,X,13.0,10.2,11.7,24,274,4.0,5.0
2017,Ford,f-150 (payload pkg),Pickup truck: Standard,3.5,6,AS10,X,13.8,10.7,12.4,23,290,4.0,5.0
2017,Ford,f-150 ffv,Pickup truck: Standard,5.0,8,AS6,X,15.4,10.6,13.2,21,310,3.0,6.0
2017,Ford,f-150 ffv,Pickup truck: Standard,5.0,8,AS6,E,20.5,14.3,17.7,16,291,4.0,6.0
2017,Ford,f-150 ffv (payload pkg),Pickup truck: Standard,5.0,8,AS6,X,16.8,11.8,14.5,19,340,2.0,6.0
2017,Ford,f-150 ffv (payload pkg),Pickup truck: Standard,5.0,8,AS6,E,20.5,14.3,17.7,16,291,4.0,6.0
2017,Ford,f-150 4x4,Pickup truck: Standard,2.7,6,AS6,X,13.1,10.2,11.8,24,276,4.0,6.0
2017,Ford,f-150 4x4 (lt tire pkg),Pickup truck: Standard,2.7,6,AS6,X,13.5,11.2,12.5,23,293,4.0,6.0
2017,Ford,f-150 4x4 (payload pkg),Pickup truck: Standard,2.7,6,AS6,X,13.3,10.7,12.3,23,288,4.0,6.0
2017,Ford,f-150 4x4,Pickup truck: Standard,3.5,6,AS10,X,13.6,10.3,12.1,23,284,4.0,5.0
2017,Ford,f-150 ffv 4x4,Pickup truck: Standard,3.5,6,A6,X,14.0,10.6,12.5,23,293,4.0,6.0
2017,Ford,f-150 ffv 4x4,Pickup truck: Standard,3.5,6,A6,E,19.0,14.3,16.9,17,281,4.0,6.0
2017,Ford,f-150 4x4 (lt tire pkg),Pickup truck: Standard,3.5,6,AS10,X,13.6,10.7,12.3,23,288,4.0,5.0
2017,Ford,f-150 4x4 (payload pkg),Pickup truck: Standard,3.5,6,AS10,X,14.0,11.0,12.7,22,298,4.0,5.0
2017,Ford,f-150 ffv 4x4,Pickup truck: Standard,5.0,8,AS6,X,15.9,11.3,13.8,20,323,3.0,6.0
2017,Ford,f-150 ffv 4x4,Pickup truck: Standard,5.0,8,AS6,E,21.5,15.1,18.6,15,305,3.0,6.0
2017,Ford,f-150 ffv 4x4 (lt tire pkg),Pickup truck: Standard,5.0,8,AS6,X,16.0,11.8,14.1,20,330,3.0,6.0
2017,Ford,f-150 ffv 4x4 (lt tire pkg),Pickup truck: Standard,5.0,8,AS6,E,21.5,15.1,18.6,15,306,3.0,6.0
2017,Ford,f-150 ffv 4x4 (payload pkg),Pickup truck: Standard,5.0,8,AS6,X,16.8,12.4,14.8,19,347,2.0,6.0
2017,Ford,f-150 ffv 4x4 (payload pkg),Pickup truck: Standard,5.0,8,AS6,E,22.2,16.5,19.6,14,326,3.0,6.0
2017,Ford,f-150 raptor 4x4,Pickup truck: Standard,3.5,6,AS10,X,15.6,13.2,14.5,19,339,2.0,5.0
2017,Ford,fiesta sfe,Subcompact,1.0,3,M5,X,7.6,5.7,6.8,42,158,8.0,6.0
2017,Ford,fiesta,Subcompact,1.6,4,AS6,X,8.6,6.4,7.6,37,178,7.0,6.0
2017,Ford,fiesta,Subcompact,1.6,4,M5,X,8.6,6.7,7.8,36,182,7.0,6.0
2017,Ford,fiesta st,Compact,1.6,4,M6,X,9.0,7.1,8.2,34,192,7.0,6.0
2017,Ford,flex,Sport utility vehicle: Standard,3.5,6,AS6,X,14.7,10.2,12.7,22,298,4.0,6.0
2017,Ford,flex awd,Sport utility vehicle: Standard,3.5,6,AS6,X,14.7,10.7,12.9,22,303,3.0,6.0
2017,Ford,flex awd gtdi,Sport utility vehicle: Standard,3.5,6,AS6,X,15.7,11.2,13.7,21,321,3.0,6.0
2017,Ford,focus (start/stop),Compact,1.0,3,AS6,X,8.5,6.2,7.5,38,176,7.0,6.0
2017,Ford,focus (start/stop),Compact,1.0,3,M6,X,7.9,5.9,7.0,40,164,8.0,6.0
2017,Ford,focus ffv,Compact,2.0,4,AM6,X,9.1,6.4,7.9,36,185,7.0,6.0
2017,Ford,focus ffv,Compact,2.0,4,AM6,E,12.2,8.8,10.6,27,177,7.0,6.0
2017,Ford,focus ffv,Compact,2.0,4,AS6,X,9.2,6.6,8.0,35,189,7.0,6.0
2017,Ford,focus ffv,Compact,2.0,4,AS6,E,12.4,9.1,10.9,26,182,7.0,6.0
2017,Ford,focus ffv,Compact,2.0,4,M5,X,9.5,7.0,8.3,34,195,6.0,6.0
2017,Ford,focus ffv,Compact,2.0,4,M5,E,12.9,9.5,11.4,25,188,7.0,6.0
2017,Ford,focus st,Mid-size,2.0,4,M6,X,10.5,7.8,9.3,30,219,5.0,6.0
2017,Ford,focus rs awd,Mid-size,2.3,4,M6,Z,12.2,9.4,10.9,26,256,5.0,6.0
2017,Ford,fusion,Mid-size,1.5,4,AS6,X,10.0,7.0,8.7,32,204,6.0,8.0
2017,Ford,fusion,Mid-size,2.0,4,AS6,X,11.2,7.6,9.6,29,225,5.0,7.0
2017,Ford,fusion,Mid-size,2.5,4,A6,X,11.3,7.5,9.6,29,224,5.0,7.0
2017,Ford,fusion awd,Mid-size,2.0,4,AS6,X,11.8,8.1,10.1,28,238,5.0,7.0
2017,Ford,fusion awd,Mid-size,2.7,6,AS6,X,13.5,9.0,11.5,25,270,4.0,7.0
2017,Ford,fusion hybrid,Mid-size,2.0,4,AV,X,5.5,5.7,5.6,50,131,9.0,8.0
2017,Ford,gt,Two-seater,3.5,6,AM7,Z,20.6,13.2,17.3,16,406,1.0,6.0
2017,Ford,mustang,Subcompact,2.3,4,AS6,X,11.0,7.9,9.6,29,226,5.0,6.0
2017,Ford,mustang (performance pkg),Subcompact,2.3,4,AS6,X,11.8,8.3,10.2,28,239,5.0,6.0
2017,Ford,mustang,Subcompact,2.3,4,M6,X,11.2,7.8,9.8,29,230,5.0,6.0
2017,Ford,mustang (performance pkg),Subcompact,2.3,4,M6,X,11.2,8.4,9.8,29,230,5.0,6.0
2017,Ford,mustang,Subcompact,3.7,6,AS6,X,12.8,8.9,11.1,25,259,4.0,6.0
2017,Ford,mustang,Subcompact,3.7,6,M6,X,13.8,8.8,11.5,25,271,4.0,6.0
2017,Ford,mustang,Subcompact,5.0,8,AS6,X,15.6,9.6,12.9,22,303,3.0,6.0
2017,Ford,mustang,Subcompact,5.0,8,M6,X,15.8,9.8,13.1,22,307,3.0,6.0
2017,Ford,mustang (performance pkg),Subcompact,5.0,8,M6,X,16.7,10.2,13.8,20,324,3.0,6.0
2017,Ford,mustang convertible,Subcompact,2.3,4,AS6,X,11.8,8.3,10.2,28,239,5.0,6.0
2017,Ford,mustang convertible,Subcompact,2.3,4,M6,X,11.2,8.7,10.1,28,237,5.0,6.0
2017,Ford,mustang convertible,Subcompact,5.0,8,AS6,X,15.5,10.3,13.2,21,309,3.0,6.0
2017,Ford,mustang convertible,Subcompact,5.0,8,M6,X,16.7,10.2,13.8,20,324,3.0,6.0
2017,Ford,shelby gt350 mustang,Subcompact,5.2,8,M6,Z,17.2,11.3,14.6,19,341,2.0,6.0
2017,Ford,t-150 wagon,Van: Passenger,3.5,6,AS6,X,16.2,12.8,14.6,19,344,2.0,2.0
2017,Ford,t-150 wagon ffv,Van: Passenger,3.7,6,AS6,X,16.7,13.0,15.1,19,354,2.0,2.0
2017,Ford,t-150 wagon ffv,Van: Passenger,3.7,6,AS6,E,23.0,18.5,20.9,14,343,2.0,2.0
2017,Ford,taurus,Full-size,2.0,4,AS6,X,11.8,8.1,10.1,28,238,5.0,6.0
2017,Ford,taurus ffv,Full-size,3.5,6,AS6,X,13.1,8.7,11.1,25,260,4.0,6.0
2017,Ford,taurus ffv,Full-size,3.5,6,AS6,E,17.6,11.7,15.0,19,249,5.0,6.0
2017,Ford,taurus awd,Full-size,3.5,6,AS6,X,14.7,9.8,12.5,23,293,4.0,6.0
2017,Ford,taurus ffv awd,Full-size,3.5,6,AS6,X,13.6,9.9,12.4,23,291,4.0,6.0
2017,Ford,taurus ffv awd,Full-size,3.5,6,AS6,E,18.7,13.4,16.3,17,271,4.0,6.0
2017,Ford,transit connect van ffv,Special purpose vehicle,2.5,4,AS6,X,11.9,8.7,10.4,27,244,5.0,6.0
2017,Ford,transit connect van ffv,Special purpose vehicle,2.5,4,AS6,E,16.1,11.9,14.2,20,234,5.0,6.0
2017,Ford,transit connect wagon lwb ffv,Special purpose vehicle,2.5,4,AS6,X,12.4,8.8,10.8,26,253,5.0,6.0
2017,Ford,transit connect wagon lwb ffv,Special purpose vehicle,2.5,4,AS6,E,16.8,12.1,14.7,19,242,5.0,6.0
2017,Genesis,g80 awd,Full-size,3.8,6,AS8,X,14.3,9.5,12.1,23,286,4.0,6.0
2017,Genesis,g80 awd,Full-size,5.0,8,AS8,Z,17.2,10.5,14.2,20,332,3.0,6.0
2017,Genesis,g90 awd,Full-size,3.3,6,AS8,Z,13.7,9.7,11.9,24,279,4.0,6.0
2017,Genesis,g90 awd,Full-size,5.0,8,AS8,Z,15.2,10.2,13.0,22,306,3.0,7.0
2017,GMC,acadia,Sport utility vehicle: Standard,2.5,4,A6,X,11.0,9.2,10.2,28,239,5.0,6.0
2017,GMC,acadia,Sport utility vehicle: Standard,3.6,6,A6,X,13.0,9.3,11.3,25,265,4.0,5.0
2017,GMC,acadia awd,Sport utility vehicle: Standard,2.5,4,A6,X,11.2,9.4,10.4,27,243,5.0,6.0
2017,GMC,acadia awd,Sport utility vehicle: Standard,3.6,6,A6,X,13.3,9.5,11.6,24,271,4.0,5.0
2017,GMC,canyon,Pickup truck: Small,2.5,4,A6,X,12.0,9.2,10.7,26,252,5.0,6.0
2017,GMC,canyon,Pickup truck: Small,2.5,4,M6,X,12.2,9.2,10.9,26,254,5.0,6.0
2017,GMC,canyon,Pickup truck: Small,2.8,4,A6,D,10.8,7.9,9.5,30,255,5.0,6.0
2017,GMC,canyon,Pickup truck: Small,3.6,6,A8,X,13.4,9.6,11.7,24,274,4.0,7.0
2017,GMC,canyon 4wd,Pickup truck: Small,2.5,4,A6,X,12.7,9.6,11.3,25,263,4.0,6.0
2017,GMC,canyon 4wd,Pickup truck: Small,2.8,4,A6,D,12.1,8.4,10.4,27,280,4.0,6.0
2017,GMC,canyon 4wd,Pickup truck: Small,3.6,6,A8,X,14.0,9.9,12.2,23,286,4.0,7.0
2017,GMC,savana 2500 passenger,Van: Passenger,6.0,8,A6,X,21.8,14.8,18.6,15,438,1.0,2.0
2017,GMC,savana 3500 passenger,Van: Passenger,6.0,8,A6,X,22.3,14.9,19.0,15,445,1.0,2.0
2017,GMC,sierra ffv,Pickup truck: Standard,4.3,6,A6,X,13.4,10.0,11.9,24,279,4.0,7.0
2017,GMC,sierra ffv,Pickup truck: Standard,4.3,6,A6,E,19.3,14.3,17.1,17,284,4.0,7.0
2017,GMC,sierra,Pickup truck: Standard,5.3,8,A6,X,14.6,10.3,12.7,22,297,4.0,5.0
2017,GMC,sierra ffv,Pickup truck: Standard,5.3,8,A6,X,14.6,10.3,12.7,22,298,4.0,5.0
2017,GMC,sierra ffv,Pickup truck: Standard,5.3,8,A6,E,19.7,13.9,17.1,17,284,4.0,5.0
2017,GMC,sierra,Pickup truck: Standard,5.3,8,A8,X,15.2,10.7,13.1,22,309,3.0,5.0
2017,GMC,sierra eassist 4wd,Pickup truck: Standard,5.3,8,A8,X,14.4,11.2,13.0,22,303,3.0,5.0
2017,GMC,sierra,Pickup truck: Standard,6.2,8,A8,Z,15.9,11.2,13.8,20,323,3.0,5.0
2017,GMC,sierra 4wd ffv,Pickup truck: Standard,4.3,6,A6,X,14.1,10.6,12.5,23,294,4.0,7.0
2017,GMC,sierra 4wd ffv,Pickup truck: Standard,4.3,6,A6,E,20.3,15.2,18.0,16,294,4.0,7.0
2017,GMC,sierra 4wd,Pickup truck: Standard,5.3,8,A6,X,15.0,10.7,13.1,22,307,3.0,5.0
2017,GMC,sierra 4wd ffv,Pickup truck: Standard,5.3,8,A6,X,15.0,10.7,13.1,22,307,3.0,5.0
2017,GMC,sierra 4wd ffv,Pickup truck: Standard,5.3,8,A6,E,20.7,14.4,17.9,16,317,3.0,5.0
2017,GMC,sierra 4wd,Pickup truck: Standard,5.3,8,A8,X,15.9,11.5,13.9,20,327,3.0,5.0
2017,GMC,sierra 4wd,Pickup truck: Standard,6.2,8,A8,Z,16.0,11.7,14.1,20,330,3.0,5.0
2017,GMC,terrain,Sport utility vehicle: Small,2.4,4,A6,X,11.0,7.5,9.4,30,221,5.0,6.0
2017,GMC,terrain ffv,Sport utility vehicle: Small,2.4,4,A6,X,11.0,7.5,9.4,30,221,5.0,6.0
2017,GMC,terrain ffv,Sport utility vehicle: Small,2.4,4,A6,E,15.6,11.0,13.6,21,223,5.0,6.0
2017,GMC,terrain,Sport utility vehicle: Small,3.6,6,A6,X,14.1,9.7,12.1,23,285,4.0,6.0
2017,GMC,terrain awd,Sport utility vehicle: Small,2.4,4,A6,X,11.5,8.3,10.1,28,237,5.0,6.0
2017,GMC,terrain awd,Sport utility vehicle: Small,3.6,6,A6,X,15.0,10.4,13.0,22,304,3.0,6.0
2017,GMC,yukon,Sport utility vehicle: Standard,5.3,8,A6,X,15.1,10.4,13.0,22,305,3.0,5.0
2017,GMC,yukon ffv,Sport utility vehicle: Standard,5.3,8,A6,X,15.1,10.4,13.0,22,305,3.0,5.0
2017,GMC,yukon ffv,Sport utility vehicle: Standard,5.3,8,A6,E,20.0,13.5,17.1,17,284,4.0,5.0
2017,GMC,yukon 4wd,Sport utility vehicle: Standard,5.3,8,A6,X,15.2,10.8,13.2,21,310,3.0,5.0
2017,GMC,yukon 4wd ffv,Sport utility vehicle: Standard,5.3,8,A6,X,15.2,10.8,13.2,21,310,3.0,5.0
2017,GMC,yukon 4wd ffv,Sport utility vehicle: Standard,5.3,8,A6,E,20.8,14.5,18.0,16,299,3.0,5.0
2017,GMC,yukon denali 4wd,Sport utility vehicle: Standard,6.2,8,A8,Z,16.0,11.7,14.1,20,330,3.0,5.0
2017,GMC,yukon xl,Sport utility vehicle: Standard,5.3,8,A6,X,15.1,10.4,13.0,22,305,3.0,5.0
2017,GMC,yukon xl ffv,Sport utility vehicle: Standard,5.3,8,A6,X,15.1,10.4,13.0,22,305,3.0,5.0
2017,GMC,yukon xl ffv,Sport utility vehicle: Standard,5.3,8,A6,E,20.0,13.5,17.1,17,284,4.0,5.0
2017,GMC,yukon xl 4wd,Sport utility vehicle: Standard,5.3,8,A6,X,15.4,10.8,13.3,21,312,3.0,5.0
2017,GMC,yukon xl 4wd ffv,Sport utility vehicle: Standard,5.3,8,A6,X,15.4,10.8,13.3,21,312,3.0,5.0
2017,GMC,yukon xl 4wd ffv,Sport utility vehicle: Standard,5.3,8,A6,E,22.1,15.4,19.1,15,317,3.0,5.0
2017,GMC,yukon xl denali 4wd,Sport utility vehicle: Standard,6.2,8,A8,Z,16.3,11.7,14.2,20,333,3.0,5.0
2017,Honda,accord,Mid-size,2.4,4,AV7,X,9.2,6.9,8.2,34,190,7.0,8.0
2017,Honda,accord,Mid-size,2.4,4,M6,X,10.4,7.4,9.0,31,210,6.0,6.0
2017,Honda,accord coupe,Mid-size,3.5,6,AS6,X,11.4,7.4,9.6,29,225,5.0,6.0
2017,Honda,accord coupe,Mid-size,3.5,6,M6,X,12.9,8.4,10.9,26,254,5.0,6.0
2017,Honda,accord sedan,Mid-size,2.4,4,AV,X,8.7,6.6,7.8,36,180,7.0,8.0
2017,Honda,accord sedan,Mid-size,3.5,6,A6,X,11.4,7.2,9.5,30,223,5.0,6.0
2017,Honda,accord hybrid,Mid-size,2.0,4,AV,X,4.9,5.1,5.0,56,114,10.0,8.0
2017,Honda,civic coupe,Compact,1.5,4,AV7,X,7.5,5.9,6.8,42,158,8.0,6.0
2017,Honda,civic coupe,Compact,1.5,4,M6,X,7.7,5.7,6.8,42,159,8.0,6.0
2017,Honda,civic coupe,Compact,2.0,4,AV,X,7.8,6.0,7.0,40,163,8.0,6.0
2017,Honda,civic coupe,Compact,2.0,4,M6,X,8.5,6.1,7.4,38,173,7.0,6.0
2017,Honda,civic hatchback,Full-size,1.5,4,AV,X,7.7,6.0,6.9,41,162,8.0,6.0
2017,Honda,civic hatchback,Full-size,1.5,4,AV7,Z,7.9,6.6,7.3,39,170,7.0,6.0
2017,Honda,civic hatchback,Full-size,1.5,4,AV7,X,7.9,6.6,7.3,39,170,7.0,6.0
2017,Honda,civic hatchback,Full-size,1.5,4,M6,Z,8.0,6.2,7.2,39,167,8.0,6.0
2017,Honda,civic hatchback,Full-size,1.5,4,M6,X,8.0,6.2,7.2,39,167,8.0,6.0
2017,Honda,civic sedan,Mid-size,1.5,4,AV,X,7.4,5.6,6.6,43,153,8.0,6.0
2017,Honda,civic sedan,Mid-size,2.0,4,AV,X,7.8,6.0,7.0,40,163,8.0,6.0
2017,Honda,civic sedan,Mid-size,2.0,4,M6,X,8.5,6.0,7.4,38,172,7.0,6.0
2017,Honda,cr-v,Sport utility vehicle: Small,1.5,4,AV,X,8.4,7.0,7.8,36,181,7.0,7.0
2017,Honda,cr-v awd,Sport utility vehicle: Small,1.5,4,AV,X,8.7,7.2,8.0,35,188,7.0,7.0
2017,Honda,fit,Station wagon: Small,1.5,4,AV,X,7.0,5.9,6.5,43,154,8.0,6.0
2017,Honda,fit,Station wagon: Small,1.5,4,AV7,X,7.6,6.4,7.0,40,164,8.0,6.0
2017,Honda,fit,Station wagon: Small,1.5,4,M6,X,8.1,6.6,7.4,38,174,7.0,6.0
2017,Honda,hr-v,Station wagon: Small,1.8,4,AV,X,8.3,6.9,7.7,37,180,7.0,6.0
2017,Honda,hr-v,Station wagon: Small,1.8,4,AV7,X,8.3,6.9,7.7,37,180,7.0,6.0
2017,Honda,hr-v,Station wagon: Small,1.8,4,M6,X,9.4,7.1,8.4,34,195,6.0,6.0
2017,Honda,hr-v awd,Station wagon: Small,1.8,4,AV,X,8.9,7.5,8.2,34,194,7.0,6.0
2017,Honda,hr-v awd,Station wagon: Small,1.8,4,AV7,X,8.9,7.5,8.2,34,194,7.0,6.0
2017,Honda,odyssey,Minivan,3.5,6,A6,X,12.3,8.6,10.7,26,251,5.0,5.0
2017,Honda,pilot,Sport utility vehicle: Small,3.5,6,A6,X,12.4,8.8,10.8,26,254,5.0,6.0
2017,Honda,pilot awd,Sport utility vehicle: Small,3.5,6,A6,X,13.0,9.3,11.3,25,266,4.0,6.0
2017,Honda,pilot awd,Sport utility vehicle: Small,3.5,6,AS9,X,12.4,9.3,11.0,26,256,5.0,6.0
2017,Honda,ridgeline awd,Pickup truck: Standard,3.5,6,A6,X,12.8,9.5,11.3,25,264,4.0,6.0
2017,Hyundai,accent,Compact,1.6,4,AS6,X,8.9,6.6,7.9,36,182,7.0,6.0
2017,Hyundai,accent,Compact,1.6,4,M6,X,8.8,6.5,7.8,36,184,7.0,6.0
2017,Hyundai,elantra,Mid-size,2.0,4,AS6,X,8.3,6.4,7.4,38,174,7.0,7.0
2017,Hyundai,elantra,Mid-size,2.0,4,M6,X,9.1,6.6,8.0,35,187,7.0,7.0
2017,Hyundai,elantra gt,Mid-size,2.0,4,AS6,X,9.8,7.3,8.7,32,206,6.0,6.0
2017,Hyundai,elantra gt,Mid-size,2.0,4,M6,X,9.8,7.2,8.7,32,204,6.0,6.0
2017,Hyundai,ioniq,Full-size,1.6,4,AM6,X,4.3,4.4,4.4,64,103,10.0,8.0
2017,Hyundai,ioniq blue,Full-size,1.6,4,AM6,X,4.2,4.0,4.1,69,96,10.0,8.0
2017,Hyundai,santa fe,Sport utility vehicle: Small,3.3,6,AS6,X,12.9,9.4,11.3,25,265,4.0,6.0
2017,Hyundai,santa fe awd,Sport utility vehicle: Small,3.3,6,AS6,X,13.0,9.7,11.5,25,269,4.0,6.0
2017,Hyundai,santa fe ultimate awd,Sport utility vehicle: Small,3.3,6,AS6,X,13.9,10.8,12.5,23,295,4.0,6.0
2017,Hyundai,santa fe sport,Sport utility vehicle: Small,2.4,4,AS6,X,11.1,8.6,10.0,28,235,5.0,7.0
2017,Hyundai,santa fe sport awd,Sport utility vehicle: Small,2.0,4,AS6,X,12.5,9.6,11.2,25,264,4.0,6.0
2017,Hyundai,santa fe sport awd,Sport utility vehicle: Small,2.4,4,AS6,X,12.0,9.1,10.7,26,253,5.0,7.0
2017,Hyundai,sonata,Full-size,2.0,4,AS6,X,10.5,7.6,9.2,31,216,6.0,6.0
2017,Hyundai,sonata,Full-size,2.4,4,AS6,X,9.4,6.7,8.2,34,194,7.0,7.0
2017,Hyundai,sonata sport/limited,Full-size,2.4,4,AS6,X,10.0,7.2,8.7,32,207,6.0,7.0
2017,Hyundai,sonata hybrid,Mid-size,2.0,4,AS6,X,6.3,5.7,6.0,47,143,9.0,6.0
2017,Hyundai,sonata hybrid se,Mid-size,2.0,4,AS6,X,6.0,5.3,5.7,50,137,9.0,6.0
2017,Hyundai,tucson,Sport utility vehicle: Small,1.6,4,AM7,X,9.9,8.5,9.3,30,221,5.0,6.0
2017,Hyundai,tucson,Sport utility vehicle: Small,2.0,4,AS6,X,10.1,7.8,9.0,31,213,6.0,6.0
2017,Hyundai,tucson awd,Sport utility vehicle: Small,2.0,4,AS6,X,11.0,9.1,10.2,28,241,5.0,6.0
2017,Hyundai,veloster,Compact,1.6,4,AM6,X,8.3,6.7,7.6,37,180,7.0,6.0
2017,Hyundai,veloster,Compact,1.6,4,M6,X,8.9,6.9,8.0,35,188,7.0,6.0
2017,Hyundai,veloster turbo,Compact,1.6,4,AS6,X,8.9,7.3,8.2,34,193,7.0,6.0
2017,Hyundai,veloster turbo,Compact,1.6,4,M6,X,9.4,7.2,8.4,34,200,6.0,6.0
2017,Infiniti,q50 awd,Mid-size,2.0,4,AS7,Z,10.7,8.4,9.6,29,226,5.0,6.0
2017,Infiniti,q50 awd,Mid-size,3.0,6,AS7,Z,12.6,8.8,10.9,26,256,5.0,6.0
2017,Infiniti,q50 hybrid awd,Compact,3.5,6,AS7,Z,9.1,7.7,8.5,33,200,6.0,6.0
2017,Infiniti,q50s red sport awd,Mid-size,3.0,6,AS7,Z,12.3,9.2,10.9,26,257,5.0,6.0
2017,Infiniti,q60 awd,Subcompact,2.0,4,AS7,Z,11.2,8.5,10.0,28,233,5.0,6.0
2017,Infiniti,q60 awd,Subcompact,3.0,6,AS7,Z,12.4,8.8,10.8,26,253,5.0,6.0
2017,Infiniti,q60s red sport awd,Subcompact,3.0,6,AS7,Z,12.5,9.2,11.0,26,259,4.0,6.0
2017,Infiniti,q70 awd,Mid-size,3.7,6,AS7,Z,13.2,9.8,11.7,24,274,4.0,6.0
2017,Infiniti,q70 awd,Mid-size,5.6,8,AS7,Z,14.9,10.2,12.8,22,300,3.0,6.0
2017,Infiniti,q70 hybrid,Mid-size,3.5,6,AS7,Z,8.4,7.1,7.8,36,184,7.0,6.0
2017,Infiniti,qx30,Compact,2.0,4,AM7,Z,9.7,7.1,8.5,33,200,6.0,6.0
2017,Infiniti,qx30 awd,Compact,2.0,4,AM7,Z,10.6,8.0,9.4,30,221,5.0,6.0
2017,Infiniti,qx50 awd,Station wagon: Small,3.7,6,AS7,Z,13.7,9.8,11.9,24,280,4.0,6.0
2017,Infiniti,qx60,Sport utility vehicle: Small,3.5,6,AV7,Z,11.9,8.8,10.5,27,246,5.0,7.0
2017,Infiniti,qx60 awd,Sport utility vehicle: Small,3.5,6,AV7,Z,12.5,9.1,10.9,26,257,4.0,6.0
2017,Infiniti,qx60 hybrid awd,Sport utility vehicle: Standard,2.5,4,AV7,X,9.5,8.6,9.1,31,214,6.0,6.0
2017,Infiniti,qx70 awd,Sport utility vehicle: Small,3.7,6,AS7,Z,14.5,10.8,12.8,22,301,3.0,6.0
2017,Infiniti,qx80 4wd,Sport utility vehicle: Standard,5.6,8,AS7,Z,17.4,12.2,15.1,19,355,2.0,6.0
2017,Jaguar,f-pace 35t,Sport utility vehicle: Small,3.0,6,AS8,Z,13.3,10.0,11.8,24,277,4.0,8.0
2017,Jaguar,f-type convertible,Two-seater,3.0,6,AS8,Z,11.9,8.5,10.4,27,242,5.0,8.0
2017,Jaguar,f-type convertible,Two-seater,3.0,6,M6,Z,14.9,9.8,12.6,22,296,4.0,8.0
2017,Jaguar,f-type coupe,Two-seater,3.0,6,AS8,Z,11.9,8.5,10.4,27,242,5.0,8.0
2017,Jaguar,f-type coupe,Two-seater,3.0,6,M6,Z,14.9,9.8,12.6,22,296,4.0,8.0
2017,Jaguar,f-type r convertible awd,Two-seater,5.0,8,AS8,Z,15.6,10.4,13.3,21,311,3.0,6.0
2017,Jaguar,f-type r coupe awd,Two-seater,5.0,8,AS6,Z,15.6,10.4,13.3,21,311,3.0,6.0
2017,Jaguar,f-type s convertible,Two-seater,3.0,6,AS8,Z,12.4,8.8,10.8,26,253,5.0,8.0
2017,Jaguar,f-type s convertible,Two-seater,3.0,6,M6,Z,15.3,10.0,12.9,22,302,3.0,8.0
2017,Jaguar,f-type s convertible awd,Two-seater,3.0,6,AS8,Z,13.0,9.2,11.3,25,265,4.0,8.0
2017,Jaguar,f-type s coupe,Two-seater,3.0,6,AS8,Z,12.4,8.8,10.8,26,253,5.0,8.0
2017,Jaguar,f-type s coupe,Two-seater,3.0,6,M6,Z,15.3,10.0,12.9,22,302,3.0,8.0
2017,Jaguar,f-type s coupe awd,Two-seater,3.0,6,AS8,Z,13.0,9.2,11.3,25,265,4.0,8.0
2017,Jaguar,xe 20d awd,Compact,2.0,4,AS8,D,7.8,5.8,6.9,41,186,7.0,5.0
2017,Jaguar,xe 35t awd,Compact,3.0,6,AS8,Z,11.8,8.2,10.2,28,238,5.0,8.0
2017,Jaguar,xf 20d awd,Mid-size,2.0,4,AS8,D,7.8,5.8,6.9,41,186,7.0,5.0
2017,Jaguar,xf 35t awd,Mid-size,3.0,6,AS8,Z,12.0,8.4,10.4,27,243,5.0,8.0
2017,Jaguar,xj r-sport 3.0 awd,Full-size,3.0,6,AS8,Z,14.0,9.0,11.8,24,276,4.0,8.0
2017,Jaguar,xjl portfolio 3.0 awd,Full-size,3.0,6,AS8,Z,14.0,9.4,11.9,24,280,4.0,8.0
2017,Jaguar,xjr,Full-size,5.0,8,AS8,Z,15.8,10.3,13.3,21,313,3.0,6.0
2017,Jaguar,xjr lwb,Full-size,5.0,8,AS8,Z,15.8,10.3,13.3,21,313,3.0,6.0
2017,Jeep,cherokee,Sport utility vehicle: Small,2.4,4,A9,X,11.0,7.8,9.6,29,225,5.0,6.0
2017,Jeep,cherokee,Sport utility vehicle: Small,3.2,6,A9,X,11.4,8.3,10.0,28,234,5.0,6.0
2017,Jeep,cherokee 4x4 active drive i,Sport utility vehicle: Small,2.4,4,A9,X,11.3,8.4,10.0,28,235,5.0,6.0
2017,Jeep,cherokee 4x4 active drive i,Sport utility vehicle: Small,3.2,6,A9,X,11.6,8.6,10.3,27,241,5.0,6.0
2017,Jeep,cherokee 4x4 active drive ii,Sport utility vehicle: Small,2.4,4,A9,X,11.4,8.7,10.2,28,240,5.0,5.0
2017,Jeep,cherokee 4x4 active drive ii,Sport utility vehicle: Small,3.2,6,A9,X,12.8,9.0,11.1,25,259,4.0,6.0
2017,Jeep,cherokee 4x4 active drive lock,Sport utility vehicle: Small,2.4,4,A9,X,12.1,9.4,10.9,26,256,5.0,5.0
2017,Jeep,cherokee 4x4 active drive lock,Sport utility vehicle: Small,3.2,6,A9,X,12.9,9.9,11.6,24,269,4.0,6.0
2017,Jeep,compass,Sport utility vehicle: Small,2.0,4,AV,X,10.8,9.0,10.0,28,235,5.0,6.0
2017,Jeep,compass,Sport utility vehicle: Small,2.0,4,M5,X,10.3,7.9,9.3,30,216,6.0,5.0
2017,Jeep,compass,Sport utility vehicle: Small,2.4,4,A6,X,11.3,8.7,10.1,28,238,5.0,6.0
2017,Jeep,compass,Sport utility vehicle: Small,2.4,4,M5,X,10.2,8.3,9.3,30,219,5.0,5.0
2017,Jeep,compass 4x4,Sport utility vehicle: Small,2.4,4,A6,X,11.7,9.2,10.6,27,249,5.0,6.0
2017,Jeep,compass 4x4,Sport utility vehicle: Small,2.4,4,AV,X,11.7,10.3,11.1,25,259,4.0,6.0
2017,Jeep,compass 4x4,Sport utility vehicle: Small,2.4,4,M5,X,10.6,8.7,9.8,29,230,5.0,5.0
2017,Jeep,grand cherokee 4x4,Sport utility vehicle: Standard,3.6,6,A8,X,12.7,9.6,11.3,25,265,4.0,6.0
2017,Jeep,grand cherokee 4x4,Sport utility vehicle: Standard,5.7,8,A8,X,16.6,10.7,14.0,20,328,3.0,6.0
2017,Jeep,grand cherokee srt8,Sport utility vehicle: Standard,6.4,8,A8,Z,18.3,12.6,15.7,18,368,2.0,5.0
2017,Jeep,new compass,Sport utility vehicle: Small,2.4,4,A6,X,10.6,7.6,9.3,30,218,5.0,6.0
2017,Jeep,new compass,Sport utility vehicle: Small,2.4,4,M6,X,10.4,7.3,9.0,31,211,6.0,6.0
2017,Jeep,new compass 4x4,Sport utility vehicle: Small,2.4,4,A9,X,10.8,7.8,9.5,30,222,5.0,6.0
2017,Jeep,new compass 4x4,Sport utility vehicle: Small,2.4,4,M6,X,10.8,7.6,9.4,30,221,5.0,6.0
2017,Jeep,patriot,Sport utility vehicle: Small,2.0,4,AV,X,10.8,9.0,10.0,28,235,5.0,6.0
2017,Jeep,patriot,Sport utility vehicle: Small,2.0,4,M5,X,10.3,7.9,9.3,30,216,6.0,5.0
2017,Jeep,patriot,Sport utility vehicle: Small,2.4,4,A6,X,11.3,8.7,10.1,28,238,5.0,6.0
2017,Jeep,patriot,Sport utility vehicle: Small,2.4,4,M5,X,10.2,8.3,9.3,30,219,5.0,5.0
2017,Jeep,patriot 4x4,Sport utility vehicle: Small,2.4,4,A6,X,11.7,9.2,10.6,27,249,5.0,6.0
2017,Jeep,patriot 4x4,Sport utility vehicle: Small,2.4,4,AV,X,11.7,10.3,11.1,25,259,4.0,6.0
2017,Jeep,patriot 4x4,Sport utility vehicle: Small,2.4,4,M5,X,10.6,8.7,9.8,29,230,5.0,5.0
2017,Jeep,renegade,Sport utility vehicle: Small,1.4,4,M6,X,9.9,7.7,8.9,32,209,6.0,6.0
2017,Jeep,renegade ffv,Sport utility vehicle: Small,2.4,4,A9,X,10.8,7.8,9.5,30,222,5.0,6.0
2017,Jeep,renegade ffv,Sport utility vehicle: Small,2.4,4,A9,E,14.4,10.2,12.5,23,206,6.0,6.0
2017,Jeep,renegade 4x4,Sport utility vehicle: Small,1.4,4,M6,X,9.9,7.7,8.9,32,211,6.0,6.0
2017,Jeep,renegade 4x4,Sport utility vehicle: Small,2.4,4,A9,X,11.2,8.2,9.8,29,230,5.0,6.0
2017,Jeep,wrangler 4x4,Sport utility vehicle: Small,3.6,6,A5,X,14.1,11.1,12.8,22,299,3.0,6.0
2017,Jeep,wrangler 4x4,Sport utility vehicle: Small,3.6,6,M6,X,14.2,11.0,12.8,22,298,4.0,6.0
2017,Jeep,wrangler unlimited 4x4,Sport utility vehicle: Small,3.6,6,A5,X,14.7,11.7,13.4,21,313,3.0,6.0
2017,Jeep,wrangler unlimited 4x4,Sport utility vehicle: Small,3.6,6,M6,X,15.0,11.4,13.3,21,312,3.0,6.0
2017,Kia,cadenza,Full-size,3.3,6,AS8,X,11.5,8.5,10.2,28,237,5.0,6.0
2017,Kia,forte (gdi),Mid-size,2.0,4,AS6,X,9.4,7.0,8.3,34,198,6.0,6.0
2017,Kia,forte (mpi),Mid-size,2.0,4,AS6,X,7.9,6.3,7.2,39,170,7.0,7.0
2017,Kia,forte,Mid-size,2.0,4,M6,X,9.4,6.8,8.3,34,195,6.0,7.0
2017,Kia,forte 5,Full-size,1.6,4,AM7,X,9.4,7.9,8.7,32,207,6.0,6.0
2017,Kia,forte 5,Full-size,2.0,4,AS6,X,9.7,7.0,8.3,34,197,6.0,6.0
2017,Kia,forte 5,Full-size,2.0,4,M6,X,9.8,7.3,8.7,32,204,6.0,6.0
2017,Kia,forte koup,Compact,1.6,4,AM7,X,9.6,7.4,8.6,33,204,6.0,6.0
2017,Kia,forte koup,Compact,1.6,4,M6,X,10.1,8.0,9.2,31,216,6.0,6.0
2017,Kia,forte koup,Compact,2.0,4,AS6,X,9.6,7.3,8.6,33,203,6.0,6.0
2017,Kia,forte koup,Compact,2.0,4,M6,X,9.9,7.6,8.8,32,209,6.0,6.0
2017,Kia,k900,Full-size,3.8,6,AS8,X,13.8,9.3,11.8,24,279,4.0,6.0
2017,Kia,k900,Full-size,5.0,8,AS8,Z,15.6,10.6,13.3,21,317,3.0,6.0
2017,Kia,niro,Station wagon: Small,1.6,4,AM6,X,4.6,5.1,4.8,59,114,10.0,8.0
2017,Kia,niro fe,Station wagon: Small,1.6,4,AM6,X,4.5,4.8,4.7,60,110,10.0,8.0
2017,Kia,niro touring,Station wagon: Small,1.6,4,AM6,X,5.1,5.8,5.4,52,129,9.0,8.0
2017,Kia,optima,Full-size,2.4,4,AS6,X,9.6,6.8,8.4,34,198,6.0,7.0
2017,Kia,optima fe,Full-size,2.4,4,AS6,X,9.3,6.6,8.0,35,190,7.0,7.0
2017,Kia,optima turbo,Full-size,2.0,4,AS6,X,10.9,7.6,9.4,30,224,5.0,6.0
2017,Kia,optima hybrid,Mid-size,2.0,4,AS6,X,6.0,5.1,5.6,50,132,9.0,6.0
2017,Kia,rio,Compact,1.6,4,AS6,X,8.8,6.5,7.8,36,181,7.0,6.0
2017,Kia,rio,Compact,1.6,4,M6,X,8.8,6.6,7.8,36,181,7.0,6.0
2017,Kia,rondo,Station wagon: Mid-size,2.0,4,AS6,X,9.9,7.6,8.9,32,210,6.0,7.0
2017,Kia,sedona,Minivan,3.3,6,AS6,X,13.2,9.7,11.6,24,275,4.0,6.0
2017,Kia,sedona sx,Minivan,3.3,6,AS6,X,12.9,9.5,11.4,25,269,4.0,6.0
2017,Kia,sedona sxl,Minivan,3.3,6,AS6,X,14.1,10.5,12.5,23,296,4.0,6.0
2017,Kia,sorento,Sport utility vehicle: Small,2.4,4,AS6,X,11.2,8.3,9.9,29,234,5.0,7.0
2017,Kia,sorento awd,Sport utility vehicle: Small,2.0,4,AS6,X,12.3,9.4,11.0,26,259,4.0,6.0
2017,Kia,sorento awd,Sport utility vehicle: Small,2.4,4,AS6,X,11.5,9.3,10.5,27,246,5.0,7.0
2017,Kia,sorento awd,Sport utility vehicle: Small,3.3,6,AS6,X,14.0,10.1,12.2,23,289,4.0,6.0
2017,Kia,sorento awd fe,Sport utility vehicle: Small,3.3,6,AS6,X,13.2,9.3,11.4,25,270,4.0,6.0
2017,Kia,soul,Station wagon: Small,1.6,4,AS6,X,9.4,7.8,8.7,32,205,6.0,6.0
2017,Kia,soul,Station wagon: Small,1.6,4,M6,X,9.7,7.8,8.8,32,208,6.0,6.0
2017,Kia,soul,Station wagon: Small,2.0,4,AS6,X,9.5,7.8,8.7,32,206,6.0,7.0
2017,Kia,soul turbo,Station wagon: Small,1.6,4,AM7,X,9.1,7.7,8.5,33,199,6.0,6.0
2017,Kia,sportage,Sport utility vehicle: Small,2.4,4,AS6,X,10.4,8.0,9.3,30,220,5.0,7.0
2017,Kia,sportage awd,Sport utility vehicle: Small,2.0,4,AS6,X,11.9,10.2,11.1,25,263,4.0,6.0
2017,Kia,sportage awd,Sport utility vehicle: Small,2.4,4,AS6,X,11.3,9.5,10.5,27,247,5.0,7.0
2017,Lamborghini,aventador coupe,Two-seater,6.5,12,AM7,Z,22.2,12.7,17.9,16,428,1.0,5.0
2017,Lamborghini,aventador coupe lp 740,Two-seater,6.5,12,AM7,Z,23.9,14.5,19.7,14,461,1.0,5.0
2017,Lamborghini,aventador roadster,Two-seater,6.5,12,AM7,Z,23.0,13.5,18.7,15,438,1.0,5.0
2017,Lamborghini,aventador roadster lp 740,Two-seater,6.5,12,AM7,Z,23.9,14.5,19.7,14,461,1.0,5.0
2017,Lamborghini,huracan,Two-seater,5.2,10,AM7,Z,16.4,11.4,14.2,20,331,3.0,5.0
2017,Lamborghini,huracan spyder,Two-seater,5.2,10,AM7,Z,16.9,11.8,14.6,19,340,2.0,5.0
2017,Land Rover,discovery sport,Sport utility vehicle: Small,2.0,4,AS9,Z,12.0,9.2,10.7,26,252,5.0,8.0
2017,Land Rover,range rover evoque,Sport utility vehicle: Small,2.0,4,AS9,Z,11.3,8.0,9.8,29,231,5.0,8.0
2017,Land Rover,range rover evoque convertible,Sport utility vehicle: Small,2.0,4,AS9,Z,12.0,8.5,10.4,27,243,5.0,8.0
2017,Lexus,ct 200h,Compact,1.8,4,AV,X,5.5,5.9,5.7,50,132,9.0,8.0
2017,Lexus,es 300h,Mid-size,2.5,4,AV6,X,5.8,6.1,5.9,48,139,9.0,8.0
2017,Lexus,es 350,Mid-size,3.5,6,AS6,X,11.4,7.7,9.7,29,226,5.0,6.0
2017,Lexus,gs 350 awd,Mid-size,3.5,6,AS6,Z,12.4,9.2,11.0,26,257,5.0,7.0
2017,Lexus,gs 450h,Mid-size,3.5,6,AV8,Z,8.0,6.9,7.5,38,176,7.0,8.0
2017,Lexus,gs f,Compact,5.0,8,AS8,Z,14.9,9.7,12.5,23,293,4.0,7.0
2017,Lexus,gx 460,Sport utility vehicle: Standard,4.6,8,AS6,Z,16.0,12.9,14.6,19,341,2.0,6.0
2017,Lexus,is 200t,Compact,2.0,4,AS8,Z,10.6,7.3,9.1,31,214,6.0,6.0
2017,Lexus,is 300 awd,Compact,3.5,6,AS6,Z,12.6,9.2,11.0,26,258,4.0,6.0
2017,Lexus,is 350 awd,Compact,3.5,6,AS6,Z,12.6,9.2,11.0,26,258,4.0,6.0
2017,Lexus,ls 460 awd,Mid-size,4.6,8,AS8,Z,15.1,10.3,12.9,22,303,3.0,6.0
2017,Lexus,ls 460 l awd,Mid-size,4.6,8,AS8,Z,15.1,10.3,12.9,22,303,3.0,6.0
2017,Lexus,lx 570,Sport utility vehicle: Standard,5.7,8,AS8,Z,18.2,13.0,15.8,18,372,2.0,5.0
2017,Lexus,nx 200t awd,Sport utility vehicle: Small,2.0,4,AS6,Z,10.7,8.5,9.7,29,226,5.0,6.0
2017,Lexus,nx 200t awd f sport,Sport utility vehicle: Small,2.0,4,AS6,Z,10.8,8.9,9.9,29,232,5.0,6.0
2017,Lexus,nx 300h awd,Sport utility vehicle: Small,2.5,4,AV6,X,7.2,7.9,7.5,38,176,7.0,8.0
2017,Lexus,rc 300 awd,Subcompact,3.5,6,AS6,Z,12.6,9.2,11.0,26,258,4.0,6.0
2017,Lexus,rc 350 awd,Subcompact,3.5,6,AS6,Z,12.6,9.2,11.0,26,258,4.0,6.0
2017,Lexus,rc f,Subcompact,5.0,8,AS8,Z,15.2,9.5,12.6,22,289,4.0,7.0
2017,Lexus,rx 350 awd,Sport utility vehicle: Small,3.5,6,AS8,X,12.2,9.0,10.8,26,252,5.0,7.0
2017,Lexus,rx 450h awd,Sport utility vehicle: Standard,3.5,6,AV6,Z,7.5,8.4,7.9,36,185,7.0,8.0
2017,Lincoln,continental awd,Full-size,2.7,6,AS6,X,14.0,9.5,12.0,24,281,4.0,7.0
2017,Lincoln,continental awd,Full-size,3.0,6,AS6,X,14.4,9.7,12.3,23,288,4.0,7.0
2017,Lincoln,continental awd,Full-size,3.7,6,AS6,X,14.3,9.7,12.2,23,287,4.0,6.0
2017,Lincoln,mkc awd,Sport utility vehicle: Small,2.0,4,AS6,X,12.3,9.3,10.9,26,256,5.0,7.0
2017,Lincoln,mkc awd (start/stop),Sport utility vehicle: Small,2.0,4,AS6,X,12.1,9.3,10.8,26,254,5.0,7.0
2017,Lincoln,mkc awd,Sport utility vehicle: Small,2.3,4,AS6,X,13.1,9.4,11.4,25,268,4.0,6.0
2017,Lincoln,mkt awd,Sport utility vehicle: Standard,3.5,6,AS6,X,15.7,11.2,13.7,21,321,3.0,6.0
2017,Lincoln,mkt livery awd,Special purpose vehicle,3.7,6,A6,X,14.7,10.2,12.7,22,298,4.0,6.0
2017,Lincoln,mkx awd,Sport utility vehicle: Small,2.7,6,AS6,X,14.1,9.8,12.1,23,284,4.0,7.0
2017,Lincoln,mkx awd,Sport utility vehicle: Small,3.7,6,AS6,X,14.4,10.3,12.5,23,293,4.0,6.0
2017,Lincoln,mkz,Mid-size,2.0,4,AS6,X,11.2,7.6,9.8,29,230,5.0,7.0
2017,Lincoln,mkz,Mid-size,3.0,6,AS6,X,13.4,8.7,11.2,25,264,4.0,7.0
2017,Lincoln,mkz awd,Mid-size,2.0,4,AS6,X,11.8,8.4,10.2,28,239,5.0,7.0
2017,Lincoln,mkz awd,Mid-size,3.0,6,AS6,X,14.0,9.2,11.8,24,278,4.0,7.0
2017,Lincoln,mkz hybrid,Mid-size,2.0,4,AV,X,5.7,6.2,5.9,48,139,9.0,8.0
2017,Lincoln,navigator 4x4,Sport utility vehicle: Standard,3.5,6,AS6,X,15.9,12.0,14.2,20,333,3.0,5.0
2017,Lincoln,navigator l 4x4,Sport utility vehicle: Standard,3.5,6,AS6,X,16.1,12.4,14.5,19,339,2.0,5.0
2017,Maserati,ghibli,Mid-size,3.0,6,AS8,Z,14.1,9.8,12.4,23,286,4.0,5.0
2017,Maserati,ghibli s,Mid-size,3.0,6,AS8,Z,14.7,10.0,12.4,23,293,4.0,5.0
2017,Maserati,ghibli sq4,Mid-size,3.0,6,AS8,Z,14.7,9.9,12.6,22,295,4.0,5.0
2017,Maserati,granturismo,Subcompact,4.7,8,AS6,Z,18.2,11.4,15.1,19,355,2.0,5.0
2017,Maserati,granturismo convertible,Subcompact,4.7,8,AS6,Z,18.2,11.6,15.2,19,358,2.0,5.0
2017,Maserati,levante,Sport utility vehicle: Standard,3.0,6,AS8,Z,16.8,11.9,14.7,19,340,2.0,5.0
2017,Maserati,levante s,Sport utility vehicle: Standard,3.0,6,AS8,Z,16.8,12.4,14.7,19,346,2.0,5.0
2017,Maserati,quattroporte s,Full-size,3.0,6,AS8,Z,14.9,10.3,13.1,22,300,3.0,5.0
2017,Maserati,quattroporte sq4,Full-size,3.0,6,AS8,Z,15.0,10.3,13.1,22,301,3.0,5.0
2017,Maserati,quattroporte gts,Full-size,3.8,8,AS8,Z,16.1,10.8,13.8,20,321,3.0,5.0
2017,Mazda,cx-3,Compact,2.0,4,AS6,X,8.2,6.9,7.6,37,179,7.0,6.0
2017,Mazda,cx-3 4wd,Compact,2.0,4,AS6,X,8.8,7.5,8.2,34,192,7.0,6.0
2017,Mazda,cx-5,Sport utility vehicle: Small,2.0,4,M6,X,9.4,7.4,8.5,33,199,6.0,6.0
2017,Mazda,cx-5,Sport utility vehicle: Small,2.5,4,AS6,X,9.8,7.7,8.6,33,204,6.0,6.0
2017,Mazda,cx-5 4wd,Sport utility vehicle: Small,2.5,4,AS6,X,10.2,8.3,9.2,31,221,5.0,6.0
2017,Mazda,cx-9,Sport utility vehicle: Small,2.5,4,AS6,X,10.6,8.4,9.6,29,225,5.0,6.0
2017,Mazda,cx-9 4wd,Sport utility vehicle: Small,2.5,4,AS6,X,11.5,8.9,10.4,27,242,5.0,6.0
2017,Mazda,mazda3 4-door,Compact,2.0,4,AS6,X,8.4,6.4,7.5,38,176,7.0,8.0
2017,Mazda,mazda3 4-door,Compact,2.0,4,M6,X,8.5,6.2,7.5,38,175,7.0,8.0
2017,Mazda,mazda3 4-door (sil),Compact,2.0,4,M6,X,8.5,6.2,7.5,38,175,7.0,8.0
2017,Mazda,mazda3 4-door,Compact,2.5,4,AS6,X,8.8,6.6,7.8,36,182,7.0,8.0
2017,Mazda,mazda3 4-door (i-eloop),Compact,2.5,4,AS6,X,8.5,6.4,7.6,37,176,7.0,8.0
2017,Mazda,mazda3 4-door (sil),Compact,2.5,4,M6,X,9.3,6.9,8.2,34,194,7.0,6.0
2017,Mazda,mazda3 5-door,Mid-size,2.0,4,AS6,X,8.4,6.4,7.5,38,174,7.0,8.0
2017,Mazda,mazda3 5-door (sil),Mid-size,2.0,4,M6,X,8.6,6.4,7.6,37,178,7.0,8.0
2017,Mazda,mazda3 5-door,Mid-size,2.5,4,AS6,X,9.0,6.7,7.8,36,183,7.0,8.0
2017,Mazda,mazda3 5-door (i-eloop),Mid-size,2.5,4,AS6,X,8.7,6.6,7.8,36,181,7.0,8.0
2017,Mazda,mazda3 5-door (sil),Mid-size,2.5,4,M6,X,9.6,7.0,8.4,34,198,6.0,6.0
2017,Mazda,mazda5,Minivan,2.5,4,AS5,X,10.8,8.2,9.6,29,226,5.0,6.0
2017,Mazda,mazda5,Minivan,2.5,4,M6,X,11.1,8.3,9.8,29,230,5.0,6.0
2017,Mazda,mazda6,Mid-size,2.5,4,AS6,X,9.1,6.7,8.0,35,187,7.0,8.0
2017,Mazda,mazda6 (i-eloop),Mid-size,2.5,4,AS6,X,8.9,6.7,7.9,36,186,7.0,8.0
2017,Mazda,mazda6 (sil),Mid-size,2.5,4,M6,X,9.8,6.9,8.4,34,196,6.0,8.0
2017,Mazda,mx-5,Two-seater,2.0,4,AS6,Z,9.0,6.7,8.0,35,187,7.0,6.0
2017,Mazda,mx-5 (sil),Two-seater,2.0,4,M6,Z,8.9,7.1,8.1,35,190,7.0,6.0
2017,Mercedes-Benz,amg c 63,Compact,4.0,8,AS7,Z,13.4,9.6,11.7,24,273,4.0,5.0
2017,Mercedes-Benz,amg c 63 cabriolet,Subcompact,4.0,8,AS7,Z,14.0,10.1,12.2,23,291,4.0,5.0
2017,Mercedes-Benz,amg c 63 coupe,Subcompact,4.0,8,AS7,Z,13.8,10.1,12.1,23,285,4.0,5.0
2017,Mercedes-Benz,amg c 63 s,Compact,4.0,8,AS7,Z,13.4,9.6,11.7,24,273,4.0,5.0
2017,Mercedes-Benz,amg c 63 s cabriolet,Subcompact,4.0,8,AS7,Z,14.0,10.1,12.2,23,291,4.0,5.0
2017,Mercedes-Benz,amg c 63 s coupe,Subcompact,4.0,8,AS7,Z,13.8,10.1,12.1,23,285,4.0,5.0
2017,Mercedes-Benz,amg cla 45,Compact,2.0,4,AS7,Z,10.7,7.6,9.3,30,221,5.0,5.0
2017,Mercedes-Benz,amg cls 63 s 4matic,Compact,5.5,8,AS7,Z,15.1,10.8,13.1,22,308,3.0,5.0
2017,Mercedes-Benz,amg g 63,Sport utility vehicle: Standard,5.5,8,AS7,Z,20.0,16.6,18.5,15,413,1.0,5.0
2017,Mercedes-Benz,amg g 65,Sport utility vehicle: Standard,6.0,12,AS7,Z,22.2,18.0,20.3,14,467,1.0,5.0
2017,Mercedes-Benz,amg gla 45 4matic,Sport utility vehicle: Small,2.0,4,AS7,Z,11.3,8.5,10.0,28,233,5.0,5.0
2017,Mercedes-Benz,amg glc 43 4matic coupe,Sport utility vehicle: Small,3.0,6,A9,Z,17.4,11.1,14.6,19,353,2.0,5.0
2017,Mercedes-Benz,amg gle 43 4matic,Sport utility vehicle: Standard,3.0,6,A9,Z,13.6,10.1,12.0,24,281,4.0,5.0
2017,Mercedes-Benz,amg gle 43 4matic coupe,Sport utility vehicle: Standard,3.0,6,A9,Z,13.6,10.2,12.0,24,281,4.0,5.0
2017,Mercedes-Benz,amg gle 63 s 4matic,Sport utility vehicle: Standard,5.5,8,AS7,Z,17.3,13.5,15.6,18,363,2.0,5.0
2017,Mercedes-Benz,amg gle 63 s 4matic coupe,Sport utility vehicle: Standard,5.5,8,AS7,Z,17.2,12.8,15.2,19,363,2.0,5.0
2017,Mercedes-Benz,amg gls 63,Sport utility vehicle: Standard,5.5,8,AS7,Z,18.2,14.0,16.3,17,369,2.0,5.0
2017,Mercedes-Benz,amg gt coupe,Two-seater,4.0,8,AS7,Z,14.5,10.8,12.8,22,303,3.0,5.0
2017,Mercedes-Benz,amg gt s coupe,Two-seater,4.0,8,AS7,Z,14.5,10.8,12.8,22,303,3.0,5.0
2017,Mercedes-Benz,amg s 63 4matic,Full-size,5.5,8,AS7,Z,15.7,10.1,13.2,21,313,3.0,5.0
2017,Mercedes-Benz,amg s 63 cabriolet,Compact,5.5,8,AS7,Z,16.4,10.6,13.8,20,322,3.0,5.0
2017,Mercedes-Benz,amg s 63 coupe,Compact,5.5,8,AS7,Z,15.3,10.2,13.0,22,305,3.0,5.0
2017,Mercedes-Benz,amg s 65,Full-size,6.0,12,AS7,Z,17.6,10.9,14.6,19,349,2.0,5.0
2017,Mercedes-Benz,amg s 65 cabriolet,Compact,6.0,12,AS7,Z,17.1,11.0,14.3,20,348,2.0,5.0
2017,Mercedes-Benz,amg s 65 coupe,Compact,6.0,12,AS7,Z,18.7,11.6,15.5,18,365,2.0,5.0
2017,Mercedes-Benz,amg sl 63,Two-seater,5.5,8,AS7,Z,14.7,9.5,12.4,23,298,4.0,5.0
2017,Mercedes-Benz,amg sl 65,Two-seater,6.0,12,AS7,Z,17.6,10.8,14.5,19,340,2.0,5.0
2017,Mercedes-Benz,amg slc 43,Two-seater,3.0,6,A9,Z,11.6,8.2,10.1,28,234,5.0,5.0
2017,Mercedes-Benz,b 250,Mid-size,2.0,4,AS7,Z,9.7,6.6,8.3,34,179,7.0,5.0
2017,Mercedes-Benz,c 300 4matic,Compact,2.0,4,AS7,Z,10.1,7.8,9.0,31,212,6.0,5.0
2017,Mercedes-Benz,c 300 4matic cabriolet,Subcompact,2.0,4,A9,Z,10.8,8.0,9.5,30,222,5.0,5.0
2017,Mercedes-Benz,c 300 4matic coupe,Subcompact,2.0,4,AS7,Z,10.4,8.0,9.3,30,218,5.0,5.0
2017,Mercedes-Benz,cla 250,Compact,2.0,4,AS7,Z,9.6,6.4,8.1,35,190,7.0,5.0
2017,Mercedes-Benz,cls 550 4matic,Compact,4.7,8,A9,Z,13.6,9.4,11.7,24,275,4.0,5.0
2017,Mercedes-Benz,e 300 4matic,Mid-size,2.0,4,A9,Z,10.8,8.1,9.5,30,246,5.0,5.0
2017,Mercedes-Benz,e 400 4matic,Mid-size,3.0,6,A9,Z,11.8,8.6,10.4,27,245,5.0,5.0
2017,Mercedes-Benz,e 400 4matic wagon,Station wagon: Mid-size,3.0,6,A9,Z,12.4,9.3,11.0,26,259,4.0,5.0
2017,Mercedes-Benz,e 400 cabriolet,Subcompact,3.0,6,AS7,Z,11.5,8.1,10.0,28,233,5.0,5.0
2017,Mercedes-Benz,e 400 coupe,Subcompact,3.0,6,AS7,Z,11.8,8.4,10.2,28,239,5.0,5.0
2017,Mercedes-Benz,e 550 cabriolet,Subcompact,4.7,8,AS7,Z,13.7,9.2,11.7,24,275,4.0,5.0
2017,Mercedes-Benz,e 550 coupe,Subcompact,4.7,8,AS7,Z,13.4,8.9,11.4,25,268,4.0,5.0
2017,Mercedes-Benz,g 550,Sport utility vehicle: Standard,4.0,8,AS7,Z,19.0,16.6,17.9,16,401,1.0,5.0
2017,Mercedes-Benz,gla 250 4matic,Sport utility vehicle: Small,2.0,4,AS7,Z,10.3,7.6,9.1,31,212,6.0,5.0
2017,Mercedes-Benz,gla 250 4matic,Sport utility vehicle: Small,2.0,4,AS7,E,13.6,10.0,12.0,24,128,9.0,5.0
2017,Mercedes-Benz,glc 300 4matic,Sport utility vehicle: Small,2.0,4,A9,Z,11.1,8.5,10.0,28,233,5.0,5.0
2017,Mercedes-Benz,gle 400 4matic,Sport utility vehicle: Standard,3.0,6,A9,Z,13.1,10.1,11.7,24,276,4.0,5.0
2017,Mercedes-Benz,gle 550 4matic,Sport utility vehicle: Standard,4.7,8,A9,Z,15.3,11.3,13.5,21,318,3.0,5.0
2017,Mercedes-Benz,gls 450 4matic,Sport utility vehicle: Standard,3.0,6,A9,Z,14.4,11.4,13.0,22,306,3.0,5.0
2017,Mercedes-Benz,gls 550 4matic,Sport utility vehicle: Standard,4.7,8,A9,Z,16.7,12.9,15.0,19,347,2.0,5.0
2017,Mercedes-Benz,maybach s 600,Full-size,6.0,12,AS7,Z,18.2,11.0,15.0,19,359,2.0,5.0
2017,Mercedes-Benz,metris cargo,Special purpose vehicle,2.0,4,AS7,Z,11.1,9.1,10.2,28,240,5.0,5.0
2017,Mercedes-Benz,metris passenger,Special purpose vehicle,2.0,4,AS7,Z,11.5,9.3,10.5,27,248,5.0,5.0
2017,Mercedes-Benz,s 400 4matic swb,Mid-size,3.0,6,AS7,Z,12.6,8.6,10.8,26,253,5.0,5.0
2017,Mercedes-Benz,s 550 4matic swb,Mid-size,4.7,8,A9,Z,14.3,9.2,12.0,24,280,4.0,5.0
2017,Mercedes-Benz,s 550 4matic lwb,Full-size,4.7,8,A9,Z,14.3,9.2,12.0,24,280,4.0,5.0
2017,Mercedes-Benz,s 550 4matic cabriolet,Compact,4.7,8,A9,Z,13.9,9.3,11.8,24,276,4.0,5.0
2017,Mercedes-Benz,s 550 4matic coupe,Compact,4.7,8,A9,Z,14.1,9.3,11.9,24,278,4.0,5.0
2017,Mercedes-Benz,s 600,Full-size,6.0,12,AS7,Z,17.5,10.8,14.5,19,350,2.0,5.0
2017,Mercedes-Benz,sl 450,Two-seater,3.0,6,A9,Z,11.5,8.4,10.1,28,237,5.0,5.0
2017,Mercedes-Benz,sl 550,Two-seater,4.7,8,A9,Z,13.6,9.5,11.7,24,275,4.0,5.0
2017,Mercedes-Benz,slc 300,Two-seater,2.0,4,A9,Z,9.5,7.2,8.5,33,200,6.0,5.0
2017,MINI,cooper 3 door,Subcompact,1.5,3,AS6,Z,8.8,6.8,7.9,36,184,7.0,8.0
2017,MINI,cooper 3 door,Subcompact,1.5,3,M6,Z,8.5,6.2,7.5,38,175,7.0,8.0
2017,MINI,cooper 5 door,Subcompact,1.5,3,AS6,Z,8.8,6.8,7.9,36,184,7.0,8.0
2017,MINI,cooper 5 door,Subcompact,1.5,3,M6,Z,8.5,6.3,7.5,38,175,7.0,8.0
2017,MINI,cooper clubman,Mid-size,1.5,3,AS6,Z,9.5,7.2,8.4,34,197,6.0,8.0
2017,MINI,cooper clubman,Mid-size,1.5,3,M6,Z,9.6,7.0,8.4,34,197,6.0,8.0
2017,MINI,cooper clubman all4,Mid-size,1.5,3,AS8,Z,10.2,7.8,9.1,31,213,6.0,6.0
2017,MINI,cooper clubman all4,Mid-size,1.5,3,M6,Z,10.6,7.4,9.1,31,214,6.0,6.0
2017,MINI,cooper convertible,Minicompact,1.5,3,AS6,Z,8.8,6.8,7.9,36,184,7.0,8.0
2017,MINI,cooper convertible,Minicompact,1.5,3,M6,Z,8.5,6.3,7.5,38,175,7.0,8.0
2017,MINI,cooper countryman,Mid-size,1.5,3,AS6,Z,9.5,7.2,8.4,34,197,6.0,6.0
2017,MINI,cooper countryman,Mid-size,1.5,3,M6,Z,9.6,7.0,8.4,34,197,6.0,6.0
2017,MINI,cooper countryman all4,Mid-size,1.5,3,AS8,Z,10.3,7.9,9.2,31,215,6.0,6.0
2017,MINI,cooper countryman all4,Mid-size,1.5,3,M6,Z,10.6,7.4,9.1,31,214,6.0,6.0
2017,MINI,cooper s 3 door,Subcompact,2.0,4,AS6,Z,9.3,7.2,8.3,34,196,6.0,8.0
2017,MINI,cooper s 3 door,Subcompact,2.0,4,M6,Z,10.2,7.3,8.9,32,210,6.0,8.0
2017,MINI,cooper s 5 door,Subcompact,2.0,4,AS6,Z,9.3,7.2,8.3,34,196,6.0,8.0
2017,MINI,cooper s 5 door,Subcompact,2.0,4,M6,Z,10.2,7.3,8.9,32,210,6.0,8.0
2017,MINI,cooper s clubman,Mid-size,2.0,4,AS8,Z,10.0,7.2,8.7,32,205,6.0,8.0
2017,MINI,cooper s clubman,Mid-size,2.0,4,M6,Z,10.8,7.7,9.4,30,220,5.0,8.0
2017,MINI,cooper s clubman all4,Mid-size,2.0,4,AS8,Z,10.2,7.4,9.0,31,210,6.0,8.0
2017,MINI,cooper s clubman all4,Mid-size,2.0,4,M6,Z,11.4,7.8,9.7,29,227,5.0,8.0
2017,MINI,cooper s convertible,Minicompact,2.0,4,AS6,Z,9.4,7.2,8.4,34,196,6.0,8.0
2017,MINI,cooper s convertible,Minicompact,2.0,4,M6,Z,10.2,7.3,8.9,32,210,6.0,8.0
2017,MINI,cooper s countryman all4,Mid-size,2.0,4,AS8,Z,10.5,7.4,9.1,31,213,6.0,8.0
2017,MINI,cooper s countryman all4,Mid-size,2.0,4,M6,Z,11.3,7.7,9.7,29,227,5.0,8.0
2017,MINI,john cooper works 3 door,Subcompact,2.0,4,AS6,Z,9.3,7.2,8.3,34,196,6.0,6.0
2017,MINI,john cooper works 3 door,Subcompact,2.0,4,M6,Z,10.2,7.3,8.9,32,210,6.0,6.0
2017,MINI,john cooper works clubman all4,Mid-size,2.0,4,AS8,Z,10.2,7.4,9.0,31,210,6.0,6.0
2017,MINI,john cooper works clubman all4,Mid-size,2.0,4,M6,Z,11.4,7.8,9.7,29,227,5.0,6.0
2017,MINI,john cooper works convertible,Minicompact,2.0,4,AS6,Z,9.4,7.2,8.4,34,196,6.0,6.0
2017,MINI,john cooper works convertible,Minicompact,2.0,4,M6,Z,10.8,7.7,9.4,30,220,5.0,6.0
2017,Mitsubishi,lancer,Compact,2.0,4,AV6,X,8.7,6.9,7.9,36,183,7.0,5.0
2017,Mitsubishi,lancer,Compact,2.0,4,M5,X,9.7,7.1,8.5,33,200,6.0,5.0
2017,Mitsubishi,lancer,Compact,2.4,4,AV6,X,9.9,7.7,8.9,32,206,6.0,5.0
2017,Mitsubishi,lancer,Compact,2.4,4,M5,X,10.5,7.8,9.3,30,218,5.0,5.0
2017,Mitsubishi,lancer 4wd,Compact,2.4,4,AV6,X,10.2,7.9,9.2,31,212,6.0,5.0
2017,Mitsubishi,lancer sportback,Station wagon: Small,2.0,4,AV6,X,9.3,7.2,8.4,34,194,7.0,5.0
2017,Mitsubishi,lancer sportback,Station wagon: Small,2.0,4,M5,X,9.9,7.3,8.7,32,205,6.0,5.0
2017,Mitsubishi,mirage,Compact,1.2,3,AV,X,6.4,5.5,6.0,47,141,9.0,7.0
2017,Mitsubishi,mirage,Compact,1.2,3,M5,X,7.1,5.8,6.5,43,150,8.0,7.0
2017,Mitsubishi,mirage g4,Compact,1.2,3,AV,X,6.9,5.7,6.4,44,149,8.0,7.0
2017,Mitsubishi,mirage g4,Compact,1.2,3,M5,X,7.2,5.9,6.6,43,155,8.0,7.0
2017,Mitsubishi,outlander,Sport utility vehicle: Small,2.4,4,AV6,X,9.2,7.5,8.4,34,197,6.0,7.0
2017,Mitsubishi,outlander 4wd,Sport utility vehicle: Small,2.4,4,AV6,X,9.8,8.1,9.0,31,211,6.0,7.0
2017,Mitsubishi,outlander 4wd,Sport utility vehicle: Small,3.0,6,AS6,Z,11.9,8.5,10.4,27,242,5.0,7.0
2017,Mitsubishi,rvr,Sport utility vehicle: Small,2.0,4,AV6,X,9.7,7.8,8.8,32,204,6.0,7.0
2017,Mitsubishi,rvr,Sport utility vehicle: Small,2.0,4,M5,X,10.3,8.2,9.3,30,216,6.0,7.0
2017,Mitsubishi,rvr 4wd,Sport utility vehicle: Small,2.0,4,AV6,X,10.1,8.2,9.2,31,213,6.0,7.0
2017,Nissan,370z,Two-seater,3.7,6,AS7,Z,12.6,9.3,11.1,25,261,4.0,6.0
2017,Nissan,370z,Two-seater,3.7,6,M6,Z,13.3,9.3,11.5,25,269,4.0,6.0
2017,Nissan,370z roadster,Two-seater,3.7,6,AS7,Z,13.0,9.7,11.5,25,270,4.0,6.0
2017,Nissan,370z roadster,Two-seater,3.7,6,M6,Z,13.6,9.7,11.8,24,278,4.0,6.0
2017,Nissan,altima,Mid-size,2.5,4,AV,X,8.8,6.0,7.5,38,176,7.0,8.0
2017,Nissan,altima sr,Mid-size,2.5,4,AV7,X,8.8,6.5,7.8,36,183,7.0,8.0
2017,Nissan,altima,Mid-size,3.5,6,AV7,X,10.6,7.3,9.1,31,214,6.0,6.0
2017,Nissan,armada 4wd,Sport utility vehicle: Standard,5.6,8,AS7,X,17.5,12.9,15.4,18,362,2.0,6.0
2017,Nissan,frontier,Pickup truck: Small,2.5,4,A5,X,13.5,10.5,12.2,23,286,4.0,6.0
2017,Nissan,frontier,Pickup truck: Small,2.5,4,M5,X,12.2,10.4,11.4,25,268,4.0,6.0
2017,Nissan,frontier,Pickup truck: Small,4.0,6,A5,X,14.8,10.6,12.9,22,304,3.0,6.0
2017,Nissan,frontier 4wd,Pickup truck: Small,4.0,6,A5,X,15.8,11.5,13.8,20,326,3.0,6.0
2017,Nissan,frontier 4wd,Pickup truck: Small,4.0,6,M6,X,15.1,11.5,13.5,21,317,3.0,6.0
2017,Nissan,gt-r,Subcompact,3.8,6,AM6,Z,14.5,10.7,12.8,22,300,3.0,6.0
2017,Nissan,juke,Station wagon: Small,1.6,4,AV7,Z,8.5,7.5,8.0,35,189,7.0,6.0
2017,Nissan,juke,Station wagon: Small,1.6,4,M6,Z,8.6,7.2,8.0,35,188,7.0,6.0
2017,Nissan,juke awd,Station wagon: Small,1.6,4,AV7,Z,9.0,7.8,8.4,34,199,6.0,6.0
2017,Nissan,juke nismo rs,Station wagon: Small,1.6,4,M6,Z,9.0,7.6,8.4,34,197,6.0,6.0
2017,Nissan,juke nismo rs awd,Station wagon: Small,1.6,4,AV8,Z,9.5,8.3,8.9,32,209,6.0,6.0
2017,Nissan,maxima,Mid-size,3.5,6,AV7,Z,11.1,7.8,9.6,29,225,5.0,6.0
2017,Nissan,micra,Compact,1.6,4,A4,X,8.9,6.8,7.9,36,186,7.0,6.0
2017,Nissan,micra,Compact,1.6,4,M5,X,8.7,6.8,7.9,36,185,7.0,6.0
2017,Nissan,murano,Station wagon: Mid-size,3.5,6,AV7,X,11.0,8.3,9.8,29,230,5.0,7.0
2017,Nissan,murano awd,Station wagon: Mid-size,3.5,6,AV7,X,11.2,8.4,9.9,29,232,5.0,7.0
2017,Nissan,nv200 cargo van,Special purpose vehicle,2.0,4,AV,X,9.8,9.0,9.4,30,220,5.0,6.0
2017,Nissan,pathfinder,Sport utility vehicle: Small,3.5,6,AV,X,11.6,8.5,10.2,28,240,5.0,7.0
2017,Nissan,pathfinder 4wd,Sport utility vehicle: Small,3.5,6,AV,X,12.1,8.9,10.7,26,250,5.0,7.0
2017,Nissan,pathfinder 4wd platinum,Sport utility vehicle: Small,3.5,6,AV,X,12.4,9.2,11.0,26,258,4.0,6.0
2017,Nissan,qashqai,Station wagon: Small,2.0,4,AV,X,8.9,7.7,8.4,34,196,6.0,7.0
2017,Nissan,qashqai,Station wagon: Small,2.0,4,M6,X,10.0,8.1,9.2,31,216,6.0,7.0
2017,Nissan,qashqai awd,Station wagon: Small,2.0,4,AV,X,9.2,7.8,8.5,33,200,6.0,7.0
2017,Nissan,rogue,Sport utility vehicle: Small,2.5,4,AV,X,9.2,7.0,8.2,34,192,7.0,7.0
2017,Nissan,rogue awd,Sport utility vehicle: Small,2.5,4,AV,X,9.6,7.4,8.6,33,203,6.0,7.0
2017,Nissan,sentra (turbo),Mid-size,1.6,4,AV7,Z,8.9,7.3,8.2,34,193,7.0,6.0
2017,Nissan,sentra (turbo),Mid-size,1.6,4,M6,Z,9.1,7.3,8.3,34,195,6.0,6.0
2017,Nissan,sentra,Mid-size,1.8,4,AV,X,8.1,6.3,7.3,39,171,7.0,8.0
2017,Nissan,sentra,Mid-size,1.8,4,M6,X,9.0,6.8,8.0,35,187,7.0,5.0
2017,Nissan,sentra nismo,Mid-size,1.6,4,AV7,Z,9.4,7.8,8.7,32,205,6.0,6.0
2017,Nissan,sentra nismo,Mid-size,1.6,4,M6,Z,9.5,7.6,8.7,32,204,6.0,6.0
2017,Nissan,titan,Pickup truck: Standard,5.6,8,AS7,X,15.0,11.2,13.3,21,312,3.0,6.0
2017,Nissan,titan 4wd,Pickup truck: Standard,5.6,8,AS7,X,15.2,11.1,13.4,21,315,3.0,6.0
2017,Nissan,titan 4wd pro-4x,Pickup truck: Standard,5.6,8,AS7,X,16.0,12.0,14.2,20,333,3.0,6.0
2017,Nissan,versa,Mid-size,1.6,4,AV,X,7.6,6.2,7.0,40,164,8.0,6.0
2017,Nissan,versa,Mid-size,1.6,4,M5,X,8.6,6.6,7.7,37,180,7.0,6.0
2017,Porsche,911 carrera,Minicompact,3.0,6,AM7,Z,10.6,8.0,9.4,30,221,5.0,5.0
2017,Porsche,911 carrera,Minicompact,3.0,6,M7,Z,11.8,8.1,10.1,28,237,5.0,5.0
2017,Porsche,911 carrera 4,Minicompact,3.0,6,AM7,Z,10.7,8.3,9.6,29,225,5.0,5.0
2017,Porsche,911 carrera 4,Minicompact,3.0,6,M7,Z,12.1,8.3,10.4,27,242,5.0,5.0
2017,Porsche,911 carrera cabriolet,Minicompact,3.0,6,AM7,Z,10.8,8.3,9.7,29,227,5.0,5.0
2017,Porsche,911 carrera cabriolet,Minicompact,3.0,6,M7,Z,12.0,8.2,10.3,27,241,5.0,5.0
2017,Porsche,911 carrera 4 cabriolet,Minicompact,3.0,6,AM7,Z,11.0,8.4,9.8,29,230,5.0,5.0
2017,Porsche,911 carrera 4 cabriolet,Minicompact,3.0,6,M7,Z,12.2,8.5,10.5,27,246,5.0,5.0
2017,Porsche,911 carrera s,Minicompact,3.0,6,AM7,Z,10.8,8.3,9.7,29,226,5.0,5.0
2017,Porsche,911 carrera s,Minicompact,3.0,6,M7,Z,12.1,8.3,10.4,27,242,5.0,5.0
2017,Porsche,911 carrera 4s,Minicompact,3.0,6,AM7,Z,11.0,8.5,9.9,29,232,5.0,5.0
2017,Porsche,911 carrera 4s,Minicompact,3.0,6,M7,Z,12.1,8.4,10.4,27,243,5.0,5.0
2017,Porsche,911 carrera s cabriolet,Minicompact,3.0,6,AM7,Z,10.8,8.4,9.7,29,228,5.0,5.0
2017,Porsche,911 carrera s cabriolet,Minicompact,3.0,6,M7,Z,12.1,8.3,10.4,27,243,5.0,5.0
2017,Porsche,911 carrera 4s cabriolet,Minicompact,3.0,6,AM7,Z,10.9,8.5,9.9,29,231,5.0,5.0
2017,Porsche,911 carrera 4s cabriolet,Minicompact,3.0,6,M7,Z,12.2,8.5,10.5,27,246,5.0,5.0
2017,Porsche,911 targa 4,Minicompact,3.0,6,AM7,Z,10.9,8.4,9.8,29,228,5.0,5.0
2017,Porsche,911 targa 4,Minicompact,3.0,6,M7,Z,12.2,8.5,10.5,27,246,5.0,5.0
2017,Porsche,911 targa 4s,Minicompact,3.0,6,AM7,Z,11.1,8.6,10.0,28,233,5.0,5.0
2017,Porsche,911 targa 4s,Minicompact,3.0,6,M7,Z,12.2,8.5,10.5,27,246,5.0,5.0
2017,Porsche,911 turbo,Minicompact,3.8,6,AM7,Z,12.6,9.9,11.4,25,266,4.0,5.0
2017,Porsche,911 turbo cabriolet,Minicompact,3.8,6,AM7,Z,12.6,9.9,11.4,25,267,4.0,5.0
2017,Porsche,911 turbo s,Minicompact,3.8,6,AM7,Z,12.6,9.9,11.4,25,266,4.0,5.0
2017,Porsche,911 turbo s cabriolet,Minicompact,3.8,6,AM7,Z,12.6,9.9,11.4,25,267,4.0,5.0
2017,Porsche,boxster,Two-seater,2.0,4,AM7,Z,10.5,8.0,9.4,30,219,5.0,5.0
2017,Porsche,boxster,Two-seater,2.0,4,M6,Z,11.0,8.3,9.8,29,229,5.0,5.0
2017,Porsche,boxster s,Two-seater,2.5,4,AM7,Z,11.0,8.4,9.9,29,230,5.0,5.0
2017,Porsche,boxster s,Two-seater,2.5,4,M6,Z,12.1,9.0,10.7,26,249,5.0,5.0
2017,Porsche,cayenne,Sport utility vehicle: Standard,3.6,6,A8,Z,12.9,9.7,11.5,25,268,4.0,5.0
2017,Porsche,cayenne platinum,Sport utility vehicle: Standard,3.6,6,A8,Z,13.6,10.2,12.1,23,281,4.0,5.0
2017,Porsche,cayenne s,Sport utility vehicle: Standard,3.6,6,A8,Z,13.9,9.6,12.0,24,281,4.0,5.0
2017,Porsche,cayenne gts,Sport utility vehicle: Standard,3.6,6,A8,Z,14.5,10.4,12.6,22,296,4.0,5.0
2017,Porsche,cayenne turbo,Sport utility vehicle: Standard,4.8,8,A8,Z,16.7,11.2,14.2,20,334,3.0,5.0
2017,Porsche,cayenne turbo s,Sport utility vehicle: Standard,4.8,8,A8,Z,16.7,11.2,14.2,20,334,3.0,5.0
2017,Porsche,cayman,Two-seater,2.0,4,AM7,Z,10.5,8.0,9.4,30,219,5.0,5.0
2017,Porsche,cayman,Two-seater,2.0,4,M6,Z,11.0,8.3,9.8,29,229,5.0,5.0
2017,Porsche,cayman s,Two-seater,2.5,4,AM7,Z,11.0,8.4,9.9,29,230,5.0,5.0
2017,Porsche,cayman s,Two-seater,2.5,4,M6,Z,12.1,9.0,10.7,26,249,5.0,5.0
2017,Porsche,macan,Sport utility vehicle: Small,2.0,4,A7,Z,11.6,9.3,10.6,27,248,5.0,5.0
2017,Porsche,macan s,Sport utility vehicle: Small,3.0,6,A7,Z,13.7,10.3,12.2,23,285,4.0,5.0
2017,Porsche,macan gts,Sport utility vehicle: Small,3.0,6,A7,Z,13.8,10.3,12.3,23,287,4.0,5.0
2017,Porsche,macan turbo,Sport utility vehicle: Small,3.6,6,A7,Z,14.2,10.1,12.3,23,287,4.0,5.0
2017,Ram,1500 ecodiesel,Pickup truck: Standard,3.0,6,A8,D,11.8,8.6,10.4,27,278,4.0,5.0
2017,Ram,1500 ffv,Pickup truck: Standard,3.6,6,A8,X,13.9,9.6,11.9,24,280,4.0,6.0
2017,Ram,1500 ffv,Pickup truck: Standard,3.6,6,A8,E,19.7,13.8,17.0,17,283,4.0,6.0
2017,Ram,1500,Pickup truck: Standard,5.7,8,A6,X,17.0,12.0,14.8,19,346,2.0,6.0
2017,Ram,1500,Pickup truck: Standard,5.7,8,A8,X,15.7,11.0,13.6,21,319,3.0,6.0
2017,Ram,1500 4x4 ecodiesel,Pickup truck: Standard,3.0,6,A8,D,12.3,8.8,10.8,26,289,4.0,5.0
2017,Ram,1500 4x4 ffv,Pickup truck: Standard,3.6,6,A8,X,14.5,10.2,12.6,22,294,4.0,6.0
2017,Ram,1500 4x4 ffv,Pickup truck: Standard,3.6,6,A8,E,20.7,14.7,18.0,16,300,3.0,6.0
2017,Ram,1500 4x4,Pickup truck: Standard,5.7,8,A6,X,17.5,12.7,15.4,18,361,2.0,6.0
2017,Ram,1500 4x4,Pickup truck: Standard,5.7,8,A8,X,16.1,11.5,14.0,20,328,3.0,6.0
2017,Ram,promaster city,Special purpose vehicle,2.4,4,A9,X,11.2,8.3,9.9,29,232,5.0,6.0
2017,Rolls-Royce,dawn,Compact,6.6,12,AS8,Z,20.0,12.6,16.7,17,390,1.0,6.0
2017,Rolls-Royce,ghost,Full-size,6.6,12,AS8,Z,20.0,12.6,16.7,17,390,1.0,6.0
2017,Rolls-Royce,ghost ewb,Full-size,6.6,12,AS8,Z,20.0,12.6,16.7,17,390,1.0,6.0
2017,Rolls-Royce,phantom,Full-size,6.7,12,AS8,Z,20.7,12.7,17.1,17,400,1.0,6.0
2017,Rolls-Royce,phantom ewb,Full-size,6.7,12,AS8,Z,20.7,12.7,17.1,17,400,1.0,6.0
2017,Rolls-Royce,phantom coupe,Compact,6.7,12,AS8,Z,20.7,12.7,17.1,17,400,1.0,6.0
2017,Rolls-Royce,phantom drophead coupe,Compact,6.7,12,AS8,Z,20.6,12.8,17.1,17,401,1.0,6.0
2017,Rolls-Royce,wraith,Mid-size,6.6,12,AS8,Z,19.0,12.5,16.1,18,375,2.0,6.0
2017,smart,fortwo cabriolet,Two-seater,0.9,3,AM6,Z,7.0,6.3,6.7,42,152,8.0,5.0
2017,Subaru,brz,Minicompact,2.0,4,AS6,Z,9.7,7.2,8.6,33,200,6.0,5.0
2017,Subaru,brz,Minicompact,2.0,4,M6,Z,11.1,8.0,9.7,29,228,5.0,5.0
2017,Subaru,crosstrek awd,Sport utility vehicle: Small,2.0,4,AV6,X,9.1,7.2,8.2,34,193,7.0,7.0
2017,Subaru,crosstrek awd,Sport utility vehicle: Small,2.0,4,M5,X,10.3,7.8,9.2,31,216,6.0,7.0
2017,Subaru,forester awd,Sport utility vehicle: Small,2.0,4,AV8,Z,10.2,8.6,9.5,30,223,5.0,5.0
2017,Subaru,forester awd,Sport utility vehicle: Small,2.5,4,AV6,X,9.2,7.4,8.4,34,196,6.0,7.0
2017,Subaru,forester awd,Sport utility vehicle: Small,2.5,4,M6,X,10.9,8.3,9.7,29,228,5.0,7.0
2017,Subaru,impreza 4-door awd,Mid-size,2.0,4,AV7,X,8.3,6.4,7.5,38,174,7.0,7.0
2017,Subaru,impreza 4-door awd,Mid-size,2.0,4,M5,X,10.0,7.5,8.9,32,208,6.0,7.0
2017,Subaru,impreza 5-door awd,Station wagon: Small,2.0,4,AV7,X,8.4,6.5,7.5,38,176,7.0,7.0
2017,Subaru,impreza 5-door awd,Station wagon: Small,2.0,4,M5,X,10.1,7.7,9.0,31,211,6.0,7.0
2017,Subaru,legacy awd,Mid-size,2.5,4,AV6,X,9.3,7.0,8.3,34,194,7.0,5.0
2017,Subaru,legacy awd,Mid-size,2.5,4,M6,X,10.7,7.9,9.5,30,222,5.0,5.0
2017,Subaru,legacy awd,Mid-size,3.6,6,AV6,X,11.9,8.3,10.3,27,241,5.0,6.0
2017,Subaru,outback awd,Sport utility vehicle: Small,2.5,4,AV6,X,9.4,7.3,8.4,34,198,6.0,5.0
2017,Subaru,outback awd,Sport utility vehicle: Small,2.5,4,M6,X,11.0,8.3,9.8,29,229,5.0,5.0
2017,Subaru,outback awd,Sport utility vehicle: Small,3.6,6,AV6,X,12.0,8.7,10.5,27,247,5.0,6.0
2017,Subaru,wrx awd,Compact,2.0,4,AV8,Z,12.5,9.6,11.2,25,255,5.0,5.0
2017,Subaru,wrx awd,Compact,2.0,4,M6,Z,11.3,8.5,10.0,28,235,5.0,5.0
2017,Subaru,wrx awd,Compact,2.5,4,M6,Z,13.8,10.2,12.2,23,285,4.0,5.0
2017,Toyota,4runner 4wd,Sport utility vehicle: Standard,4.0,6,AS5,X,14.3,12.0,13.3,21,310,3.0,6.0
2017,Toyota,4runner 4wd (part-time 4wd),Sport utility vehicle: Standard,4.0,6,AS5,X,14.3,12.0,13.3,21,310,3.0,6.0
2017,Toyota,86,Minicompact,2.0,4,AS6,Z,9.9,7.3,8.7,32,204,6.0,5.0
2017,Toyota,86,Minicompact,2.0,4,M6,Z,11.3,8.3,9.9,29,232,5.0,5.0
2017,Toyota,avalon,Mid-size,3.5,6,AS6,X,11.4,7.7,9.7,29,226,5.0,6.0
2017,Toyota,camry,Mid-size,2.5,4,AS6,X,9.8,7.1,8.6,33,199,6.0,6.0
2017,Toyota,camry,Mid-size,3.5,6,AS6,X,11.0,7.8,9.6,29,224,5.0,6.0
2017,Toyota,camry hybrid le,Mid-size,2.5,4,AV,X,5.6,6.2,5.9,48,137,9.0,8.0
2017,Toyota,camry hybrid xle/se,Mid-size,2.5,4,AV,X,5.8,6.3,6.0,47,141,9.0,8.0
2017,Toyota,corolla,Mid-size,1.8,4,AV,X,8.3,6.5,7.5,38,174,7.0,6.0
2017,Toyota,corolla le eco (1-mode),Mid-size,1.8,4,AV,X,7.8,5.9,6.9,41,163,8.0,7.0
2017,Toyota,corolla le eco (2-mode),Mid-size,1.8,4,AV,X,8.0,6.3,7.2,39,168,8.0,7.0
2017,Toyota,corolla,Mid-size,1.8,4,AV7,X,8.3,6.7,7.5,38,178,7.0,6.0
2017,Toyota,corolla,Mid-size,1.8,4,M6,X,8.4,6.5,7.5,38,176,7.0,6.0
2017,Toyota,corolla im,Mid-size,1.8,4,AV7,X,8.3,6.5,7.5,38,176,7.0,7.0
2017,Toyota,corolla im,Mid-size,1.8,4,M6,X,8.8,6.8,7.9,36,185,7.0,7.0
2017,Toyota,highlander,Sport utility vehicle: Small,3.5,6,AS8,X,11.8,8.7,10.3,27,243,5.0,7.0
2017,Toyota,highlander awd,Sport utility vehicle: Standard,3.5,6,AS8,X,12.1,9.0,10.6,27,251,5.0,7.0
2017,Toyota,highlander awd (start/stop system),Sport utility vehicle: Standard,3.5,6,AS8,X,12.0,8.9,10.6,27,247,5.0,7.0
2017,Toyota,highlander awd le,Sport utility vehicle: Standard,3.5,6,AS8,X,11.7,8.8,10.4,27,242,5.0,7.0
2017,Toyota,highlander hybrid awd,Sport utility vehicle: Standard,3.5,6,AV6,X,8.1,8.5,8.3,34,193,7.0,8.0
2017,Toyota,prius,Mid-size,1.8,4,AV,X,4.4,4.6,4.5,63,105,10.0,8.0
2017,Toyota,prius c,Compact,1.5,4,AV,X,4.9,5.5,5.1,55,120,10.0,8.0
2017,Toyota,prius v,Station wagon: Mid-size,1.8,4,AV,X,5.5,6.0,5.8,49,135,9.0,8.0
2017,Toyota,rav4,Sport utility vehicle: Small,2.5,4,AS6,X,10.3,8.0,9.2,31,217,6.0,6.0
2017,Toyota,rav4 le/xle,Sport utility vehicle: Small,2.5,4,AS6,X,10.0,7.8,9.0,31,210,6.0,6.0
2017,Toyota,rav4 awd,Sport utility vehicle: Small,2.5,4,AS6,X,10.5,8.3,9.5,30,222,5.0,6.0
2017,Toyota,rav4 limited/se awd,Sport utility vehicle: Small,2.5,4,AS6,X,10.7,8.4,9.7,29,226,5.0,6.0
2017,Toyota,rav4 hybrid awd,Sport utility vehicle: Small,2.5,4,AV6,X,6.9,7.8,7.3,39,170,7.0,8.0
2017,Toyota,sequoia 4wd,Sport utility vehicle: Standard,5.7,8,AS6,X,18.7,13.8,16.5,17,380,2.0,5.0
2017,Toyota,sienna,Minivan,3.5,6,AS8,X,12.5,8.9,10.9,26,255,5.0,7.0
2017,Toyota,sienna awd,Minivan,3.5,6,AS8,X,13.4,9.6,11.7,24,274,4.0,7.0
2017,Toyota,tacoma,Pickup truck: Small,2.7,4,AS6,X,12.1,10.1,11.2,25,263,4.0,7.0
2017,Toyota,tacoma,Pickup truck: Small,3.5,6,AS6,X,12.6,10.0,11.4,25,268,4.0,7.0
2017,Toyota,tacoma 4wd,Pickup truck: Small,2.7,4,AS6,X,12.7,10.6,11.7,24,274,4.0,7.0
2017,Toyota,tacoma 4wd,Pickup truck: Small,2.7,4,M5,X,12.4,11.4,11.9,24,279,4.0,7.0
2017,Toyota,tacoma 4wd,Pickup truck: Small,3.5,6,AS6,X,13.2,10.7,12.0,24,283,4.0,7.0
2017,Toyota,tacoma 4wd,Pickup truck: Small,3.5,6,M6,X,13.8,11.6,12.8,22,301,3.0,7.0
2017,Toyota,tacoma 4wd d-cab off-road,Pickup truck: Small,3.5,6,M6,X,13.8,11.7,12.9,22,300,3.0,7.0
2017,Toyota,tundra,Pickup truck: Standard,4.6,8,AS6,X,15.8,12.3,14.2,20,334,3.0,5.0
2017,Toyota,tundra,Pickup truck: Standard,5.7,8,AS6,X,17.2,12.9,15.3,18,358,2.0,5.0
2017,Toyota,tundra 4wd,Pickup truck: Standard,4.6,8,AS6,X,16.8,12.6,14.9,19,349,2.0,5.0
2017,Toyota,tundra 4wd,Pickup truck: Standard,5.7,8,AS6,X,18.1,13.9,16.2,17,378,2.0,5.0
2017,Toyota,yaris,Compact,1.5,4,AS6,X,7.3,5.8,6.6,43,155,8.0,6.0
2017,Toyota,yaris (sil),Compact,1.5,4,M6,X,7.8,6.0,6.8,42,164,8.0,6.0
2017,Toyota,yaris hatchback,Compact,1.5,4,A4,X,7.9,6.8,7.4,38,173,7.0,6.0
2017,Toyota,yaris hatchback,Compact,1.5,4,M5,X,7.8,6.5,7.2,39,168,8.0,6.0
2017,Volkswagen,beetle,Compact,1.8,4,AS6,X,9.7,7.2,8.5,33,199,6.0,8.0
2017,Volkswagen,beetle,Compact,1.8,4,M5,X,9.5,7.1,8.4,34,198,6.0,8.0
2017,Volkswagen,beetle dune,Compact,1.8,4,AS6,X,9.6,7.5,8.6,33,201,6.0,8.0
2017,Volkswagen,beetle convertible,Subcompact,1.8,4,AS6,X,9.7,7.2,8.5,33,199,6.0,8.0
2017,Volkswagen,cc 4motion,Compact,3.6,6,AS6,X,13.9,9.3,11.8,24,277,4.0,6.0
2017,Volkswagen,golf,Compact,1.8,4,AS6,X,9.4,6.7,8.2,34,192,7.0,8.0
2017,Volkswagen,golf,Compact,1.8,4,M5,X,9.3,6.6,8.1,35,190,7.0,8.0
2017,Volkswagen,golf gti,Compact,2.0,4,AM6,X,9.6,7.2,8.5,33,199,6.0,8.0
2017,Volkswagen,golf gti,Compact,2.0,4,M6,X,9.7,7.0,8.5,33,198,6.0,8.0
2017,Volkswagen,golf r,Compact,2.0,4,AM6,Z,10.4,7.9,9.3,30,216,6.0,6.0
2017,Volkswagen,golf r,Compact,2.0,4,M6,Z,10.9,7.7,9.4,30,220,5.0,6.0
2017,Volkswagen,golf alltrack,Station wagon: Small,1.8,4,AM6,X,10.6,8.0,9.4,30,220,5.0,8.0
2017,Volkswagen,golf sportwagen,Station wagon: Small,1.8,4,AS6,X,9.3,6.9,8.2,34,192,7.0,8.0
2017,Volkswagen,golf sportwagen,Station wagon: Small,1.8,4,M5,X,9.6,6.8,8.3,34,194,6.0,8.0
2017,Volkswagen,golf sportwagen 4motion,Station wagon: Small,1.8,4,AM6,X,10.6,8.0,9.4,30,220,5.0,8.0
2017,Volkswagen,jetta,Compact,1.4,4,AS6,X,8.5,6.2,7.4,38,175,7.0,7.0
2017,Volkswagen,jetta,Compact,1.4,4,M5,X,8.3,5.9,7.2,39,168,8.0,6.0
2017,Volkswagen,jetta,Compact,1.8,4,AM6,X,9.4,6.8,8.2,34,193,7.0,8.0
2017,Volkswagen,jetta,Compact,2.0,4,AS6,X,9.8,7.4,8.7,32,205,6.0,8.0
2017,Volkswagen,jetta,Compact,2.0,4,M6,X,10.2,7.2,8.9,32,208,6.0,8.0
2017,Volkswagen,passat,Mid-size,1.8,4,AS6,X,10.1,7.0,8.7,32,204,6.0,8.0
2017,Volkswagen,passat,Mid-size,3.6,6,AM6,X,11.9,8.5,10.4,27,242,5.0,6.0
2017,Volkswagen,tiguan,Sport utility vehicle: Small,2.0,4,AS6,Z,11.7,9.6,10.7,26,256,5.0,6.0
2017,Volkswagen,tiguan 4motion,Sport utility vehicle: Small,2.0,4,AS6,Z,12.0,10.0,11.1,25,263,4.0,6.0
2017,Volkswagen,touareg,Sport utility vehicle: Standard,3.6,6,AS8,X,13.8,10.4,12.2,23,287,4.0,5.0
2017,Volvo,s60 t5,Compact,2.0,4,AS8,X,9.6,7.0,8.4,34,198,6.0,6.0
2017,Volvo,s60 t5 awd,Compact,2.0,4,AS8,X,10.7,7.8,9.4,30,219,5.0,6.0
2017,Volvo,s60 inscription t5,Compact,2.0,4,AS8,X,9.6,7.0,8.4,34,198,6.0,6.0
2017,Volvo,s60 inscription t5 awd,Compact,2.0,4,AS8,X,10.7,7.8,9.4,30,219,5.0,6.0
2017,Volvo,s60 t6 awd,Compact,2.0,4,AS8,Z,10.9,7.7,9.5,30,221,5.0,6.0
2017,Volvo,s60 polestar,Compact,2.0,4,AS8,Z,11.8,8.5,10.3,27,241,5.0,5.0
2017,Volvo,s60 cc t5 awd,Compact,2.0,4,AS8,X,10.8,7.8,9.4,30,220,5.0,6.0
2017,Volvo,s90 t5,Mid-size,2.0,4,AS8,Z,10.1,7.0,8.7,32,204,6.0,6.0
2017,Volvo,s90 t6 awd,Mid-size,2.0,4,AS8,Z,10.8,7.6,9.4,30,219,5.0,6.0
2017,Volvo,v60 t5,Station wagon: Small,2.0,4,AS8,X,9.6,7.0,8.4,34,198,6.0,6.0
2017,Volvo,v60 t5 awd,Station wagon: Small,2.0,4,AS8,X,10.7,7.8,9.4,30,219,5.0,6.0
2017,Volvo,v60 t6 awd,Station wagon: Small,2.0,4,AS8,Z,10.9,7.7,9.5,30,221,5.0,6.0
2017,Volvo,v60 polestar,Station wagon: Small,2.0,4,AS8,Z,11.8,8.5,10.3,27,241,5.0,5.0
2017,Volvo,v60 cc t5 awd,Station wagon: Small,2.0,4,AS8,X,10.8,7.8,9.4,30,220,5.0,6.0
2017,Volvo,v90 t5,Station wagon: Mid-size,2.0,4,AS8,Z,10.1,7.0,8.7,32,204,6.0,6.0
2017,Volvo,v90 t6 awd,Station wagon: Mid-size,2.0,4,AS8,Z,10.8,7.6,9.4,30,219,5.0,6.0
2017,Volvo,v90 cc t6 awd,Station wagon: Mid-size,2.0,4,AS8,Z,10.7,7.9,9.4,30,221,5.0,6.0
2017,Volvo,xc60 t5,Sport utility vehicle: Small,2.0,4,AS8,X,10.4,7.8,9.2,31,216,6.0,6.0
2017,Volvo,xc60 t5 awd,Sport utility vehicle: Small,2.0,4,AS8,X,11.3,8.4,10.0,28,233,5.0,6.0
2017,Volvo,xc60 t6 awd,Sport utility vehicle: Small,2.0,4,AS8,Z,11.7,8.7,10.4,27,244,5.0,6.0
2017,Volvo,xc90 t5,Sport utility vehicle: Standard,2.0,4,AS8,Z,10.6,9.1,10.0,28,232,5.0,6.0
2017,Volvo,xc90 t5 awd,Sport utility vehicle: Standard,2.0,4,AS8,Z,10.8,9.5,10.2,28,239,5.0,6.0
2017,Volvo,xc90 t6 awd,Sport utility vehicle: Standard,2.0,4,AS8,Z,11.5,9.6,10.6,27,249,5.0,6.0
2018,Acura,ilx,Compact,2.4,4,AM8,Z,9.4,6.8,8.2,34,192,6.0,3.0
2018,Acura,mdx sh-awd,Sport utility vehicle: Small,3.5,6,AS9,Z,12.6,9.0,11.0,26,259,4.0,3.0
2018,Acura,mdx sh-awd elite,Sport utility vehicle: Small,3.5,6,AS9,Z,12.2,9.0,10.7,26,251,4.0,3.0
2018,Acura,mdx hybrid awd,Sport utility vehicle: Small,3.0,6,AM7,Z,9.1,9.0,9.0,31,210,5.0,3.0
2018,Acura,nsx,Two-seater,3.5,6,AM9,Z,11.1,10.8,11.0,26,261,4.0,3.0
2018,Acura,rdx awd,Sport utility vehicle: Small,3.5,6,AS6,Z,12.4,8.7,10.7,26,250,4.0,3.0
2018,Acura,rlx hybrid,Mid-size,3.5,6,AM7,Z,8.4,8.2,8.4,34,196,6.0,7.0
2018,Acura,tlx,Compact,2.4,4,AM8,Z,10.0,7.1,8.7,32,205,6.0,3.0
2018,Acura,tlx a-spec,Compact,2.4,4,AM8,Z,10.2,7.4,8.9,32,209,5.0,3.0
2018,Acura,tlx sh-awd,Compact,3.5,6,AS9,Z,11.4,7.7,9.8,29,228,5.0,3.0
2018,Acura,tlx sh-awd a-spec,Compact,3.5,6,AS9,Z,12.0,8.2,10.3,27,240,5.0,3.0
2018,Alfa Romeo,4c coupe,Two-seater,1.8,4,AM6,Z,9.7,6.9,8.4,34,197,6.0,1.0
2018,Alfa Romeo,4c spider,Two-seater,1.8,4,AM6,Z,9.7,6.9,8.4,34,197,6.0,1.0
2018,Alfa Romeo,giulia,Mid-size,2.0,4,A8,Z,10.0,7.2,8.7,32,205,6.0,3.0
2018,Alfa Romeo,giulia awd,Mid-size,2.0,4,A8,Z,10.5,7.7,9.2,31,217,5.0,3.0
2018,Alfa Romeo,giulia quadrifoglio,Mid-size,2.9,6,A8,Z,13.8,9.6,11.9,24,280,4.0,3.0
2018,Alfa Romeo,stelvio awd,Sport utility vehicle: Small,2.0,4,A8,Z,10.8,8.3,9.6,29,226,5.0,3.0
2018,Alfa Romeo,stelvio quadrifoglio,Sport utility vehicle: Small,2.9,6,A8,Z,14.1,10.4,12.4,23,292,3.0,3.0
2018,Aston Martin,db11 v8,Minicompact,4.0,8,A8,Z,13.0,9.8,11.5,25,271,4.0,3.0
2018,Aston Martin,db11 v12,Minicompact,5.2,12,A8,Z,15.5,11.4,13.7,21,322,3.0,3.0
2018,Aston Martin,rapide s,Subcompact,6.0,12,A8,Z,16.7,10.9,14.1,20,332,3.0,3.0
2018,Aston Martin,vanquish,Minicompact,6.0,12,A8,Z,17.5,11.4,14.7,19,346,2.0,3.0
2018,Audi,a3,Subcompact,2.0,4,AM7,X,9.1,6.8,8.0,35,188,6.0,7.0
2018,Audi,a3 quattro,Subcompact,2.0,4,AM6,X,9.7,7.5,8.7,32,205,6.0,7.0
2018,Audi,a3 cabriolet quattro,Subcompact,2.0,4,AM6,X,10.8,8.0,9.5,30,223,5.0,7.0
2018,Audi,a4,Compact,2.0,4,AM7,Z,8.6,6.4,7.6,37,177,7.0,3.0
2018,Audi,a4 quattro,Compact,2.0,4,AM7,Z,10.0,7.0,8.7,32,203,6.0,5.0
2018,Audi,a4 quattro,Compact,2.0,4,M6,Z,9.9,7.1,8.7,32,204,6.0,3.0
2018,Audi,a4 allroad quattro,Station wagon: Small,2.0,4,AM7,Z,10.5,7.9,9.3,30,217,5.0,5.0
2018,Audi,a5 quattro,Subcompact,2.0,4,AM7,Z,10.0,7.0,8.7,32,203,6.0,5.0
2018,Audi,a5 quattro,Subcompact,2.0,4,M6,Z,9.9,7.1,8.7,32,204,6.0,3.0
2018,Audi,a5 cabriolet quattro,Subcompact,2.0,4,AM7,Z,10.0,7.0,8.7,32,203,6.0,5.0
2018,Audi,a5 sportback quattro,Mid-size,2.0,4,AM7,Z,10.0,7.0,8.7,32,203,6.0,5.0
2018,Audi,a6 quattro,Mid-size,2.0,4,AS8,Z,10.6,7.5,9.2,31,216,5.0,5.0
2018,Audi,a6 quattro,Mid-size,3.0,6,AS8,Z,11.5,8.2,10.0,28,235,5.0,3.0
2018,Audi,a7 quattro,Mid-size,3.0,6,AS8,Z,11.5,8.2,10.0,28,235,5.0,3.0
2018,Audi,a8,Full-size,3.0,6,AS8,Z,12.6,8.0,10.5,27,247,4.0,3.0
2018,Audi,a8,Full-size,4.0,8,AS8,Z,15.1,9.1,12.4,23,290,3.0,3.0
2018,Audi,a8l,Full-size,4.0,8,AS8,Z,15.1,9.1,12.4,23,290,3.0,3.0
2018,Audi,q3,Compact,2.0,4,AS6,Z,11.6,8.3,10.1,28,236,5.0,3.0
2018,Audi,q3 quattro,Compact,2.0,4,AS6,Z,11.9,8.4,10.3,27,240,5.0,3.0
2018,Audi,q5,Sport utility vehicle: Small,2.0,4,AS7,Z,10.4,8.6,9.6,29,226,5.0,3.0
2018,Audi,q7,Sport utility vehicle: Standard,2.0,4,AS8,Z,12.2,9.5,11.0,26,258,4.0,3.0
2018,Audi,q7,Sport utility vehicle: Standard,3.0,6,AS8,Z,12.6,9.4,11.1,25,260,4.0,3.0
2018,Audi,r8,Two-seater,5.2,10,AM7,Z,16.0,9.5,13.1,22,304,3.0,1.0
2018,Audi,r8 quattro,Two-seater,5.2,10,AM7,Z,17.1,11.3,14.5,19,338,2.0,1.0
2018,Audi,r8 spyder,Two-seater,5.2,10,AM7,Z,17.1,11.3,14.5,19,338,2.0,1.0
2018,Audi,rs 3,Subcompact,2.5,5,AM7,Z,12.4,8.3,10.5,27,248,4.0,3.0
2018,Audi,rs 5,Subcompact,2.9,6,AM8,Z,12.9,8.9,11.1,25,260,4.0,5.0
2018,Audi,rs 7,Mid-size,4.0,8,AS8,Z,17.0,9.6,13.7,21,318,3.0,3.0
2018,Audi,s3,Subcompact,2.0,4,AM7,Z,10.6,8.3,9.6,29,223,5.0,3.0
2018,Audi,s4,Compact,3.0,6,AM8,Z,11.5,8.0,9.9,29,232,5.0,5.0
2018,Audi,s5,Subcompact,3.0,6,AM8,Z,11.5,8.0,9.9,29,232,5.0,5.0
2018,Audi,s5 cabriolet,Subcompact,3.0,6,AM8,Z,11.9,8.1,10.2,28,239,5.0,5.0
2018,Audi,s5 sportback,Mid-size,3.0,6,AM8,Z,11.5,8.0,9.9,29,232,5.0,5.0
2018,Audi,s6,Mid-size,4.0,8,AM7,Z,15.0,10.0,12.8,22,298,3.0,3.0
2018,Audi,s7,Mid-size,4.0,8,AM7,Z,15.0,10.0,12.8,22,298,3.0,3.0
2018,Audi,s8,Mid-size,4.0,8,AS8,Z,16.2,9.9,13.4,21,313,3.0,3.0
2018,Audi,sq5,Sport utility vehicle: Small,3.0,6,AM8,Z,12.7,10.0,11.5,25,270,4.0,5.0
2018,Audi,tt coupe quattro,Subcompact,2.0,4,AM6,X,10.1,7.8,9.1,31,209,5.0,7.0
2018,Audi,tt roadster quattro,Two-seater,2.0,4,AM6,X,10.1,7.8,9.1,31,209,5.0,7.0
2018,Audi,tt rs,Subcompact,2.5,5,AM7,Z,12.3,8.2,10.5,27,245,5.0,3.0
2018,Audi,tts coupe,Subcompact,2.0,4,AM6,Z,10.3,8.6,9.5,30,222,5.0,3.0
2018,Bentley,bentayga,Sport utility vehicle: Standard,6.0,12,AS8,Z,18.8,12.2,15.9,18,370,2.0,3.0
2018,Bentley,continental gt convertible,Compact,6.0,12,AS8,Z,20.4,12.0,16.6,17,389,1.0,1.0
2018,Bentley,continental supersports,Compact,6.0,12,AS8,Z,20.4,12.0,16.6,17,389,1.0,1.0
2018,Bentley,flying spur,Mid-size,4.0,8,AS8,Z,18.8,10.7,15.1,19,353,2.0,3.0
2018,Bentley,flying spur,Mid-size,6.0,12,AS8,Z,20.4,12.0,16.6,17,389,1.0,1.0
2018,Bentley,mulsanne,Mid-size,6.8,8,AS8,Z,20.9,13.0,17.3,16,405,1.0,1.0
2018,BMW,230i xdrive cabriolet,Subcompact,2.0,4,AS8,Z,10.2,7.2,8.9,32,208,6.0,7.0
2018,BMW,230i coupe,Subcompact,2.0,4,AS8,Z,9.8,6.8,8.4,34,197,6.0,7.0
2018,BMW,230i coupe,Subcompact,2.0,4,M6,Z,11.1,7.3,9.4,30,219,5.0,7.0
2018,BMW,230i xdrive coupe,Subcompact,2.0,4,AS8,Z,9.9,7.1,8.6,33,202,6.0,7.0
2018,BMW,328d xdrive,Compact,2.0,4,AS8,D,7.8,5.9,7.0,40,184,7.0,3.0
2018,BMW,328d xdrive touring,Station wagon: Small,2.0,4,AS8,D,7.8,5.9,7.0,40,184,7.0,3.0
2018,BMW,330i xdrive,Compact,2.0,4,AS8,Z,10.2,7.2,8.9,32,208,6.0,7.0
2018,BMW,330i xdrive gran turismo,Full-size,2.0,4,AS8,Z,10.2,7.2,8.9,32,208,6.0,7.0
2018,BMW,330i xdrive touring,Station wagon: Small,2.0,4,AS8,Z,10.2,7.2,8.9,32,208,6.0,7.0
2018,BMW,340i,Compact,3.0,6,AS8,Z,9.2,6.2,7.8,36,183,7.0,3.0
2018,BMW,340i,Compact,3.0,6,M6,Z,12.1,8.1,10.3,27,240,5.0,3.0
2018,BMW,340i xdrive,Compact,3.0,6,AS8,Z,11.1,7.5,9.5,30,223,5.0,3.0
2018,BMW,340i xdrive,Compact,3.0,6,M6,Z,12.2,8.4,10.5,27,245,5.0,3.0
2018,BMW,340i xdrive gran turismo,Full-size,3.0,6,AS8,Z,11.8,7.9,10.0,28,235,5.0,3.0
2018,BMW,430i xdrive cabriolet,Subcompact,2.0,4,AS8,Z,10.7,7.3,9.1,31,214,5.0,7.0
2018,BMW,430i xdrive coupe,Compact,2.0,4,AS8,Z,10.2,7.2,8.9,32,208,6.0,7.0
2018,BMW,430i xdrive gran coupe,Compact,2.0,4,AS8,Z,10.2,7.2,8.9,32,208,6.0,7.0
2018,BMW,440i xdrive cabriolet,Subcompact,3.0,6,AS8,Z,11.8,7.9,10.0,28,235,5.0,3.0
2018,BMW,440i coupe,Compact,3.0,6,AS8,Z,9.2,6.2,7.8,36,183,7.0,3.0
2018,BMW,440i coupe,Compact,3.0,6,M6,Z,12.1,8.1,10.3,27,240,5.0,3.0
2018,BMW,440i xdrive coupe,Compact,3.0,6,AS8,Z,11.1,7.5,9.5,30,223,5.0,3.0
2018,BMW,440i xdrive coupe,Compact,3.0,6,M6,Z,12.2,8.4,10.5,27,245,5.0,3.0
2018,BMW,440i xdrive gran coupe,Compact,3.0,6,AS8,Z,11.1,7.5,9.5,30,223,5.0,3.0
2018,BMW,530i xdrive,Mid-size,2.0,4,AS8,Z,10.2,7.2,8.9,32,208,6.0,7.0
2018,BMW,540i xdrive,Mid-size,3.0,6,AS8,Z,11.6,8.1,10.0,28,236,5.0,5.0
2018,BMW,640i xdrive cabriolet,Subcompact,3.0,6,AS8,Z,12.3,8.4,10.5,27,248,4.0,3.0
2018,BMW,640i xdrive gran coupe,Compact,3.0,6,AS8,Z,12.3,8.4,10.5,27,248,4.0,3.0
2018,BMW,640i xdrive gran turismo,Full-size,3.0,6,AS8,Z,11.9,8.4,10.3,27,241,5.0,5.0
2018,BMW,650i xdrive cabriolet,Subcompact,4.4,8,AS8,Z,14.7,9.6,12.4,23,292,3.0,3.0
2018,BMW,650i xdrive coupe,Subcompact,4.4,8,AS8,Z,14.0,10.0,12.2,23,286,3.0,3.0
2018,BMW,650i xdrive gran coupe,Compact,4.4,8,AS8,Z,14.7,9.6,12.4,23,292,3.0,3.0
2018,BMW,750i xdrive,Full-size,4.4,8,AS8,Z,14.7,9.6,12.4,23,292,3.0,3.0
2018,BMW,750i xdrive swb,Full-size,4.4,8,AS8,Z,14.3,9.4,12.1,23,283,4.0,3.0
2018,BMW,alpina b6 xdrive gran coupe,Compact,4.4,8,AS8,Z,14.7,9.6,12.4,23,292,3.0,3.0
2018,BMW,m2,Subcompact,3.0,6,AM7,Z,11.8,8.9,10.5,27,245,5.0,3.0
2018,BMW,m2,Subcompact,3.0,6,M6,Z,13.1,9.2,11.4,25,267,4.0,3.0
2018,BMW,m240i cabriolet,Subcompact,3.0,6,AS8,Z,10.9,7.7,9.5,30,222,5.0,3.0
2018,BMW,m240i cabriolet,Subcompact,3.0,6,M6,Z,12.7,8.7,10.9,26,255,4.0,3.0
2018,BMW,m240i xdrive cabriolet,Subcompact,3.0,6,AS8,Z,11.2,7.8,9.7,29,227,5.0,3.0
2018,BMW,m240i coupe,Subcompact,3.0,6,AS8,Z,10.9,7.7,9.5,30,222,5.0,3.0
2018,BMW,m240i coupe,Subcompact,3.0,6,M6,Z,12.5,8.4,10.7,26,249,4.0,3.0
2018,BMW,m240i xdrive coupe,Subcompact,3.0,6,AS8,Z,11.2,7.8,9.7,29,227,5.0,3.0
2018,BMW,m3,Compact,3.0,6,AM7,Z,13.5,9.9,11.9,24,280,4.0,3.0
2018,BMW,m3,Compact,3.0,6,M6,Z,13.5,9.3,11.6,24,273,4.0,3.0
2018,BMW,m4 cabriolet,Subcompact,3.0,6,AM7,Z,14.5,10.5,12.7,22,299,3.0,3.0
2018,BMW,m4 cabriolet,Subcompact,3.0,6,M6,Z,13.8,9.4,11.9,24,280,4.0,3.0
2018,BMW,m4 coupe,Compact,3.0,6,AM7,Z,13.5,9.9,11.9,24,280,4.0,3.0
2018,BMW,m4 coupe,Compact,3.0,6,M6,Z,13.5,9.3,11.6,24,273,4.0,3.0
2018,BMW,m550i xdrive,Mid-size,4.4,8,AS8,Z,14.3,9.4,12.1,23,283,4.0,3.0
2018,BMW,m6 cabriolet,Subcompact,4.4,8,AM7,Z,17.3,11.6,14.7,19,344,2.0,3.0
2018,BMW,m6 cabriolet,Subcompact,4.4,8,M6,Z,16.2,10.9,13.8,20,324,3.0,3.0
2018,BMW,m6 coupe,Subcompact,4.4,8,AM7,Z,17.3,11.6,14.7,19,344,2.0,3.0
2018,BMW,m6 coupe,Subcompact,4.4,8,M6,Z,16.2,10.9,13.8,20,324,3.0,3.0
2018,BMW,m6 gran coupe,Compact,4.4,8,AM7,Z,17.3,11.6,14.7,19,344,2.0,3.0
2018,BMW,m6 gran coupe,Compact,4.4,8,M6,Z,16.2,10.9,13.8,20,324,3.0,3.0
2018,BMW,m760i xdrive,Full-size,6.6,12,AS8,Z,17.7,11.9,15.1,19,355,2.0,3.0
2018,BMW,x1 xdrive28i,Sport utility vehicle: Small,2.0,4,AS8,Z,10.7,7.5,9.3,30,217,5.0,7.0
2018,BMW,x2 xdrive28i,Sport utility vehicle: Small,2.0,4,AS8,Z,11.0,7.7,9.5,30,222,5.0,7.0
2018,BMW,x3 xdrive30i,Sport utility vehicle: Small,2.0,4,AS8,Z,10.8,8.0,9.5,30,223,5.0,7.0
2018,BMW,x3 m40i,Sport utility vehicle: Small,3.0,6,AS8,Z,11.7,8.6,10.3,27,241,5.0,5.0
2018,BMW,x4 xdrive28i,Sport utility vehicle: Small,2.0,4,AS8,Z,11.8,8.6,10.3,27,240,5.0,3.0
2018,BMW,x4 m40i,Sport utility vehicle: Small,3.0,6,AS8,Z,12.9,9.5,11.4,25,266,4.0,3.0
2018,BMW,x5 xdrive35d,Sport utility vehicle: Standard,3.0,6,AS8,D,10.3,8.0,9.3,30,246,4.0,3.0
2018,BMW,x5 xdrive35i,Sport utility vehicle: Standard,3.0,6,AS8,Z,13.0,9.8,11.5,25,270,4.0,3.0
2018,BMW,x5 xdrive50i,Sport utility vehicle: Standard,4.4,8,AS8,Z,15.4,11.2,13.5,21,317,3.0,3.0
2018,BMW,x5 m,Sport utility vehicle: Standard,4.4,8,AS8,Z,16.6,12.1,14.6,19,341,2.0,3.0
2018,BMW,x6 xdrive35i,Sport utility vehicle: Standard,3.0,6,AS8,Z,13.0,9.8,11.5,25,270,4.0,3.0
2018,BMW,x6 xdrive50i,Sport utility vehicle: Standard,4.4,8,AS8,Z,15.4,11.2,13.5,21,317,3.0,3.0
2018,BMW,x6 m,Sport utility vehicle: Standard,4.4,8,AS8,Z,16.6,12.1,14.6,19,341,2.0,3.0
2018,Bugatti,chiron,Two-seater,8.0,16,AM7,Z,26.8,16.6,22.2,13,522,1.0,1.0
2018,Buick,enclave,Sport utility vehicle: Standard,3.6,6,AS9,X,12.9,9.0,11.2,25,263,4.0,5.0
2018,Buick,enclave awd,Sport utility vehicle: Standard,3.6,6,AS9,X,13.8,9.4,11.8,24,277,4.0,5.0
2018,Buick,encore,Sport utility vehicle: Small,1.4,4,AS6,X,9.3,7.2,8.3,34,194,6.0,3.0
2018,Buick,encore (sidi with stop/start),Sport utility vehicle: Small,1.4,4,AS6,X,8.6,7.1,7.9,36,185,7.0,3.0
2018,Buick,encore awd,Sport utility vehicle: Small,1.4,4,AS6,X,9.9,7.8,8.9,32,210,5.0,3.0
2018,Buick,encore awd (sidi with stop/start),Sport utility vehicle: Small,1.4,4,AS6,X,9.0,7.6,8.3,34,196,6.0,3.0
2018,Buick,envision awd,Sport utility vehicle: Small,2.0,4,A6,Z,11.8,9.1,10.6,27,248,4.0,3.0
2018,Buick,envision awd,Sport utility vehicle: Small,2.5,4,A6,X,11.1,8.6,10.0,28,234,5.0,5.0
2018,Buick,lacrosse eassist,Mid-size,2.5,4,A6,X,9.3,6.7,8.1,35,190,6.0,5.0
2018,Buick,lacrosse,Mid-size,3.6,6,AS9,X,11.3,7.9,9.7,29,228,5.0,5.0
2018,Buick,lacrosse awd,Mid-size,3.6,6,AS9,X,11.8,8.0,10.1,28,237,5.0,5.0
2018,Buick,regal,Full-size,2.0,4,AS9,Z,10.7,7.4,9.2,31,217,5.0,5.0
2018,Buick,regal awd,Full-size,2.0,4,AS8,Z,11.0,8.0,9.6,29,227,5.0,5.0
2018,Buick,regal awd,Full-size,3.6,6,AS9,X,12.4,8.7,10.7,26,250,4.0,5.0
2018,Cadillac,ats,Compact,2.0,4,AS8,Z,10.5,7.7,9.2,31,216,5.0,5.0
2018,Cadillac,ats,Compact,2.0,4,M6,Z,12.0,8.2,10.3,27,240,5.0,5.0
2018,Cadillac,ats,Compact,3.6,6,AS8,X,11.6,8.0,10.0,28,234,5.0,5.0
2018,Cadillac,ats awd,Compact,2.0,4,AS8,Z,10.8,7.9,9.5,30,222,5.0,5.0
2018,Cadillac,ats awd,Compact,3.6,6,AS8,X,12.1,8.6,10.5,27,247,4.0,5.0
2018,Cadillac,ats-v,Compact,3.6,6,AS8,Z,13.9,9.4,11.9,24,291,3.0,3.0
2018,Cadillac,ats-v,Compact,3.6,6,M6,Z,14.4,10.4,12.6,22,295,3.0,3.0
2018,Cadillac,ct6,Full-size,2.0,4,AS8,Z,11.0,7.8,9.5,30,224,5.0,5.0
2018,Cadillac,ct6 awd,Full-size,3.0,6,AS8,Z,13.0,9.1,11.2,25,263,4.0,3.0
2018,Cadillac,ct6 awd,Full-size,3.6,6,AS8,X,13.0,8.9,11.1,25,261,4.0,5.0
2018,Cadillac,cts,Mid-size,2.0,4,AS8,Z,11.0,7.8,9.5,30,224,5.0,5.0
2018,Cadillac,cts,Mid-size,3.6,6,AS8,X,11.6,8.0,10.0,28,234,5.0,5.0
2018,Cadillac,cts awd,Mid-size,2.0,4,AS8,Z,11.2,8.2,9.8,29,229,5.0,5.0
2018,Cadillac,cts awd,Mid-size,3.6,6,AS8,X,12.1,8.6,10.5,27,247,4.0,5.0
2018,Cadillac,cts vsport,Mid-size,3.6,6,AS8,Z,15.0,9.9,12.7,22,311,3.0,3.0
2018,Cadillac,cts-v,Mid-size,6.2,8,AS8,Z,16.5,11.1,14.0,20,329,3.0,1.0
2018,Cadillac,escalade 4wd,Sport utility vehicle: Standard,6.2,8,A10,Z,16.6,10.9,14.0,20,329,3.0,3.0
2018,Cadillac,xt5,Sport utility vehicle: Small,3.6,6,AS8,X,12.1,8.9,10.6,27,250,4.0,5.0
2018,Cadillac,xt5 awd,Sport utility vehicle: Small,3.6,6,AS8,X,12.8,9.3,11.2,25,263,4.0,5.0
2018,Cadillac,xts,Full-size,3.6,6,AS6,X,13.2,8.5,11.1,25,260,4.0,5.0
2018,Cadillac,xts awd,Full-size,3.6,6,AS6,X,13.7,9.0,11.6,24,272,4.0,5.0
2018,Cadillac,xts vsport awd,Full-size,3.6,6,AS6,Z,15.0,10.2,12.8,22,302,3.0,3.0
2018,Chevrolet,camaro,Subcompact,2.0,4,AS8,Z,10.8,7.6,9.4,30,220,5.0,5.0
2018,Chevrolet,camaro,Subcompact,2.0,4,M6,Z,11.9,7.9,10.1,28,235,5.0,5.0
2018,Chevrolet,camaro,Subcompact,3.6,6,AS8,X,12.3,8.2,10.4,27,246,5.0,5.0
2018,Chevrolet,camaro,Subcompact,3.6,6,M6,X,14.4,8.4,11.7,24,274,4.0,5.0
2018,Chevrolet,camaro ss,Subcompact,6.2,8,AS8,Z,14.2,8.7,11.7,24,273,4.0,1.0
2018,Chevrolet,camaro ss,Subcompact,6.2,8,M6,Z,14.3,9.4,12.1,23,284,3.0,1.0
2018,Chevrolet,camaro zl1,Subcompact,6.2,8,AS10,Z,18.8,11.3,15.4,18,361,2.0,1.0
2018,Chevrolet,camaro zl1,Subcompact,6.2,8,M6,Z,17.1,12.0,14.8,19,348,2.0,1.0
2018,Chevrolet,city express,Special purpose vehicle,2.0,4,AV,X,9.8,8.8,9.3,30,218,5.0,3.0
2018,Chevrolet,colorado,Pickup truck: Small,2.5,4,A6,X,12.1,9.2,10.8,26,253,4.0,5.0
2018,Chevrolet,colorado,Pickup truck: Small,2.5,4,M6,X,11.9,9.2,10.7,26,251,4.0,5.0
2018,Chevrolet,colorado,Pickup truck: Small,2.8,4,A6,D,10.8,8.0,9.6,29,257,4.0,3.0
2018,Chevrolet,colorado,Pickup truck: Small,3.6,6,A8,X,13.4,9.6,11.7,24,274,4.0,5.0
2018,Chevrolet,colorado 4wd,Pickup truck: Small,2.5,4,A6,X,12.6,9.8,11.3,25,266,4.0,5.0
2018,Chevrolet,colorado 4wd,Pickup truck: Small,2.8,4,A6,D,12.1,8.3,10.4,27,279,4.0,3.0
2018,Chevrolet,colorado 4wd,Pickup truck: Small,3.6,6,A8,X,14.1,10.0,12.2,23,288,3.0,5.0
2018,Chevrolet,colorado zr2 4wd,Pickup truck: Small,2.8,4,A6,D,12.5,10.7,11.7,24,315,3.0,3.0
2018,Chevrolet,colorado zr2 4wd,Pickup truck: Small,3.6,6,A8,X,15.0,13.0,14.1,20,331,3.0,5.0
2018,Chevrolet,corvette,Two-seater,6.2,8,AS8,Z,15.5,9.2,12.7,22,297,3.0,1.0
2018,Chevrolet,corvette,Two-seater,6.2,8,M7,Z,14.2,9.0,11.9,24,278,4.0,1.0
2018,Chevrolet,corvette z06,Two-seater,6.2,8,AS8,Z,17.6,10.3,14.3,20,336,2.0,1.0
2018,Chevrolet,corvette z06,Two-seater,6.2,8,M7,Z,15.6,10.6,13.4,21,312,3.0,1.0
2018,Chevrolet,cruze,Compact,1.4,4,AS6,X,8.0,5.9,7.1,40,166,8.0,6.0
2018,Chevrolet,cruze premier,Compact,1.4,4,AS6,X,8.1,6.0,7.2,39,169,8.0,6.0
2018,Chevrolet,cruze,Compact,1.4,4,M6,X,8.6,5.8,7.4,38,172,7.0,6.0
2018,Chevrolet,cruze diesel,Compact,1.6,4,A9,D,7.7,5.0,6.5,43,175,7.0,3.0
2018,Chevrolet,cruze diesel,Compact,1.6,4,M6,D,7.8,4.6,6.3,45,170,7.0,3.0
2018,Chevrolet,cruze hatchback,Mid-size,1.4,4,AS6,X,8.1,6.2,7.3,39,172,7.0,6.0
2018,Chevrolet,cruze hatchback premier,Mid-size,1.4,4,AS6,X,8.4,6.4,7.5,38,176,7.0,6.0
2018,Chevrolet,cruze hatchback,Mid-size,1.4,4,M6,X,8.6,6.2,7.5,38,175,7.0,6.0
2018,Chevrolet,cruze hatchback diesel,Mid-size,1.6,4,A9,D,7.8,5.2,6.6,43,178,7.0,3.0
2018,Chevrolet,cruze hatchback diesel,Mid-size,1.6,4,M6,D,8.1,4.9,6.7,42,180,7.0,3.0
2018,Chevrolet,equinox,Sport utility vehicle: Small,1.5,4,A6,X,9.2,7.3,8.3,34,195,6.0,5.0
2018,Chevrolet,equinox,Sport utility vehicle: Small,1.6,4,A6,D,8.5,6.0,7.4,38,198,6.0,3.0
2018,Chevrolet,equinox awd,Sport utility vehicle: Small,1.5,4,A6,X,9.8,7.9,8.9,32,209,5.0,5.0
2018,Chevrolet,equinox awd,Sport utility vehicle: Small,1.6,4,A6,D,8.5,6.1,7.4,38,198,6.0,3.0
2018,Chevrolet,equinox awd,Sport utility vehicle: Small,2.0,4,A9,Z,10.9,8.3,9.7,29,228,5.0,5.0
2018,Chevrolet,impala,Full-size,2.5,4,AS6,X,10.9,7.9,9.5,30,224,5.0,3.0
2018,Chevrolet,impala ffv,Full-size,3.6,6,AS6,X,12.7,8.5,10.8,26,254,4.0,5.0
2018,Chevrolet,impala ffv,Full-size,3.6,6,AS6,E,17.2,11.6,14.6,19,245,5.0,5.0
2018,Chevrolet,malibu,Mid-size,1.5,4,A6,X,8.8,6.5,7.8,36,181,7.0,6.0
2018,Chevrolet,malibu,Mid-size,2.0,4,A9,Z,10.5,7.4,9.1,31,213,5.0,5.0
2018,Chevrolet,malibu hybrid,Mid-size,1.8,4,AV,X,4.8,5.5,5.1,55,121,10.0,3.0
2018,Chevrolet,silverado ffv,Pickup truck: Standard,4.3,6,A6,X,13.4,10.0,11.8,24,278,4.0,5.0
2018,Chevrolet,silverado ffv,Pickup truck: Standard,4.3,6,A6,E,19.3,14.4,17.1,17,284,3.0,5.0
2018,Chevrolet,silverado,Pickup truck: Standard,5.3,8,A6,X,14.6,10.3,12.7,22,298,3.0,3.0
2018,Chevrolet,silverado ffv,Pickup truck: Standard,5.3,8,A6,X,14.6,10.3,12.7,22,298,3.0,3.0
2018,Chevrolet,silverado ffv,Pickup truck: Standard,5.3,8,A6,E,19.7,13.9,17.1,17,283,4.0,3.0
2018,Chevrolet,silverado,Pickup truck: Standard,5.3,8,A8,X,14.9,10.9,13.1,22,307,3.0,3.0
2018,Chevrolet,silverado eassist,Pickup truck: Standard,5.3,8,A8,X,13.4,10.0,11.8,24,278,4.0,3.0
2018,Chevrolet,silverado,Pickup truck: Standard,6.2,8,A8,Z,15.9,11.2,13.8,20,324,3.0,3.0
2018,Chevrolet,silverado 4wd ffv,Pickup truck: Standard,4.3,6,A6,X,14.1,10.6,12.5,23,294,3.0,5.0
2018,Chevrolet,silverado 4wd ffv,Pickup truck: Standard,4.3,6,A6,E,20.2,15.2,18.0,16,296,3.0,5.0
2018,Chevrolet,silverado 4wd,Pickup truck: Standard,5.3,8,A6,X,15.0,10.7,13.1,22,307,3.0,3.0
2018,Chevrolet,silverado 4wd ffv,Pickup truck: Standard,5.3,8,A6,X,15.0,10.7,13.1,22,307,3.0,3.0
2018,Chevrolet,silverado 4wd ffv,Pickup truck: Standard,5.3,8,A6,E,21.0,15.0,18.3,15,309,3.0,3.0
2018,Chevrolet,silverado 4wd,Pickup truck: Standard,5.3,8,A8,X,15.6,11.6,13.8,20,324,3.0,3.0
2018,Chevrolet,silverado eassist 4wd,Pickup truck: Standard,5.3,8,A8,X,14.4,11.2,13.0,22,304,3.0,3.0
2018,Chevrolet,silverado 4wd,Pickup truck: Standard,6.2,8,A8,Z,16.0,11.7,14.1,20,331,3.0,3.0
2018,Chevrolet,sonic,Compact,1.4,4,AS6,X,8.8,6.6,7.8,36,184,7.0,3.0
2018,Chevrolet,sonic,Compact,1.4,4,M6,X,8.4,6.3,7.4,38,174,7.0,3.0
2018,Chevrolet,sonic,Compact,1.8,4,AS6,X,9.3,7.0,8.3,34,193,6.0,5.0
2018,Chevrolet,sonic,Compact,1.8,4,M5,X,9.2,6.8,8.1,35,190,6.0,5.0
2018,Chevrolet,sonic 5,Station wagon: Small,1.4,4,AS6,X,8.8,6.6,7.8,36,184,7.0,3.0
2018,Chevrolet,sonic 5,Station wagon: Small,1.4,4,M6,X,8.4,6.3,7.4,38,174,7.0,3.0
2018,Chevrolet,sonic 5,Station wagon: Small,1.8,4,AS6,X,9.3,7.0,8.3,34,193,6.0,5.0
2018,Chevrolet,sonic 5,Station wagon: Small,1.8,4,M5,X,9.2,6.8,8.1,35,190,6.0,5.0
2018,Chevrolet,spark,Subcompact,1.4,4,AV,X,7.8,6.2,7.1,40,167,8.0,5.0
2018,Chevrolet,spark,Subcompact,1.4,4,M5,X,8.0,6.0,7.1,40,166,8.0,5.0
2018,Chevrolet,suburban,Sport utility vehicle: Standard,5.3,8,A6,X,15.1,10.4,13.0,22,305,3.0,3.0
2018,Chevrolet,suburban ffv,Sport utility vehicle: Standard,5.3,8,A6,X,15.1,10.4,13.0,22,305,3.0,3.0
2018,Chevrolet,suburban ffv,Sport utility vehicle: Standard,5.3,8,A6,E,19.8,13.9,17.2,16,285,3.0,3.0
2018,Chevrolet,suburban 4wd,Sport utility vehicle: Standard,5.3,8,A6,X,15.3,10.9,13.3,21,313,3.0,3.0
2018,Chevrolet,suburban 4wd ffv,Sport utility vehicle: Standard,5.3,8,A6,X,15.3,10.9,13.3,21,312,3.0,3.0
2018,Chevrolet,suburban 4wd ffv,Sport utility vehicle: Standard,5.3,8,A6,E,22.3,15.7,19.3,15,321,3.0,3.0
2018,Chevrolet,tahoe,Sport utility vehicle: Standard,5.3,8,A6,X,15.1,10.4,13.0,22,305,3.0,3.0
2018,Chevrolet,tahoe ffv,Sport utility vehicle: Standard,5.3,8,A6,X,15.1,10.4,13.0,22,305,3.0,3.0
2018,Chevrolet,tahoe ffv,Sport utility vehicle: Standard,5.3,8,A6,E,19.8,13.9,17.2,16,285,3.0,3.0
2018,Chevrolet,tahoe 4wd,Sport utility vehicle: Standard,5.3,8,A6,X,15.2,10.8,13.2,21,310,3.0,3.0
2018,Chevrolet,tahoe 4wd ffv,Sport utility vehicle: Standard,5.3,8,A6,X,15.2,10.8,13.2,21,310,3.0,3.0
2018,Chevrolet,tahoe 4wd ffv,Sport utility vehicle: Standard,5.3,8,A6,E,20.8,14.5,18.0,16,299,3.0,3.0
2018,Chevrolet,tahoe 4wd,Sport utility vehicle: Standard,6.2,8,A10,Z,16.4,10.7,13.8,20,325,3.0,3.0
2018,Chevrolet,traverse,Sport utility vehicle: Standard,2.0,4,A9,Z,11.7,9.0,10.5,27,246,4.0,5.0
2018,Chevrolet,traverse,Sport utility vehicle: Standard,3.6,6,AS9,X,12.9,8.7,11.0,26,258,4.0,5.0
2018,Chevrolet,traverse awd,Sport utility vehicle: Standard,3.6,6,AS9,X,13.7,9.4,11.8,24,276,4.0,5.0
2018,Chevrolet,trax,Sport utility vehicle: Small,1.4,4,AS6,X,9.3,7.2,8.3,34,194,6.0,3.0
2018,Chevrolet,trax,Sport utility vehicle: Small,1.4,4,M6,X,9.2,7.1,8.2,34,194,6.0,3.0
2018,Chevrolet,trax 4wd,Sport utility vehicle: Small,1.4,4,AS6,X,9.9,7.8,8.9,32,210,5.0,3.0
2018,Chrysler,300,Full-size,3.6,6,A8,X,12.4,7.8,10.3,27,242,5.0,3.0
2018,Chrysler,300 ffv,Full-size,3.6,6,A8,X,12.4,7.8,10.3,27,242,5.0,3.0
2018,Chrysler,300 ffv,Full-size,3.6,6,A8,E,17.1,10.6,14.2,20,234,5.0,3.0
2018,Chrysler,300,Full-size,5.7,8,A8,X,14.7,9.4,12.3,23,289,3.0,3.0
2018,Chrysler,300 awd,Full-size,3.6,6,A8,X,12.8,8.7,11.0,26,258,4.0,3.0
2018,Chrysler,300 awd ffv,Full-size,3.6,6,A8,X,12.8,8.7,11.0,26,258,4.0,3.0
2018,Chrysler,300 awd ffv,Full-size,3.6,6,A8,E,17.6,12.0,15.0,19,248,4.0,3.0
2018,Chrysler,pacifica,Minivan,3.6,6,A9,X,12.9,8.4,10.9,26,259,4.0,3.0
2018,Chrysler,pacifica (stop-start),Minivan,3.6,6,A9,X,12.4,8.4,10.6,27,249,4.0,3.0
2018,Dodge,challenger,Mid-size,3.6,6,A8,X,12.4,7.8,10.3,27,242,5.0,3.0
2018,Dodge,challenger (mds),Mid-size,5.7,8,A8,X,14.7,9.4,12.3,23,289,3.0,3.0
2018,Dodge,challenger,Mid-size,5.7,8,M6,Z,15.6,10.1,13.1,22,307,3.0,1.0
2018,Dodge,challenger (mds),Mid-size,6.4,8,A8,Z,15.6,9.6,12.9,22,302,3.0,1.0
2018,Dodge,challenger,Mid-size,6.4,8,M6,Z,16.7,10.4,13.9,20,325,3.0,1.0
2018,Dodge,challenger gt awd,Mid-size,3.6,6,A8,X,12.8,8.7,11.0,26,258,4.0,3.0
2018,Dodge,challenger gt awd ffv,Mid-size,3.6,6,A8,X,12.8,8.7,11.0,26,258,4.0,3.0
2018,Dodge,challenger gt awd ffv,Mid-size,3.6,6,A8,E,17.6,12.0,15.0,19,248,4.0,3.0
2018,Dodge,challenger srt,Mid-size,6.4,8,M6,Z,16.7,10.4,13.9,20,325,3.0,1.0
2018,Dodge,challenger srt (mds),Mid-size,6.4,8,A8,Z,15.6,9.6,12.9,22,302,3.0,1.0
2018,Dodge,challenger srt demon,Mid-size,6.2,8,A8,Z,17.6,10.7,14.5,19,339,2.0,1.0
2018,Dodge,challenger srt hellcat,Mid-size,6.2,8,A8,Z,17.6,10.7,14.5,19,339,2.0,1.0
2018,Dodge,challenger srt hellcat,Mid-size,6.2,8,M6,Z,18.1,11.4,15.1,19,352,2.0,1.0
2018,Dodge,charger,Full-size,3.6,6,A5,X,13.7,9.0,11.6,24,271,4.0,3.0
2018,Dodge,charger ffv,Full-size,3.6,6,A5,X,13.7,9.0,11.6,24,271,4.0,3.0
2018,Dodge,charger ffv,Full-size,3.6,6,A5,E,18.9,12.7,16.1,18,268,4.0,3.0
2018,Dodge,charger,Full-size,3.6,6,A8,X,12.4,7.8,10.3,27,242,5.0,3.0
2018,Dodge,charger ffv,Full-size,3.6,6,A8,X,12.4,7.8,10.3,27,242,5.0,3.0
2018,Dodge,charger ffv,Full-size,3.6,6,A8,E,17.1,10.6,14.2,20,234,5.0,3.0
2018,Dodge,charger (mds),Full-size,5.7,8,A5,X,15.6,9.7,12.9,22,302,3.0,3.0
2018,Dodge,charger (mds),Full-size,5.7,8,A8,X,14.7,9.4,12.3,23,289,3.0,3.0
2018,Dodge,charger (mds),Full-size,6.4,8,A8,Z,15.6,9.6,12.9,22,302,3.0,1.0
2018,Dodge,charger awd,Full-size,3.6,6,A8,X,12.8,8.7,11.0,26,258,4.0,3.0
2018,Dodge,charger awd ffv,Full-size,3.6,6,A8,X,12.8,8.7,11.0,26,258,4.0,3.0
2018,Dodge,charger awd ffv,Full-size,3.6,6,A8,E,17.6,12.0,15.0,19,248,4.0,3.0
2018,Dodge,charger awd (mds),Full-size,5.7,8,A5,X,16.0,10.1,13.3,21,312,3.0,3.0
2018,Dodge,charger srt (mds),Full-size,6.4,8,A8,Z,15.6,9.6,12.9,22,302,3.0,1.0
2018,Dodge,charger srt hellcat,Full-size,6.2,8,A8,Z,17.6,10.7,14.5,19,339,2.0,1.0
2018,Dodge,durango awd,Sport utility vehicle: Standard,3.6,6,A8,X,12.7,9.6,11.3,25,265,4.0,5.0
2018,Dodge,durango awd,Sport utility vehicle: Standard,5.7,8,A8,X,16.7,10.9,14.1,20,331,3.0,3.0
2018,Dodge,durango awd srt,Sport utility vehicle: Standard,6.4,8,A8,Z,18.3,12.2,15.6,18,363,2.0,1.0
2018,Dodge,grand caravan ffv,Minivan,3.6,6,A6,X,13.7,9.4,11.8,24,276,4.0,3.0
2018,Dodge,grand caravan ffv,Minivan,3.6,6,A6,E,19.4,13.3,16.7,17,274,4.0,3.0
2018,Dodge,journey,Sport utility vehicle: Small,2.4,4,A4,X,12.7,9.2,11.1,25,261,4.0,3.0
2018,Dodge,journey ffv,Sport utility vehicle: Small,3.6,6,A6,X,14.2,9.5,12.1,23,284,4.0,3.0
2018,Dodge,journey ffv,Sport utility vehicle: Small,3.6,6,A6,E,19.1,13.2,16.4,17,274,4.0,3.0
2018,Dodge,journey awd,Sport utility vehicle: Small,3.6,6,A6,X,14.5,10.0,12.4,23,292,3.0,3.0
2018,FIAT,124 spider,Two-seater,1.4,4,A6,X,9.3,6.5,8.0,35,187,6.0,3.0
2018,FIAT,124 spider,Two-seater,1.4,4,M6,X,9.0,6.7,7.9,36,185,7.0,3.0
2018,FIAT,500,Minicompact,1.4,4,A6,X,9.7,7.4,8.7,32,202,6.0,3.0
2018,FIAT,500,Minicompact,1.4,4,M5,X,8.4,7.0,7.8,36,182,7.0,3.0
2018,FIAT,500 abarth,Minicompact,1.4,4,A6,X,9.7,7.4,8.7,32,202,6.0,3.0
2018,FIAT,500 abarth,Minicompact,1.4,4,M5,X,8.4,7.0,7.8,36,182,7.0,3.0
2018,FIAT,500l,Station wagon: Small,1.4,4,A6,X,10.7,7.9,9.4,30,221,5.0,3.0
2018,FIAT,500x,Sport utility vehicle: Small,1.4,4,M6,X,9.5,7.1,8.4,34,197,6.0,3.0
2018,FIAT,500x,Sport utility vehicle: Small,2.4,4,A9,X,10.7,7.8,9.4,30,220,5.0,7.0
2018,FIAT,500x awd,Sport utility vehicle: Small,2.4,4,A9,X,11.0,8.0,9.7,29,226,5.0,7.0
2018,Ford,c-max hybrid,Full-size,2.0,4,AV,X,5.7,6.2,5.9,48,138,9.0,7.0
2018,Ford,ecosport,Sport utility vehicle: Small,1.0,3,AS6,X,8.6,8.1,8.4,34,195,6.0,3.0
2018,Ford,ecosport awd,Sport utility vehicle: Small,2.0,4,AS6,X,10.2,8.0,9.3,30,217,5.0,5.0
2018,Ford,edge,Sport utility vehicle: Small,2.0,4,AS6,X,11.5,8.0,9.9,29,233,5.0,5.0
2018,Ford,edge (start/stop),Sport utility vehicle: Small,2.0,4,AS6,X,11.3,8.0,9.9,29,231,5.0,5.0
2018,Ford,edge,Sport utility vehicle: Small,3.5,6,AS6,X,13.5,9.1,11.5,25,270,4.0,3.0
2018,Ford,edge awd,Sport utility vehicle: Small,2.0,4,AS6,X,11.9,8.7,10.5,27,246,5.0,5.0
2018,Ford,edge awd,Sport utility vehicle: Small,2.7,6,AS6,X,13.8,9.8,12.0,24,282,4.0,5.0
2018,Ford,edge awd,Sport utility vehicle: Small,3.5,6,AS6,X,14.2,10.2,12.4,23,291,3.0,3.0
2018,Ford,escape,Sport utility vehicle: Small,1.5,4,AS6,X,10.2,7.8,9.1,31,214,5.0,3.0
2018,Ford,escape ffv,Sport utility vehicle: Small,2.5,4,AS6,X,11.1,8.1,9.7,29,229,5.0,3.0
2018,Ford,escape ffv,Sport utility vehicle: Small,2.5,4,AS6,E,15.2,10.9,13.3,21,219,5.0,3.0
2018,Ford,escape awd,Sport utility vehicle: Small,1.5,4,AS6,X,10.7,8.3,9.6,29,226,5.0,3.0
2018,Ford,escape awd,Sport utility vehicle: Small,2.0,4,AS6,X,11.5,8.8,10.3,27,241,5.0,5.0
2018,Ford,expedition 4x4,Sport utility vehicle: Standard,3.5,6,AS10,X,13.8,10.7,12.4,23,291,3.0,5.0
2018,Ford,expedition max 4x4,Sport utility vehicle: Standard,3.5,6,AS10,X,14.9,11.2,13.2,21,311,3.0,5.0
2018,Ford,explorer,Sport utility vehicle: Standard,2.3,4,AS6,X,12.6,8.6,10.8,26,254,4.0,3.0
2018,Ford,explorer ffv,Sport utility vehicle: Standard,3.5,6,AS6,X,13.9,9.8,12.1,23,283,4.0,3.0
2018,Ford,explorer ffv,Sport utility vehicle: Standard,3.5,6,AS6,E,18.7,13.0,16.2,17,269,4.0,3.0
2018,Ford,explorer awd,Sport utility vehicle: Standard,2.3,4,AS6,X,13.1,9.2,11.4,25,267,4.0,3.0
2018,Ford,explorer awd,Sport utility vehicle: Standard,3.5,6,AS6,X,14.8,10.7,13.0,22,305,3.0,3.0
2018,Ford,explorer ffv awd,Sport utility vehicle: Standard,3.5,6,AS6,X,14.5,10.6,12.7,22,299,3.0,3.0
2018,Ford,explorer ffv awd,Sport utility vehicle: Standard,3.5,6,AS6,E,19.7,14.3,17.3,16,288,3.0,3.0
2018,Ford,f-150,Pickup truck: Standard,2.7,6,AS10,X,11.9,9.0,10.6,27,249,4.0,5.0
2018,Ford,f-150 (lt tire pkg),Pickup truck: Standard,2.7,6,AS10,X,12.0,9.4,10.8,26,253,4.0,5.0
2018,Ford,f-150 (payload pkg),Pickup truck: Standard,2.7,6,AS10,X,12.3,9.4,11.0,26,258,4.0,5.0
2018,Ford,f-150,Pickup truck: Standard,3.0,6,AS10,D,10.8,8.0,9.5,30,256,4.0,1.0
2018,Ford,f-150 (lt tire pkg),Pickup truck: Standard,3.0,6,AS10,D,10.8,8.4,9.7,29,260,4.0,1.0
2018,Ford,f-150,Pickup truck: Standard,3.3,6,AS6,X,12.3,9.4,11.0,26,259,4.0,5.0
2018,Ford,f-150 ffv,Pickup truck: Standard,3.3,6,AS6,X,12.3,9.3,10.9,26,257,4.0,5.0
2018,Ford,f-150 ffv,Pickup truck: Standard,3.3,6,AS6,E,16.8,12.7,14.9,19,248,4.0,5.0
2018,Ford,f-150 (lt tire pkg),Pickup truck: Standard,3.3,6,AS6,X,12.4,9.8,11.2,25,263,4.0,5.0
2018,Ford,f-150 ffv (lt tire pkg),Pickup truck: Standard,3.3,6,AS6,X,12.4,9.8,11.2,25,263,4.0,5.0
2018,Ford,f-150 ffv (lt tire pkg),Pickup truck: Standard,3.3,6,AS6,E,16.8,12.7,14.9,19,248,4.0,5.0
2018,Ford,f-150,Pickup truck: Standard,3.5,6,AS10,X,13.6,10.1,12.0,24,282,4.0,5.0
2018,Ford,f-150 (lt tire pkg),Pickup truck: Standard,3.5,6,AS10,X,13.6,10.7,12.3,23,288,3.0,5.0
2018,Ford,f-150 (payload pkg),Pickup truck: Standard,3.5,6,AS10,X,13.7,11.2,12.5,23,293,3.0,5.0
2018,Ford,f-150,Pickup truck: Standard,5.0,8,AS10,X,14.1,10.4,12.4,23,292,3.0,3.0
2018,Ford,f-150 ffv,Pickup truck: Standard,5.0,8,AS10,X,13.9,10.2,12.2,23,286,3.0,3.0
2018,Ford,f-150 ffv,Pickup truck: Standard,5.0,8,AS10,E,20.2,14.0,17.4,16,288,3.0,3.0
2018,Ford,f-150 (lt tire pkg),Pickup truck: Standard,5.0,8,AS10,X,14.7,11.2,13.1,22,308,3.0,3.0
2018,Ford,f-150 ffv (lt tire pkg),Pickup truck: Standard,5.0,8,AS10,X,14.7,11.2,13.1,22,307,3.0,3.0
2018,Ford,f-150 ffv (lt tire pkg),Pickup truck: Standard,5.0,8,AS10,E,20.2,14.0,17.4,16,288,3.0,3.0
2018,Ford,f-150 (payload pkg),Pickup truck: Standard,5.0,8,AS10,X,14.7,11.8,13.8,20,324,3.0,3.0
2018,Ford,f-150 ffv (payload pkg),Pickup truck: Standard,5.0,8,AS10,X,14.7,11.8,13.8,20,323,3.0,3.0
2018,Ford,f-150 ffv (payload pkg),Pickup truck: Standard,5.0,8,AS10,E,20.3,14.0,17.4,16,288,3.0,3.0
2018,Ford,f-150 4x4,Pickup truck: Standard,2.7,6,AS10,X,12.6,9.8,11.3,25,265,4.0,5.0
2018,Ford,f-150 4x4 (lt tire pkg),Pickup truck: Standard,2.7,6,AS10,X,13.1,10.2,11.8,24,277,4.0,5.0
2018,Ford,f-150 4x4 (payload pkg),Pickup truck: Standard,2.7,6,AS10,X,13.1,9.8,11.6,24,272,4.0,5.0
2018,Ford,f-150 4x4,Pickup truck: Standard,3.0,6,AS10,D,11.8,9.3,10.7,26,288,3.0,1.0
2018,Ford,f-150 4x4 (lt tire pkg),Pickup truck: Standard,3.0,6,AS10,D,11.8,9.3,10.7,26,288,3.0,1.0
2018,Ford,f-150 4x4 xl/xlt,Pickup truck: Standard,3.0,6,AS10,D,11.2,8.4,9.9,29,266,4.0,1.0
2018,Ford,f-150 4x4,Pickup truck: Standard,3.3,6,AS6,X,13.0,10.3,11.8,24,277,4.0,5.0
2018,Ford,f-150 ffv 4x4,Pickup truck: Standard,3.3,6,AS6,X,12.9,10.2,11.7,24,273,4.0,5.0
2018,Ford,f-150 ffv 4x4,Pickup truck: Standard,3.3,6,AS6,E,17.6,13.7,15.8,18,263,4.0,5.0
2018,Ford,f-150 4x4 (lt tire pkg),Pickup truck: Standard,3.3,6,AS6,X,13.8,10.7,12.4,23,291,3.0,5.0
2018,Ford,f-150 ffv 4x4 (lt tire pkg),Pickup truck: Standard,3.3,6,AS6,X,13.8,10.7,12.4,23,291,3.0,5.0
2018,Ford,f-150 ffv 4x4 (lt tire pkg),Pickup truck: Standard,3.3,6,AS6,E,17.5,13.7,15.8,18,262,4.0,5.0
2018,Ford,f-150 4x4,Pickup truck: Standard,3.5,6,AS10,X,14.3,10.5,12.6,22,295,3.0,5.0
2018,Ford,f-150 4x4 (lt tire pkg),Pickup truck: Standard,3.5,6,AS10,X,14.4,10.6,12.7,22,297,3.0,5.0
2018,Ford,f-150 4x4 (payload pkg),Pickup truck: Standard,3.5,6,AS10,X,14.5,11.2,13.0,22,305,3.0,5.0
2018,Ford,f-150 4x4,Pickup truck: Standard,5.0,8,AS10,X,14.6,10.9,13.0,22,304,3.0,3.0
2018,Ford,f-150 ffv 4x4,Pickup truck: Standard,5.0,8,AS10,X,15.1,11.0,13.3,21,311,3.0,3.0
2018,Ford,f-150 ffv 4x4,Pickup truck: Standard,5.0,8,AS10,E,20.0,15.6,18.0,16,300,3.0,3.0
2018,Ford,f-150 4x4 (lt tire pkg),Pickup truck: Standard,5.0,8,AS10,X,14.7,11.8,13.8,20,324,3.0,3.0
2018,Ford,f-150 ffv 4x4 (lt tire pkg),Pickup truck: Standard,5.0,8,AS10,X,15.1,11.8,13.8,20,324,3.0,3.0
2018,Ford,f-150 ffv 4x4 (lt tire pkg),Pickup truck: Standard,5.0,8,AS10,E,20.0,15.6,18.0,16,300,3.0,3.0
2018,Ford,f-150 4x4 (payload pkg),Pickup truck: Standard,5.0,8,AS10,X,15.7,12.4,14.2,20,334,3.0,3.0
2018,Ford,f-150 ffv 4x4 (payload pkg),Pickup truck: Standard,5.0,8,AS10,X,16.1,12.4,14.5,19,339,2.0,3.0
2018,Ford,f-150 ffv 4x4 (payload pkg),Pickup truck: Standard,5.0,8,AS10,E,21.4,17.2,19.5,14,325,3.0,3.0
2018,Ford,f-150 raptor 4x4,Pickup truck: Standard,3.5,6,AS10,X,15.6,13.2,14.5,19,339,2.0,3.0
2018,Ford,fiesta,Subcompact,1.6,4,AM6,X,8.6,6.4,7.6,37,179,7.0,3.0
2018,Ford,fiesta,Subcompact,1.6,4,M5,X,8.6,6.7,7.8,36,182,7.0,3.0
2018,Ford,fiesta st,Subcompact,1.6,4,M6,X,9.0,7.1,8.2,34,192,6.0,3.0
2018,Ford,flex,Sport utility vehicle: Standard,3.5,6,AS6,X,14.7,10.2,12.7,22,298,3.0,3.0
2018,Ford,flex awd,Sport utility vehicle: Standard,3.5,6,AS6,X,14.7,10.7,12.9,22,303,3.0,3.0
2018,Ford,flex awd gtdi,Sport utility vehicle: Standard,3.5,6,AS6,X,15.7,11.2,13.7,21,322,3.0,3.0
2018,Ford,focus,Compact,1.0,3,AS6,X,8.5,6.2,7.5,38,176,7.0,3.0
2018,Ford,focus,Compact,1.0,3,M6,X,7.9,5.9,7.0,40,164,8.0,3.0
2018,Ford,focus,Compact,2.0,4,AM6,X,8.9,6.1,7.7,37,179,7.0,7.0
2018,Ford,focus,Compact,2.0,4,AS6,X,9.8,7.0,8.5,33,200,6.0,7.0
2018,Ford,focus,Compact,2.0,4,M5,X,9.5,6.9,8.3,34,196,6.0,7.0
2018,Ford,focus st,Mid-size,2.0,4,M6,X,10.5,7.8,9.3,30,219,5.0,3.0
2018,Ford,focus rs awd,Mid-size,2.3,4,M6,Z,12.2,9.0,10.8,26,252,4.0,3.0
2018,Ford,fusion,Mid-size,1.5,4,AS6,X,10.0,7.0,8.7,32,203,6.0,7.0
2018,Ford,fusion,Mid-size,2.0,4,AS6,X,11.2,7.6,9.6,29,225,5.0,5.0
2018,Ford,fusion,Mid-size,2.5,4,A6,X,11.3,7.4,9.5,30,223,5.0,5.0
2018,Ford,fusion awd,Mid-size,2.0,4,AS6,X,11.8,8.2,10.2,28,238,5.0,5.0
2018,Ford,fusion awd,Mid-size,2.7,6,AS6,X,13.8,9.1,11.8,24,277,4.0,5.0
2018,Ford,fusion hybrid,Mid-size,2.0,4,AV,X,5.5,5.6,5.6,50,131,9.0,7.0
2018,Ford,gt,Two-seater,3.5,6,AM7,Z,20.4,13.1,17.1,17,403,1.0,3.0
2018,Ford,mustang,Subcompact,2.3,4,AS10,X,11.0,7.4,9.4,30,219,5.0,5.0
2018,Ford,mustang (performance pkg),Subcompact,2.3,4,AS10,X,11.8,8.1,10.1,28,236,5.0,5.0
2018,Ford,mustang,Subcompact,2.3,4,M6,X,11.0,7.7,9.5,30,222,5.0,5.0
2018,Ford,mustang (performance pkg),Subcompact,2.3,4,M6,X,11.8,8.4,10.3,27,240,5.0,5.0
2018,Ford,mustang,Subcompact,5.0,8,AS10,X,15.1,9.3,12.5,23,291,3.0,3.0
2018,Ford,mustang,Subcompact,5.0,8,M6,X,15.5,9.5,12.8,22,300,3.0,3.0
2018,Ford,mustang convertible,Subcompact,2.3,4,AS10,X,11.8,8.2,10.2,28,238,5.0,5.0
2018,Ford,mustang convertible,Subcompact,2.3,4,M6,X,11.8,8.4,10.3,27,240,5.0,5.0
2018,Ford,mustang convertible,Subcompact,5.0,8,AS10,X,15.5,10.0,13.1,22,305,3.0,3.0
2018,Ford,shelby gt350 mustang,Subcompact,5.2,8,M6,Z,17.2,11.3,14.6,19,341,2.0,3.0
2018,Ford,t-150 wagon,Van: Passenger,3.5,6,AS6,X,16.2,12.8,14.7,19,345,2.0,1.0
2018,Ford,t-150 wagon,Van: Passenger,3.7,6,AS6,X,16.8,13.1,15.1,19,354,2.0,1.0
2018,Ford,taurus ffv,Full-size,3.5,6,AS6,X,13.1,8.7,11.1,25,260,4.0,3.0
2018,Ford,taurus ffv,Full-size,3.5,6,AS6,E,17.6,11.7,15.0,19,249,4.0,3.0
2018,Ford,taurus awd,Full-size,3.5,6,AS6,X,14.6,10.0,12.5,23,294,3.0,3.0
2018,Ford,taurus ffv awd,Full-size,3.5,6,AS6,X,13.6,9.9,12.4,23,291,3.0,3.0
2018,Ford,taurus ffv awd,Full-size,3.5,6,AS6,E,18.7,13.4,16.3,17,271,4.0,3.0
2018,Ford,transit connect van ffv,Special purpose vehicle,2.5,4,AS6,X,11.9,8.7,10.4,27,244,5.0,3.0
2018,Ford,transit connect van ffv,Special purpose vehicle,2.5,4,AS6,E,16.2,11.9,14.3,20,234,5.0,3.0
2018,Ford,transit connect wagon lwb ffv,Special purpose vehicle,2.5,4,AS6,X,12.3,8.8,10.7,26,251,4.0,3.0
2018,Ford,transit connect wagon lwb ffv,Special purpose vehicle,2.5,4,AS6,E,16.8,12.1,14.7,19,241,5.0,3.0
2018,Genesis,g80 awd,Full-size,3.3,6,AS8,Z,13.8,9.7,11.9,24,282,4.0,3.0
2018,Genesis,g80 awd,Full-size,3.8,6,AS8,X,13.4,9.6,11.7,24,276,4.0,5.0
2018,Genesis,g80 awd,Full-size,5.0,8,AS8,Z,15.6,10.4,13.2,21,312,3.0,5.0
2018,Genesis,g90 awd,Full-size,3.3,6,AS8,Z,13.7,9.7,11.9,24,279,4.0,3.0
2018,Genesis,g90 awd,Full-size,5.0,8,AS8,Z,15.2,10.2,13.0,22,306,3.0,5.0
2018,GMC,acadia,Sport utility vehicle: Standard,2.5,4,A6,X,11.0,9.2,10.2,28,239,5.0,3.0
2018,GMC,acadia,Sport utility vehicle: Standard,3.6,6,A6,X,13.1,9.4,11.4,25,268,4.0,5.0
2018,GMC,acadia awd,Sport utility vehicle: Standard,2.5,4,A6,X,11.2,9.4,10.4,27,243,5.0,3.0
2018,GMC,acadia awd,Sport utility vehicle: Standard,3.6,6,A6,X,13.5,9.5,11.7,24,275,4.0,5.0
2018,GMC,canyon,Pickup truck: Small,2.5,4,A6,X,12.1,9.2,10.8,26,253,4.0,5.0
2018,GMC,canyon,Pickup truck: Small,2.5,4,M6,X,11.9,9.2,10.7,26,251,4.0,5.0
2018,GMC,canyon,Pickup truck: Small,2.8,4,A6,D,10.8,8.0,9.6,29,257,4.0,3.0
2018,GMC,canyon,Pickup truck: Small,3.6,6,A8,X,13.4,9.6,11.7,24,274,4.0,5.0
2018,GMC,canyon 4wd,Pickup truck: Small,2.5,4,A6,X,12.6,9.8,11.3,25,266,4.0,5.0
2018,GMC,canyon 4wd,Pickup truck: Small,2.8,4,A6,D,12.1,8.3,10.4,27,279,4.0,3.0
2018,GMC,canyon 4wd,Pickup truck: Small,3.6,6,A8,X,14.1,10.0,12.2,23,288,3.0,5.0
2018,GMC,sierra ffv,Pickup truck: Standard,4.3,6,A6,X,13.4,10.0,11.8,24,278,4.0,5.0
2018,GMC,sierra ffv,Pickup truck: Standard,4.3,6,A6,E,19.3,14.4,17.1,17,284,3.0,5.0
2018,GMC,sierra,Pickup truck: Standard,5.3,8,A6,X,14.6,10.3,12.7,22,298,3.0,3.0
2018,GMC,sierra ffv,Pickup truck: Standard,5.3,8,A6,X,14.6,10.3,12.7,22,298,3.0,3.0
2018,GMC,sierra ffv,Pickup truck: Standard,5.3,8,A6,E,19.7,13.9,17.0,17,283,4.0,3.0
2018,GMC,sierra,Pickup truck: Standard,5.3,8,A8,X,14.9,10.9,13.1,22,307,3.0,3.0
2018,GMC,sierra eassist,Pickup truck: Standard,5.3,8,A8,X,13.4,10.0,11.8,24,278,4.0,3.0
2018,GMC,sierra,Pickup truck: Standard,6.2,8,A8,Z,15.9,11.2,13.8,20,323,3.0,3.0
2018,GMC,sierra 4wd ffv,Pickup truck: Standard,4.3,6,A6,X,14.1,10.6,12.5,23,294,3.0,5.0
2018,GMC,sierra 4wd ffv,Pickup truck: Standard,4.3,6,A6,E,20.2,15.2,18.0,16,296,3.0,5.0
2018,GMC,sierra 4wd,Pickup truck: Standard,5.3,8,A6,X,15.0,10.7,13.1,22,307,3.0,3.0
2018,GMC,sierra 4wd ffv,Pickup truck: Standard,5.3,8,A6,X,15.0,10.7,13.1,22,307,3.0,3.0
2018,GMC,sierra 4wd ffv,Pickup truck: Standard,5.3,8,A6,E,21.0,15.0,18.3,15,309,3.0,3.0
2018,GMC,sierra 4wd,Pickup truck: Standard,5.3,8,A8,X,15.6,11.6,13.8,20,324,3.0,3.0
2018,GMC,sierra eassist 4wd,Pickup truck: Standard,5.3,8,A8,X,14.4,11.2,13.0,22,304,3.0,3.0
2018,GMC,sierra 4wd,Pickup truck: Standard,6.2,8,A8,Z,16.0,11.7,14.1,20,331,3.0,3.0
2018,GMC,terrain,Sport utility vehicle: Small,1.5,4,A9,X,9.2,7.9,8.6,33,201,6.0,5.0
2018,GMC,terrain,Sport utility vehicle: Small,1.6,4,A6,D,8.5,6.0,7.4,38,198,6.0,3.0
2018,GMC,terrain awd,Sport utility vehicle: Small,1.5,4,A9,X,9.6,8.3,9.0,31,210,5.0,5.0
2018,GMC,terrain awd,Sport utility vehicle: Small,1.6,4,A6,D,8.5,6.1,7.4,38,198,6.0,3.0
2018,GMC,terrain awd,Sport utility vehicle: Small,2.0,4,A9,Z,11.2,9.0,10.2,28,239,5.0,5.0
2018,GMC,yukon,Sport utility vehicle: Standard,5.3,8,A6,X,15.1,10.4,13.0,22,305,3.0,3.0
2018,GMC,yukon ffv,Sport utility vehicle: Standard,5.3,8,A6,X,15.1,10.4,13.0,22,305,3.0,3.0
2018,GMC,yukon ffv,Sport utility vehicle: Standard,5.3,8,A6,E,19.8,13.9,17.2,16,285,3.0,3.0
2018,GMC,yukon 4wd,Sport utility vehicle: Standard,5.3,8,A6,X,15.2,10.8,13.2,21,310,3.0,3.0
2018,GMC,yukon 4wd ffv,Sport utility vehicle: Standard,5.3,8,A6,X,15.2,10.8,13.2,21,310,3.0,3.0
2018,GMC,yukon 4wd ffv,Sport utility vehicle: Standard,5.3,8,A6,E,20.8,14.5,18.0,16,299,3.0,3.0
2018,GMC,yukon 4wd,Sport utility vehicle: Standard,6.2,8,A10,Z,16.4,10.7,13.8,20,325,3.0,3.0
2018,GMC,yukon xl,Sport utility vehicle: Standard,5.3,8,A6,X,15.1,10.4,13.0,22,305,3.0,3.0
2018,GMC,yukon xl ffv,Sport utility vehicle: Standard,5.3,8,A6,X,15.1,10.4,13.0,22,305,3.0,3.0
2018,GMC,yukon xl ffv,Sport utility vehicle: Standard,5.3,8,A6,E,19.8,13.9,17.2,16,285,3.0,3.0
2018,GMC,yukon xl 4wd,Sport utility vehicle: Standard,5.3,8,A6,X,15.3,10.9,13.3,21,313,3.0,3.0
2018,GMC,yukon xl 4wd ffv,Sport utility vehicle: Standard,5.3,8,A6,X,15.3,10.9,13.3,21,312,3.0,3.0
2018,GMC,yukon xl 4wd ffv,Sport utility vehicle: Standard,5.3,8,A6,E,22.3,15.7,19.3,15,321,3.0,3.0
2018,GMC,yukon xl 4wd,Sport utility vehicle: Standard,6.2,8,A10,Z,17.1,11.3,14.5,19,340,2.0,3.0
2018,Honda,accord,Full-size,1.5,4,AV,X,7.9,6.3,7.2,39,168,8.0,7.0
2018,Honda,accord,Full-size,1.5,4,AV7,X,8.2,6.8,7.6,37,177,7.0,7.0
2018,Honda,accord,Full-size,1.5,4,M6,X,8.9,6.7,7.9,36,185,7.0,6.0
2018,Honda,accord,Full-size,2.0,4,M6,X,10.7,7.3,9.2,31,214,5.0,6.0
2018,Honda,accord sport/touring,Mid-size,2.0,4,AS10,X,10.4,7.4,9.1,31,211,5.0,7.0
2018,Honda,accord hybrid,Full-size,2.0,4,AV,X,5.0,5.1,5.1,55,118,10.0,7.0
2018,Honda,civic coupe,Compact,1.5,4,AV,X,7.5,5.9,6.8,42,158,8.0,3.0
2018,Honda,civic coupe,Compact,1.5,4,M6,X,7.7,5.7,6.8,42,158,8.0,3.0
2018,Honda,civic coupe,Compact,2.0,4,AV,X,7.8,6.0,7.0,40,163,8.0,3.0
2018,Honda,civic coupe,Compact,2.0,4,M6,X,8.5,6.1,7.4,38,173,7.0,3.0
2018,Honda,civic coupe si,Compact,1.5,4,M6,Z,8.4,6.2,7.4,38,173,7.0,3.0
2018,Honda,civic hatchback,Full-size,1.5,4,AV,X,7.7,6.0,6.9,41,162,8.0,3.0
2018,Honda,civic hatchback,Full-size,1.5,4,AV7,X,7.9,6.6,7.3,39,170,7.0,3.0
2018,Honda,civic hatchback,Full-size,1.5,4,M6,X,8.0,6.2,7.2,39,167,8.0,3.0
2018,Honda,civic hatchback sport,Full-size,1.5,4,AV7,Z,7.9,6.6,7.3,39,170,7.0,3.0
2018,Honda,civic hatchback sport,Full-size,1.5,4,M6,Z,8.0,6.2,7.2,39,167,8.0,3.0
2018,Honda,civic sedan,Mid-size,1.5,4,AV,X,7.4,5.6,6.6,43,153,8.0,3.0
2018,Honda,civic sedan,Mid-size,2.0,4,AV,X,7.8,6.0,7.0,40,163,8.0,3.0
2018,Honda,civic sedan,Mid-size,2.0,4,M6,X,8.5,6.0,7.4,38,172,7.0,3.0
2018,Honda,civic sedan si,Mid-size,1.5,4,M6,Z,8.4,6.2,7.4,38,173,7.0,3.0
2018,Honda,civic type r,Full-size,2.0,4,M6,Z,10.6,8.3,9.6,29,224,5.0,3.0
2018,Honda,cr-v,Sport utility vehicle: Small,1.5,4,AV,X,8.4,7.0,7.8,36,181,7.0,5.0
2018,Honda,cr-v awd,Sport utility vehicle: Small,1.5,4,AV,X,8.7,7.2,8.0,35,188,6.0,5.0
2018,Honda,fit,Station wagon: Small,1.5,4,AV,X,7.0,5.9,6.5,43,151,8.0,7.0
2018,Honda,fit,Station wagon: Small,1.5,4,AV7,X,7.6,6.5,7.0,40,166,8.0,7.0
2018,Honda,fit,Station wagon: Small,1.5,4,M6,X,8.1,6.6,7.4,38,174,7.0,3.0
2018,Honda,hr-v,Station wagon: Small,1.8,4,AV,X,8.3,6.9,7.7,37,180,7.0,3.0
2018,Honda,hr-v,Station wagon: Small,1.8,4,AV7,X,8.3,6.9,7.7,37,180,7.0,3.0
2018,Honda,hr-v,Station wagon: Small,1.8,4,M6,X,9.4,7.1,8.4,34,195,6.0,3.0
2018,Honda,hr-v awd,Station wagon: Small,1.8,4,AV,X,8.9,7.5,8.2,34,194,6.0,3.0
2018,Honda,hr-v awd,Station wagon: Small,1.8,4,AV7,X,8.9,7.5,8.2,34,194,6.0,3.0
2018,Honda,odyssey,Minivan,3.5,6,AS9,X,12.6,8.4,10.7,26,252,4.0,3.0
2018,Honda,odyssey touring,Minivan,3.5,6,AS10,X,12.2,8.5,10.6,27,247,4.0,3.0
2018,Honda,pilot awd,Sport utility vehicle: Small,3.5,6,A6,X,13.0,9.3,11.3,25,266,4.0,3.0
2018,Honda,pilot awd,Sport utility vehicle: Small,3.5,6,AS9,X,12.4,9.3,11.0,26,256,4.0,3.0
2018,Honda,ridgeline awd,Pickup truck: Standard,3.5,6,A6,X,12.8,9.5,11.3,25,264,4.0,3.0
2018,Hyundai,accent,Compact,1.6,4,AS6,X,8.3,6.2,7.4,38,173,7.0,3.0
2018,Hyundai,accent,Compact,1.6,4,M6,X,8.2,6.3,7.3,39,173,7.0,3.0
2018,Hyundai,elantra,Mid-size,1.6,4,AM7,X,8.9,7.0,8.1,35,189,6.0,3.0
2018,Hyundai,elantra,Mid-size,1.6,4,M6,X,10.7,7.8,9.4,30,221,5.0,3.0
2018,Hyundai,elantra,Mid-size,2.0,4,AS6,X,8.3,6.4,7.4,38,174,7.0,5.0
2018,Hyundai,elantra,Mid-size,2.0,4,M6,X,9.3,6.4,8.0,35,188,6.0,5.0
2018,Hyundai,elantra gt,Full-size,1.6,4,AM7,X,9.2,7.1,8.3,34,194,6.0,3.0
2018,Hyundai,elantra gt,Full-size,1.6,4,M6,X,10.7,8.1,9.6,29,226,5.0,3.0
2018,Hyundai,elantra gt,Full-size,2.0,4,AS6,X,9.4,7.2,8.4,34,198,6.0,3.0
2018,Hyundai,elantra gt,Full-size,2.0,4,M6,X,9.8,7.3,8.7,32,205,6.0,3.0
2018,Hyundai,ioniq,Full-size,1.6,4,AM6,X,4.3,4.4,4.3,66,102,10.0,7.0
2018,Hyundai,ioniq blue,Full-size,1.6,4,AM6,X,4.2,4.0,4.1,69,96,10.0,7.0
2018,Hyundai,kona,Sport utility vehicle: Small,2.0,4,AS6,X,8.6,7.0,7.9,36,186,7.0,5.0
2018,Hyundai,kona awd,Sport utility vehicle: Small,1.6,4,AM7,X,9.0,8.0,8.6,33,201,6.0,5.0
2018,Hyundai,kona awd,Sport utility vehicle: Small,2.0,4,AS6,X,9.2,7.8,8.6,33,202,6.0,5.0
2018,Hyundai,santa fe,Sport utility vehicle: Small,3.3,6,AS6,X,12.9,9.4,11.3,25,265,4.0,3.0
2018,Hyundai,santa fe awd,Sport utility vehicle: Small,3.3,6,AS6,X,13.0,9.7,11.5,25,269,4.0,3.0
2018,Hyundai,santa fe ultimate awd,Sport utility vehicle: Small,3.3,6,AS6,X,13.9,10.8,12.5,23,295,3.0,3.0
2018,Hyundai,santa fe sport,Sport utility vehicle: Small,2.4,4,AS6,X,11.1,8.6,10.0,28,235,5.0,5.0
2018,Hyundai,santa fe sport awd,Sport utility vehicle: Small,2.4,4,AS6,X,12.0,9.1,10.7,26,253,4.0,5.0
2018,Hyundai,santa fe sport ultimate awd,Sport utility vehicle: Small,2.0,4,AS6,X,12.5,9.6,11.2,25,264,4.0,3.0
2018,Hyundai,sonata,Full-size,2.0,4,AS8,X,10.4,7.4,9.1,31,212,5.0,5.0
2018,Hyundai,sonata,Full-size,2.4,4,AS6,X,9.8,6.9,8.5,33,202,6.0,5.0
2018,Hyundai,sonata hybrid,Mid-size,2.0,4,AM6,X,6.0,5.3,5.7,50,135,9.0,7.0
2018,Hyundai,sonata hybrid se,Mid-size,2.0,4,AM6,X,5.9,5.1,5.6,50,132,9.0,7.0
2018,Hyundai,tucson,Sport utility vehicle: Small,2.0,4,AS6,X,10.1,7.8,9.0,31,213,5.0,3.0
2018,Hyundai,tucson awd,Sport utility vehicle: Small,1.6,4,AM7,X,9.9,8.5,9.3,30,221,5.0,3.0
2018,Hyundai,tucson awd,Sport utility vehicle: Small,2.0,4,AS6,X,11.0,9.1,10.2,28,241,5.0,3.0
2018,Infiniti,q50 awd,Mid-size,2.0,4,AS7,Z,10.7,8.6,9.7,29,228,5.0,3.0
2018,Infiniti,q50 awd,Mid-size,3.0,6,AS7,Z,12.4,8.7,10.8,26,253,4.0,3.0
2018,Infiniti,q50 awd red sport,Mid-size,3.0,6,AS7,Z,12.5,9.3,11.1,25,260,4.0,3.0
2018,Infiniti,q50 hybrid awd,Compact,3.5,6,AS7,Z,9.1,7.7,8.5,33,200,6.0,3.0
2018,Infiniti,q60 awd,Subcompact,2.0,4,AS7,Z,11.2,8.5,10.0,28,233,5.0,3.0
2018,Infiniti,q60 awd,Subcompact,3.0,6,AS7,Z,12.3,8.6,10.7,26,251,4.0,3.0
2018,Infiniti,q60 awd red sport,Subcompact,3.0,6,AS7,Z,12.5,9.2,11.0,26,259,4.0,3.0
2018,Infiniti,q70 awd,Mid-size,3.7,6,AS7,Z,13.2,9.8,11.7,24,274,4.0,3.0
2018,Infiniti,q70 awd,Mid-size,5.6,8,AS7,Z,14.9,10.3,12.8,22,301,3.0,3.0
2018,Infiniti,qx30,Compact,2.0,4,AM7,Z,9.7,7.1,8.5,33,200,6.0,3.0
2018,Infiniti,qx30 awd,Compact,2.0,4,AM7,Z,10.6,8.0,9.4,30,221,5.0,3.0
2018,Infiniti,qx60 awd,Sport utility vehicle: Small,3.5,6,AV7,Z,12.5,9.0,10.9,26,257,4.0,3.0
2018,Infiniti,qx80 4wd,Sport utility vehicle: Standard,5.6,8,AS7,Z,17.4,12.2,15.1,19,354,2.0,3.0
2018,Jaguar,f-pace 20d,Sport utility vehicle: Small,2.0,4,AS8,D,8.9,7.2,8.1,35,218,5.0,1.0
2018,Jaguar,f-pace 25t,Sport utility vehicle: Small,2.0,4,AS8,Z,10.7,8.8,9.9,29,227,5.0,7.0
2018,Jaguar,f-pace 35t,Sport utility vehicle: Small,3.0,6,AS8,Z,13.3,10.0,11.8,24,277,4.0,7.0
2018,Jaguar,f-type convertible,Two-seater,2.0,4,AS8,Z,10.2,7.8,9.2,31,215,5.0,7.0
2018,Jaguar,f-type convertible,Two-seater,3.0,6,AS8,Z,11.9,8.5,10.4,27,242,5.0,7.0
2018,Jaguar,f-type convertible,Two-seater,3.0,6,M6,Z,14.9,9.8,12.6,22,296,3.0,7.0
2018,Jaguar,f-type convertible r-dynamic,Two-seater,3.0,6,AS8,Z,12.4,8.8,10.8,26,253,4.0,7.0
2018,Jaguar,f-type convertible r-dynamic,Two-seater,3.0,6,M6,Z,15.3,10.0,12.9,22,302,3.0,7.0
2018,Jaguar,f-type convertible r-dynamic awd,Two-seater,3.0,6,AS8,Z,13.0,9.2,11.3,25,265,4.0,7.0
2018,Jaguar,f-type coupe,Two-seater,2.0,4,AS8,Z,10.2,7.8,9.2,31,215,5.0,7.0
2018,Jaguar,f-type coupe,Two-seater,3.0,6,AS8,Z,11.9,8.5,10.4,27,242,5.0,7.0
2018,Jaguar,f-type coupe,Two-seater,3.0,6,M6,Z,14.9,9.8,12.6,22,296,3.0,7.0
2018,Jaguar,f-type coupe r-dynamic,Two-seater,3.0,6,AS8,Z,12.4,8.8,10.8,26,253,4.0,7.0
2018,Jaguar,f-type coupe r-dynamic,Two-seater,3.0,6,M6,Z,15.3,10.0,12.9,22,302,3.0,7.0
2018,Jaguar,f-type coupe r-dynamic awd,Two-seater,3.0,6,AS8,Z,13.0,9.2,11.3,25,265,4.0,7.0
2018,Jaguar,f-type r awd convertible,Two-seater,5.0,8,AS8,Z,15.6,10.4,13.3,21,311,3.0,3.0
2018,Jaguar,f-type r awd coupe,Two-seater,5.0,8,AS8,Z,15.6,10.4,13.3,21,311,3.0,3.0
2018,Jaguar,xe 20d awd,Compact,2.0,4,AS8,D,7.8,5.8,6.9,41,186,7.0,1.0
2018,Jaguar,xe 25t awd,Compact,2.0,4,AS8,Z,9.8,6.9,8.5,33,200,6.0,7.0
2018,Jaguar,xe 35t awd,Compact,3.0,6,AS8,Z,11.8,8.2,10.2,28,238,5.0,7.0
2018,Jaguar,xf 20d awd,Mid-size,2.0,4,AS8,D,7.8,5.8,6.9,41,186,7.0,1.0
2018,Jaguar,xf 25t awd,Mid-size,2.0,4,AS8,Z,10.1,7.2,8.8,32,207,6.0,7.0
2018,Jaguar,xf 35t awd,Mid-size,3.0,6,AS8,Z,12.0,8.4,10.4,27,243,5.0,7.0
2018,Jaguar,xj r-sport awd,Full-size,3.0,6,AS8,Z,14.0,9.0,11.8,24,276,4.0,7.0
2018,Jaguar,xjl portfolio awd,Full-size,3.0,6,AS8,Z,14.0,9.4,11.9,24,280,4.0,7.0
2018,Jaguar,xjr lwb,Full-size,5.0,8,AS8,Z,15.8,10.3,13.3,21,313,3.0,3.0
2018,Jeep,cherokee ffv,Sport utility vehicle: Small,2.4,4,A9,X,11.0,7.8,9.6,29,225,5.0,3.0
2018,Jeep,cherokee ffv,Sport utility vehicle: Small,2.4,4,A9,E,15.5,10.5,13.3,21,218,5.0,3.0
2018,Jeep,cherokee,Sport utility vehicle: Small,3.2,6,A9,X,11.4,8.3,10.0,28,234,5.0,3.0
2018,Jeep,cherokee 4x4 active drive i,Sport utility vehicle: Small,2.4,4,A9,X,11.3,8.4,10.0,28,235,5.0,3.0
2018,Jeep,cherokee 4x4 active drive i ffv,Sport utility vehicle: Small,2.4,4,A9,X,11.3,8.4,10.0,28,235,5.0,3.0
2018,Jeep,cherokee 4x4 active drive i ffv,Sport utility vehicle: Small,2.4,4,A9,E,16.3,11.3,14.0,20,231,5.0,3.0
2018,Jeep,cherokee 4x4 active drive i,Sport utility vehicle: Small,3.2,6,A9,X,11.6,8.6,10.3,27,241,5.0,3.0
2018,Jeep,cherokee 4x4 active drive ii,Sport utility vehicle: Small,2.4,4,A9,X,11.4,8.7,10.2,28,239,5.0,1.0
2018,Jeep,cherokee 4x4 active drive ii,Sport utility vehicle: Small,3.2,6,A9,X,12.8,9.0,11.1,25,259,4.0,3.0
2018,Jeep,cherokee 4x4 active drive lock,Sport utility vehicle: Small,2.4,4,A9,X,12.1,9.4,10.9,26,256,4.0,1.0
2018,Jeep,cherokee 4x4 active drive lock,Sport utility vehicle: Small,3.2,6,A9,X,12.9,9.9,11.6,24,269,4.0,3.0
2018,Jeep,compass,Sport utility vehicle: Small,2.4,4,A6,X,10.6,7.6,9.3,30,218,5.0,7.0
2018,Jeep,compass,Sport utility vehicle: Small,2.4,4,M6,X,10.4,7.3,9.0,31,211,5.0,3.0
2018,Jeep,compass 4x4,Sport utility vehicle: Small,2.4,4,A9,X,10.8,7.8,9.5,30,222,5.0,7.0
2018,Jeep,compass 4x4,Sport utility vehicle: Small,2.4,4,M6,X,10.8,7.6,9.4,30,221,5.0,3.0
2018,Jeep,grand cherokee 4x4,Sport utility vehicle: Standard,3.0,6,A8,D,11.2,8.5,10.0,28,268,4.0,1.0
2018,Jeep,grand cherokee 4x4,Sport utility vehicle: Standard,3.6,6,A8,X,12.7,9.6,11.3,25,265,4.0,5.0
2018,Jeep,grand cherokee 4x4,Sport utility vehicle: Standard,5.7,8,A8,X,16.7,10.9,14.1,20,331,3.0,3.0
2018,Jeep,grand cherokee 4x4 srt,Sport utility vehicle: Standard,6.4,8,A8,Z,18.3,12.6,15.7,18,368,2.0,1.0
2018,Jeep,grand cherokee 4x4 trackhawk,Sport utility vehicle: Standard,6.2,8,A8,Z,20.9,13.8,17.7,16,413,1.0,1.0
2018,Jeep,new wrangler 4x4,Sport utility vehicle: Small,2.0,4,A8,X,10.5,9.4,10.0,28,233,5.0,5.0
2018,Jeep,new wrangler 4x4,Sport utility vehicle: Small,3.6,6,A8,X,12.8,10.4,11.8,24,274,4.0,5.0
2018,Jeep,new wrangler 4x4,Sport utility vehicle: Small,3.6,6,M6,X,13.7,9.6,11.8,24,277,4.0,5.0
2018,Jeep,new wrangler unlimited 4x4,Sport utility vehicle: Small,2.0,4,A8,X,10.9,10.0,10.5,27,245,5.0,5.0
2018,Jeep,new wrangler unlimited 4x4,Sport utility vehicle: Small,3.6,6,A8,X,12.9,10.2,11.7,24,275,4.0,5.0
2018,Jeep,new wrangler unlimited 4x4,Sport utility vehicle: Small,3.6,6,M6,X,13.8,10.1,12.2,23,285,3.0,5.0
2018,Jeep,renegade,Sport utility vehicle: Small,1.4,4,M6,X,9.9,7.7,8.9,32,209,5.0,3.0
2018,Jeep,renegade,Sport utility vehicle: Small,2.4,4,A9,X,10.8,7.8,9.5,30,222,5.0,7.0
2018,Jeep,renegade ffv,Sport utility vehicle: Small,2.4,4,A9,X,10.8,7.8,9.5,30,222,5.0,3.0
2018,Jeep,renegade ffv,Sport utility vehicle: Small,2.4,4,A9,E,14.4,10.2,12.5,23,206,6.0,3.0
2018,Jeep,renegade 4x4,Sport utility vehicle: Small,1.4,4,M6,X,9.9,7.7,8.9,32,211,5.0,3.0
2018,Jeep,renegade 4x4,Sport utility vehicle: Small,2.4,4,A9,X,11.2,8.2,9.8,29,230,5.0,7.0
2018,Jeep,wrangler jk 4x4,Sport utility vehicle: Small,3.6,6,A5,X,14.1,11.1,12.8,22,299,3.0,3.0
2018,Jeep,wrangler jk 4x4,Sport utility vehicle: Small,3.6,6,M6,X,14.2,11.0,12.8,22,298,3.0,3.0
2018,Jeep,wrangler jk unlimited 4x4,Sport utility vehicle: Small,3.6,6,A5,X,14.7,11.7,13.4,21,313,3.0,3.0
2018,Jeep,wrangler jk unlimited 4x4,Sport utility vehicle: Small,3.6,6,M6,X,15.0,11.4,13.3,21,312,3.0,3.0
2018,Kia,cadenza,Full-size,3.3,6,AS8,X,11.5,8.5,10.2,28,237,5.0,3.0
2018,Kia,forte (mpi),Mid-size,2.0,4,AS6,X,8.0,6.1,7.1,40,168,8.0,5.0
2018,Kia,forte (gdi),Mid-size,2.0,4,AS6,X,9.4,7.0,8.3,34,198,6.0,3.0
2018,Kia,forte,Mid-size,2.0,4,M6,X,9.4,6.8,8.3,34,195,6.0,5.0
2018,Kia,forte 5,Full-size,1.6,4,AM7,X,9.4,7.9,8.7,32,207,6.0,3.0
2018,Kia,forte 5,Full-size,2.0,4,AS6,X,9.4,7.0,8.3,34,197,6.0,3.0
2018,Kia,forte 5,Full-size,2.0,4,M6,X,9.8,7.3,8.7,32,204,6.0,3.0
2018,Kia,k900,Full-size,3.8,6,AS8,X,13.8,9.3,11.8,24,279,4.0,3.0
2018,Kia,k900,Full-size,5.0,8,AS8,Z,15.6,10.6,13.3,21,317,3.0,3.0
2018,Kia,niro,Station wagon: Small,1.6,4,AM6,X,4.6,5.1,4.8,59,114,10.0,7.0
2018,Kia,niro fe,Station wagon: Small,1.6,4,AM6,X,4.5,4.8,4.7,60,110,10.0,7.0
2018,Kia,niro touring,Station wagon: Small,1.6,4,AM6,X,5.1,5.8,5.4,52,129,9.0,7.0
2018,Kia,optima,Full-size,2.0,4,AS6,X,10.9,7.6,9.4,30,224,5.0,3.0
2018,Kia,optima,Full-size,2.4,4,AS6,X,9.6,6.8,8.4,34,198,6.0,5.0
2018,Kia,optima fe,Full-size,2.4,4,AS6,X,9.3,6.6,8.0,35,190,6.0,5.0
2018,Kia,optima hybrid,Mid-size,2.0,4,AM6,X,6.0,5.1,5.6,50,132,9.0,3.0
2018,Kia,rio,Compact,1.6,4,AS6,X,8.5,6.4,7.5,38,177,7.0,3.0
2018,Kia,rio,Compact,1.6,4,M6,X,8.3,6.4,7.5,38,175,7.0,3.0
2018,Kia,sedona,Minivan,3.3,6,AS6,X,13.2,9.7,11.6,24,275,4.0,3.0
2018,Kia,sedona sx,Minivan,3.3,6,AS6,X,12.9,9.5,11.4,25,269,4.0,3.0
2018,Kia,sedona sxl,Minivan,3.3,6,AS6,X,14.1,10.5,12.5,23,296,3.0,3.0
2018,Kia,sorento,Sport utility vehicle: Small,2.4,4,AS6,X,11.2,8.3,9.9,29,234,5.0,5.0
2018,Kia,sorento awd,Sport utility vehicle: Small,2.0,4,AS6,X,12.3,9.4,11.0,26,259,4.0,3.0
2018,Kia,sorento awd,Sport utility vehicle: Small,2.4,4,AS6,X,11.5,9.3,10.5,27,246,4.0,5.0
2018,Kia,sorento awd,Sport utility vehicle: Small,3.3,6,AS6,X,14.0,10.1,12.2,23,289,3.0,3.0
2018,Kia,sorento awd fe,Sport utility vehicle: Small,3.3,6,AS6,X,13.2,9.3,11.4,25,270,4.0,3.0
2018,Kia,soul,Station wagon: Small,1.6,4,AM7,X,9.1,7.7,8.5,33,199,6.0,3.0
2018,Kia,soul,Station wagon: Small,1.6,4,AS6,X,9.4,7.8,8.7,32,205,6.0,3.0
2018,Kia,soul,Station wagon: Small,2.0,4,AS6,X,9.5,7.8,8.7,32,206,6.0,5.0
2018,Kia,sportage,Sport utility vehicle: Small,2.4,4,AS6,X,10.3,7.8,9.2,31,218,5.0,5.0
2018,Kia,sportage awd,Sport utility vehicle: Small,2.0,4,AS6,X,11.9,10.2,11.1,25,263,4.0,3.0
2018,Kia,sportage awd,Sport utility vehicle: Small,2.4,4,AS6,X,11.3,9.5,10.5,27,247,4.0,5.0
2018,Kia,stinger awd,Mid-size,3.3,6,AS8,Z,12.7,9.6,11.3,25,265,4.0,3.0
2018,Lamborghini,aventador coupe,Two-seater,6.5,12,AM7,Z,23.8,14.1,19.4,15,454,1.0,1.0
2018,Lamborghini,aventador roadster,Two-seater,6.5,12,AM7,Z,24.2,14.5,19.8,14,464,1.0,1.0
2018,Lamborghini,aventador s coupe,Two-seater,6.5,12,AM7,Z,23.8,14.1,19.4,15,454,1.0,1.0
2018,Lamborghini,aventador s roadster,Two-seater,6.5,12,AM7,Z,24.2,14.5,19.8,14,464,1.0,1.0
2018,Lamborghini,huracan,Two-seater,5.2,10,AM7,Z,16.8,11.4,14.4,20,336,2.0,1.0
2018,Lamborghini,huracan awd,Two-seater,5.2,10,AM7,Z,17.2,12.2,15.0,19,349,2.0,1.0
2018,Lamborghini,huracan spyder,Two-seater,5.2,10,AM7,Z,16.7,11.7,14.5,19,337,2.0,1.0
2018,Lamborghini,huracan spyder awd,Two-seater,5.2,10,AM7,Z,17.2,12.3,15.0,19,350,2.0,1.0
2018,Land Rover,discovery sport,Sport utility vehicle: Small,2.0,4,AS9,Z,11.4,9.3,10.5,27,246,5.0,7.0
2018,Land Rover,range rover evoque,Sport utility vehicle: Small,2.0,4,AS9,Z,10.9,8.0,9.6,29,225,5.0,7.0
2018,Land Rover,range rover evoque convertible,Sport utility vehicle: Small,2.0,4,AS9,Z,11.2,8.2,9.8,29,231,5.0,7.0
2018,Land Rover,range rover velar,Sport utility vehicle: Small,2.0,4,AS8,D,9.2,7.8,8.5,33,229,5.0,1.0
2018,Land Rover,range rover velar,Sport utility vehicle: Small,3.0,6,AS8,Z,13.0,10.0,11.6,24,273,4.0,7.0
2018,Lexus,es 300h,Mid-size,2.5,4,AV6,X,5.8,6.1,5.9,48,139,9.0,7.0
2018,Lexus,es 350,Mid-size,3.5,6,AS6,X,11.4,7.7,9.7,29,226,5.0,3.0
2018,Lexus,gs 350 awd,Mid-size,3.5,6,AS6,Z,12.5,9.2,11.0,26,257,4.0,5.0
2018,Lexus,gs 450h,Mid-size,3.5,6,AV8,Z,8.0,6.9,7.5,38,176,7.0,7.0
2018,Lexus,gs f,Compact,5.0,8,AS8,Z,14.9,9.7,12.5,23,293,3.0,5.0
2018,Lexus,gx 460,Sport utility vehicle: Standard,4.6,8,AS6,Z,16.0,12.9,14.6,19,341,2.0,3.0
2018,Lexus,is 300,Compact,2.0,4,AS8,Z,10.6,7.3,9.1,31,214,5.0,3.0
2018,Lexus,is 300 awd,Compact,3.5,6,AS6,Z,12.3,9.1,10.9,26,254,4.0,5.0
2018,Lexus,is 350 awd,Compact,3.5,6,AS6,Z,12.3,9.1,10.9,26,254,4.0,5.0
2018,Lexus,lc 500,Subcompact,5.0,8,AS10,Z,14.7,9.2,12.2,23,286,3.0,5.0
2018,Lexus,lc 500h,Subcompact,3.5,6,AV10,Z,8.9,7.0,8.0,35,187,6.0,7.0
2018,Lexus,ls 500,Mid-size,3.4,6,AS10,Z,12.2,7.8,10.2,28,240,5.0,3.0
2018,Lexus,ls 500 awd,Mid-size,3.4,6,AS10,Z,13.0,8.7,11.0,26,259,4.0,3.0
2018,Lexus,ls 500h,Mid-size,3.5,6,AV10,Z,9.4,7.1,8.4,34,195,6.0,7.0
2018,Lexus,ls 500h awd,Mid-size,3.5,6,AV10,Z,10.3,7.6,9.1,31,211,5.0,7.0
2018,Lexus,lx 570,Sport utility vehicle: Standard,5.7,8,AS8,Z,18.2,12.8,15.8,18,371,2.0,3.0
2018,Lexus,nx 300 awd,Sport utility vehicle: Small,2.0,4,AS6,Z,10.6,8.5,9.7,29,226,5.0,3.0
2018,Lexus,nx 300 awd f sport,Sport utility vehicle: Small,2.0,4,AS6,Z,10.8,8.9,9.9,29,232,5.0,3.0
2018,Lexus,nx 300h awd,Sport utility vehicle: Small,2.5,4,AV6,X,7.2,7.9,7.5,38,176,7.0,7.0
2018,Lexus,rc 300 awd,Subcompact,3.5,6,AS6,Z,13.1,9.8,11.2,25,262,4.0,5.0
2018,Lexus,rc 350 awd,Subcompact,3.5,6,AS6,Z,13.1,9.8,11.2,25,262,4.0,5.0
2018,Lexus,rc f,Subcompact,5.0,8,AS8,Z,15.2,9.5,12.6,22,289,3.0,5.0
2018,Lexus,rx 350 awd,Sport utility vehicle: Small,3.5,6,AS8,X,12.2,9.0,10.8,26,252,4.0,5.0
2018,Lexus,rx 350 l awd,Sport utility vehicle: Small,3.5,6,AS8,X,13.1,9.4,11.1,25,268,4.0,5.0
2018,Lexus,rx 450h awd,Sport utility vehicle: Standard,3.5,6,AV6,Z,7.5,8.4,7.9,36,185,7.0,7.0
2018,Lincoln,continental awd,Full-size,2.7,6,AS6,X,14.0,9.4,12.0,24,280,4.0,5.0
2018,Lincoln,continental awd,Full-size,3.0,6,AS6,X,14.5,9.8,12.3,23,290,3.0,5.0
2018,Lincoln,continental awd,Full-size,3.7,6,AS6,X,14.3,9.7,12.2,23,287,3.0,3.0
2018,Lincoln,mkc awd,Sport utility vehicle: Small,2.0,4,AS6,X,12.3,9.3,10.9,26,256,4.0,5.0
2018,Lincoln,mkc awd (start/stop),Sport utility vehicle: Small,2.0,4,AS6,X,12.1,9.3,10.8,26,254,4.0,5.0
2018,Lincoln,mkc awd,Sport utility vehicle: Small,2.3,4,AS6,X,13.1,9.4,11.5,25,269,4.0,3.0
2018,Lincoln,mkt awd,Sport utility vehicle: Standard,3.5,6,AS6,X,15.7,11.2,13.7,21,322,3.0,3.0
2018,Lincoln,mkt livery awd,Special purpose vehicle,3.7,6,A6,X,14.7,10.2,12.7,22,298,3.0,3.0
2018,Lincoln,mkx awd,Sport utility vehicle: Small,2.7,6,AS6,X,14.1,9.8,12.1,23,284,3.0,5.0
2018,Lincoln,mkx awd,Sport utility vehicle: Small,3.7,6,AS6,X,14.3,10.3,12.5,23,293,3.0,3.0
2018,Lincoln,mkz awd,Mid-size,2.0,4,AS6,X,11.8,8.4,10.3,27,242,5.0,5.0
2018,Lincoln,mkz awd,Mid-size,3.0,6,AS6,X,14.0,9.2,11.8,24,278,4.0,5.0
2018,Lincoln,mkz hybrid,Mid-size,2.0,4,AV,X,5.7,6.2,5.9,48,139,9.0,7.0
2018,Lincoln,navigator 4x4,Sport utility vehicle: Standard,3.5,6,AS10,X,14.9,11.3,13.3,21,310,3.0,5.0
2018,Maserati,ghibli,Mid-size,3.0,6,AS8,Z,14.1,9.8,12.2,23,286,3.0,1.0
2018,Maserati,ghibli s,Mid-size,3.0,6,AS8,Z,14.5,10.0,12.4,23,293,3.0,1.0
2018,Maserati,ghibli sq4,Mid-size,3.0,6,AS8,Z,14.7,9.9,12.6,22,295,3.0,1.0
2018,Maserati,granturismo,Subcompact,4.7,8,AS6,Z,18.2,11.4,15.1,19,355,2.0,1.0
2018,Maserati,granturismo convertible,Subcompact,4.7,8,AS6,Z,18.2,11.6,15.2,19,358,2.0,1.0
2018,Maserati,levante,Sport utility vehicle: Standard,3.0,6,AS8,Z,16.4,11.9,14.4,20,340,2.0,1.0
2018,Maserati,levante s,Sport utility vehicle: Standard,3.0,6,AS8,Z,16.6,12.2,14.7,19,346,2.0,1.0
2018,Maserati,quattroporte s,Full-size,3.0,6,AS8,Z,14.9,10.3,12.8,22,300,3.0,1.0
2018,Maserati,quattroporte sq4,Full-size,3.0,6,AS8,Z,15.0,10.3,12.8,22,301,3.0,1.0
2018,Maserati,quattroporte gts,Full-size,3.8,8,AS8,Z,16.1,10.8,13.7,21,321,3.0,1.0
2018,Mazda,cx-3,Compact,2.0,4,AS6,X,8.2,6.9,7.6,37,180,7.0,3.0
2018,Mazda,cx-3,Compact,2.0,4,M6,X,9.0,7.0,8.1,35,189,6.0,3.0
2018,Mazda,cx-3 4wd,Compact,2.0,4,AS6,X,8.8,7.5,8.2,34,192,6.0,3.0
2018,Mazda,cx-5 ,Sport utility vehicle: Small,2.0,4,M6,X,9.7,7.7,8.8,32,206,6.0,3.0
2018,Mazda,cx-5,Sport utility vehicle: Small,2.5,4,AS6,X,9.7,7.8,8.8,32,206,6.0,7.0
2018,Mazda,cx-5 (cylinder deactivation),Sport utility vehicle: Small,2.5,4,AS6,X,9.3,7.6,8.5,33,201,6.0,7.0
2018,Mazda,cx-5 4wd,Sport utility vehicle: Small,2.5,4,AS6,X,10.2,8.2,9.3,30,217,5.0,7.0
2018,Mazda,cx-5 4wd (cylinder deactivation),Sport utility vehicle: Small,2.5,4,AS6,X,9.8,7.9,9.0,31,209,5.0,7.0
2018,Mazda,cx-9,Sport utility vehicle: Small,2.5,4,AS6,X,10.6,8.4,9.6,29,225,5.0,3.0
2018,Mazda,cx-9 4wd,Sport utility vehicle: Small,2.5,4,AS6,X,11.5,8.9,10.4,27,242,5.0,3.0
2018,Mazda,mazda3 4-door,Compact,2.0,4,AS6,X,8.4,6.4,7.5,38,176,7.0,7.0
2018,Mazda,mazda3 4-door,Compact,2.0,4,M6,X,8.5,6.2,7.5,38,175,7.0,7.0
2018,Mazda,mazda3 4-door (sil),Compact,2.0,4,M6,X,8.5,6.2,7.5,38,175,7.0,7.0
2018,Mazda,mazda3 4-door,Compact,2.5,4,AS6,X,8.8,6.6,7.8,36,182,7.0,7.0
2018,Mazda,mazda3 4-door (i-eloop),Compact,2.5,4,AS6,X,8.5,6.4,7.6,37,176,7.0,7.0
2018,Mazda,mazda3 4-door (sil),Compact,2.5,4,M6,X,9.3,6.9,8.2,34,194,6.0,3.0
2018,Mazda,mazda3 5-door,Mid-size,2.0,4,AS6,X,8.4,6.4,7.5,38,174,7.0,7.0
2018,Mazda,mazda3 5-door (sil),Mid-size,2.0,4,M6,X,8.6,6.4,7.6,37,178,7.0,7.0
2018,Mazda,mazda3 5-door,Mid-size,2.5,4,AS6,X,9.0,6.7,7.8,36,187,7.0,7.0
2018,Mazda,mazda3 5-door (i-eloop),Mid-size,2.5,4,AS6,X,8.7,6.6,7.8,36,181,7.0,7.0
2018,Mazda,mazda3 5-door (sil),Mid-size,2.5,4,M6,X,9.6,7.0,8.4,34,198,6.0,3.0
2018,Mazda,mazda6,Mid-size,2.5,4,AS6,X,9.1,6.7,8.0,35,187,7.0,7.0
2018,Mazda,mazda6 turbo,Mid-size,2.5,4,AS6,X,10.0,7.5,8.9,32,208,6.0,3.0
2018,Mazda,mx-5,Two-seater,2.0,4,AS6,Z,9.1,6.8,8.0,35,188,6.0,3.0
2018,Mazda,mx-5 (sil),Two-seater,2.0,4,M6,Z,8.9,7.1,8.1,35,189,6.0,3.0
2018,Mercedes-Benz,amg c 43 4matic,Compact,3.0,6,A9,Z,11.8,8.8,10.4,27,244,5.0,5.0
2018,Mercedes-Benz,amg c 43 4matic cabriolet,Subcompact,3.0,6,A9,Z,12.3,9.4,11.0,26,256,4.0,5.0
2018,Mercedes-Benz,amg c 43 4matic coupe,Subcompact,3.0,6,A9,Z,11.8,8.8,10.5,27,245,5.0,5.0
2018,Mercedes-Benz,amg c 63,Compact,4.0,8,A7,Z,13.4,9.6,11.7,24,274,4.0,5.0
2018,Mercedes-Benz,amg c 63 cabriolet,Subcompact,4.0,8,A7,Z,14.0,10.4,12.4,23,291,3.0,5.0
2018,Mercedes-Benz,amg c 63 coupe,Subcompact,4.0,8,A7,Z,13.8,10.1,12.1,23,285,3.0,5.0
2018,Mercedes-Benz,amg c 63 s,Compact,4.0,8,A7,Z,13.4,9.6,11.7,24,274,4.0,5.0
2018,Mercedes-Benz,amg c 63 s cabriolet,Subcompact,4.0,8,A7,Z,14.0,10.4,12.4,23,291,3.0,5.0
2018,Mercedes-Benz,amg c 63 s coupe,Subcompact,4.0,8,A7,Z,13.8,10.2,12.2,23,285,3.0,5.0
2018,Mercedes-Benz,amg cla 45 4matic,Compact,2.0,4,AM7,Z,10.3,7.9,9.2,31,217,5.0,3.0
2018,Mercedes-Benz,amg e 43 4matic,Mid-size,3.0,6,A9,Z,12.4,9.4,11.1,25,258,4.0,5.0
2018,Mercedes-Benz,amg e 63 s 4matic,Mid-size,4.0,8,A9,Z,15.5,10.6,13.3,21,313,3.0,5.0
2018,Mercedes-Benz,amg e 63 s 4matic wagon,Station wagon: Mid-size,4.0,8,A9,Z,15.2,11.0,13.3,21,312,3.0,5.0
2018,Mercedes-Benz,amg g 63,Sport utility vehicle: Standard,5.5,8,A7,Z,19.9,15.5,17.9,16,419,1.0,3.0
2018,Mercedes-Benz,amg g 65,Sport utility vehicle: Standard,6.0,12,A7,Z,22.2,18.0,20.3,14,473,1.0,3.0
2018,Mercedes-Benz,amg gla 45 4matic,Station wagon: Mid-size,2.0,4,AM7,Z,10.7,8.3,9.6,29,225,5.0,3.0
2018,Mercedes-Benz,amg glc 43 4matic,Sport utility vehicle: Small,3.0,6,A9,Z,13.1,10.1,11.8,24,277,4.0,5.0
2018,Mercedes-Benz,amg glc 43 4matic coupe,Sport utility vehicle: Small,3.0,6,A9,Z,13.0,9.9,11.6,24,272,4.0,5.0
2018,Mercedes-Benz,amg gle 43 4matic,Sport utility vehicle: Standard,3.0,6,A9,Z,13.5,10.3,12.1,23,282,4.0,3.0
2018,Mercedes-Benz,amg gle 43 4matic coupe,Sport utility vehicle: Standard,3.0,6,A9,Z,13.5,10.6,12.2,23,285,3.0,3.0
2018,Mercedes-Benz,amg gle 63 s 4matic,Sport utility vehicle: Standard,5.5,8,A7,Z,17.2,13.4,15.5,18,364,2.0,3.0
2018,Mercedes-Benz,amg gle 63 s 4matic coupe,Sport utility vehicle: Standard,5.5,8,A7,Z,17.2,12.8,15.2,19,357,2.0,3.0
2018,Mercedes-Benz,amg gls 63 4matic,Sport utility vehicle: Standard,5.5,8,A7,Z,17.6,13.3,15.7,18,367,2.0,3.0
2018,Mercedes-Benz,amg gt coupe,Two-seater,4.0,8,AM7,Z,14.5,10.8,12.8,22,302,3.0,5.0
2018,Mercedes-Benz,amg gt roadster,Two-seater,4.0,8,AM7,Z,14.7,11.0,13.0,22,304,3.0,5.0
2018,Mercedes-Benz,amg gt c coupe,Two-seater,4.0,8,AM7,Z,15.5,11.7,13.8,20,322,3.0,5.0
2018,Mercedes-Benz,amg gt c roadster,Two-seater,4.0,8,AM7,Z,15.5,11.7,13.8,20,322,3.0,5.0
2018,Mercedes-Benz,amg gt r coupe,Two-seater,4.0,8,AM7,Z,15.6,11.9,13.9,20,324,3.0,5.0
2018,Mercedes-Benz,amg gt s coupe,Two-seater,4.0,8,AM7,Z,14.5,10.8,12.8,22,302,3.0,5.0
2018,Mercedes-Benz,amg s 63 4matic,Full-size,4.0,8,A9,Z,14.1,8.9,11.8,24,275,4.0,5.0
2018,Mercedes-Benz,amg s 63 4matic cabriolet,Subcompact,4.0,8,A9,Z,15.8,9.8,13.1,22,306,3.0,5.0
2018,Mercedes-Benz,amg s 63 4matic coupe,Compact,4.0,8,A9,Z,14.0,8.7,11.6,24,271,4.0,5.0
2018,Mercedes-Benz,amg s 65,Full-size,6.0,12,A7,Z,18.6,10.9,15.1,19,356,2.0,3.0
2018,Mercedes-Benz,amg sl 63,Two-seater,5.5,8,A7,Z,14.7,9.5,12.4,23,291,3.0,1.0
2018,Mercedes-Benz,amg sl 65,Two-seater,6.0,12,A7,Z,17.6,10.8,14.5,19,339,2.0,3.0
2018,Mercedes-Benz,amg slc 43,Two-seater,3.0,6,A9,Z,11.6,8.2,10.1,28,236,5.0,5.0
2018,Mercedes-Benz,b 250,Mid-size,2.0,4,AM7,Z,9.8,6.8,8.4,34,196,6.0,5.0
2018,Mercedes-Benz,b 250 4matic,Mid-size,2.0,4,AM7,Z,10.3,7.8,9.1,31,215,5.0,5.0
2018,Mercedes-Benz,c 300 4matic,Compact,2.0,4,A9,Z,10.5,7.5,9.1,31,214,5.0,5.0
2018,Mercedes-Benz,c 300 4matic cabriolet,Subcompact,2.0,4,A9,Z,10.8,8.0,9.6,29,224,5.0,5.0
2018,Mercedes-Benz,c 300 4matic coupe,Subcompact,2.0,4,A9,Z,10.5,7.8,9.3,30,218,5.0,5.0
2018,Mercedes-Benz,c 300 4matic wagon,Station wagon: Mid-size,2.0,4,A9,Z,10.7,8.0,9.5,30,222,5.0,5.0
2018,Mercedes-Benz,cla 250,Compact,2.0,4,AM7,Z,9.6,6.6,8.2,34,193,6.0,5.0
2018,Mercedes-Benz,cla 250 4matic,Compact,2.0,4,AM7,Z,9.9,7.3,8.7,32,204,6.0,5.0
2018,Mercedes-Benz,e 300 4matic,Mid-size,2.0,4,A9,Z,11.0,8.1,9.7,29,227,5.0,5.0
2018,Mercedes-Benz,e 400 4matic,Mid-size,3.0,6,A9,Z,11.8,8.7,10.4,27,246,4.0,5.0
2018,Mercedes-Benz,e 400 4matic cabriolet,Subcompact,3.0,6,A9,Z,12.0,9.2,10.8,26,251,4.0,5.0
2018,Mercedes-Benz,e 400 4matic coupe,Subcompact,3.0,6,A9,Z,11.9,9.0,10.6,27,248,4.0,5.0
2018,Mercedes-Benz,e 400 4matic wagon,Station wagon: Mid-size,3.0,6,A9,Z,12.4,9.5,11.1,25,261,4.0,5.0
2018,Mercedes-Benz,g 550,Sport utility vehicle: Standard,4.0,8,A7,Z,18.2,16.5,17.5,16,410,1.0,3.0
2018,Mercedes-Benz,gla 250 4matic,Sport utility vehicle: Small,2.0,4,AM7,Z,10.1,7.6,9.0,31,209,5.0,5.0
2018,Mercedes-Benz,glc 300 4matic,Sport utility vehicle: Small,2.0,4,A9,Z,11.1,8.6,10.0,28,240,5.0,5.0
2018,Mercedes-Benz,glc 300 4matic coupe,Sport utility vehicle: Small,2.0,4,A9,Z,11.0,8.7,10.0,28,235,5.0,5.0
2018,Mercedes-Benz,gle 400 4matic,Sport utility vehicle: Standard,3.0,6,A9,Z,13.5,10.3,12.1,23,282,4.0,3.0
2018,Mercedes-Benz,gle 550 4matic,Sport utility vehicle: Standard,4.7,8,A9,Z,15.2,11.4,13.5,21,317,3.0,3.0
2018,Mercedes-Benz,gls 450 4matic,Sport utility vehicle: Standard,3.0,6,A9,Z,14.3,11.4,13.0,22,305,3.0,3.0
2018,Mercedes-Benz,gls 550 4matic,Sport utility vehicle: Standard,4.7,8,A9,Z,16.5,12.6,14.7,19,346,2.0,3.0
2018,Mercedes-Benz,maybach s 650,Full-size,6.0,12,A9,Z,18.4,11.1,15.1,19,355,2.0,3.0
2018,Mercedes-Benz,metris cargo,Special purpose vehicle,2.0,4,A7,Z,11.5,9.8,10.7,26,251,4.0,5.0
2018,Mercedes-Benz,metris passenger,Special purpose vehicle,2.0,4,A7,Z,12.3,10.3,11.4,25,268,4.0,5.0
2018,Mercedes-Benz,s 450 4matic swb,Mid-size,3.0,6,A9,Z,12.8,8.5,10.9,26,255,4.0,3.0
2018,Mercedes-Benz,s 560 cabriolet,Subcompact,4.0,8,A9,Z,13.9,9.2,11.8,24,276,4.0,5.0
2018,Mercedes-Benz,s 560 4matic swb,Mid-size,4.0,8,A9,Z,13.1,8.8,11.2,25,261,4.0,5.0
2018,Mercedes-Benz,s 560 4matic,Full-size,4.0,8,A9,Z,13.5,8.6,11.3,25,265,4.0,5.0
2018,Mercedes-Benz,s 560 4matic coupe,Compact,4.0,8,A9,Z,13.6,8.8,11.4,25,269,4.0,5.0
2018,Mercedes-Benz,sl 450,Two-seater,3.0,6,A9,Z,11.5,8.5,10.2,28,238,5.0,3.0
2018,Mercedes-Benz,sl 550,Two-seater,4.7,8,A9,Z,13.5,9.6,11.8,24,275,4.0,1.0
2018,Mercedes-Benz,slc 300,Two-seater,2.0,4,A9,Z,9.6,7.4,8.6,33,202,6.0,3.0
2018,MINI,cooper 3 door,Subcompact,1.5,3,AS6,Z,8.7,6.8,7.9,36,184,7.0,7.0
2018,MINI,cooper 3 door,Subcompact,1.5,3,M6,Z,8.5,6.2,7.5,38,175,7.0,7.0
2018,MINI,cooper 5 door,Subcompact,1.5,3,AS6,Z,8.7,6.8,7.9,36,184,7.0,7.0
2018,MINI,cooper 5 door,Subcompact,1.5,3,M6,Z,8.4,6.3,7.4,38,174,7.0,7.0
2018,MINI,cooper clubman all4,Mid-size,1.5,3,AS8,Z,10.2,7.6,9.0,31,212,5.0,3.0
2018,MINI,cooper clubman all4,Mid-size,1.5,3,M6,Z,10.5,7.4,9.1,31,214,5.0,3.0
2018,MINI,cooper convertible,Minicompact,1.5,3,AS6,Z,8.7,6.8,7.9,36,184,7.0,7.0
2018,MINI,cooper convertible,Minicompact,1.5,3,M6,Z,8.4,6.3,7.4,38,174,7.0,7.0
2018,MINI,cooper countryman all4,Station wagon: Small,1.5,3,AS8,Z,10.3,7.9,9.2,31,215,5.0,3.0
2018,MINI,cooper countryman all4,Station wagon: Small,1.5,3,M6,Z,10.5,7.4,9.1,31,214,5.0,3.0
2018,MINI,cooper s 3 door,Subcompact,2.0,4,AS6,Z,9.3,7.3,8.4,34,197,6.0,7.0
2018,MINI,cooper s 3 door,Subcompact,2.0,4,M6,Z,10.3,7.4,9.0,31,210,5.0,7.0
2018,MINI,cooper s 5 door,Subcompact,2.0,4,AS6,Z,9.3,7.3,8.4,34,197,6.0,7.0
2018,MINI,cooper s 5 door,Subcompact,2.0,4,M6,Z,10.3,7.4,9.0,31,210,5.0,7.0
2018,MINI,cooper s clubman all4,Mid-size,2.0,4,AS8,Z,10.5,7.6,9.2,31,215,5.0,7.0
2018,MINI,cooper s clubman all4,Mid-size,2.0,4,M6,Z,11.4,7.8,9.7,29,227,5.0,7.0
2018,MINI,cooper s convertible,Minicompact,2.0,4,AS6,Z,9.3,7.1,8.3,34,195,6.0,7.0
2018,MINI,cooper s convertible,Minicompact,2.0,4,M6,Z,10.3,7.4,9.0,31,210,5.0,7.0
2018,MINI,cooper s countryman all4,Mid-size,2.0,4,AS8,Z,10.5,7.6,9.2,31,215,5.0,7.0
2018,MINI,cooper s countryman all4,Mid-size,2.0,4,M6,Z,11.3,7.7,9.7,29,227,5.0,7.0
2018,MINI,john cooper works,Subcompact,2.0,4,AS6,Z,9.3,7.3,8.4,34,197,6.0,3.0
2018,MINI,john cooper works,Subcompact,2.0,4,M6,Z,10.3,7.4,9.0,31,210,5.0,3.0
2018,MINI,john cooper works clubman all4,Mid-size,2.0,4,AS8,Z,10.2,7.5,9.0,31,211,5.0,3.0
2018,MINI,john cooper works clubman all4,Mid-size,2.0,4,M6,Z,11.4,7.6,9.7,29,228,5.0,3.0
2018,MINI,john cooper works convertible,Minicompact,2.0,4,AS6,Z,9.8,7.3,8.7,32,203,6.0,3.0
2018,MINI,john cooper works convertible,Minicompact,2.0,4,M6,Z,10.8,7.7,9.4,30,220,5.0,3.0
2018,MINI,john cooper works countryman all4,Mid-size,2.0,4,AS8,Z,10.6,7.8,9.3,30,220,5.0,3.0
2018,MINI,john cooper works countryman all4,Mid-size,2.0,4,M6,Z,11.5,8.0,9.9,29,232,5.0,3.0
2018,Mitsubishi,eclipse cross,Sport utility vehicle: Small,1.5,4,AV8,X,9.4,8.4,8.9,32,208,6.0,5.0
2018,Mitsubishi,eclipse cross 4wd,Sport utility vehicle: Small,1.5,4,AV8,X,9.6,8.9,9.3,30,216,5.0,5.0
2018,Mitsubishi,mirage,Compact,1.2,3,AV,X,6.4,5.5,6.0,47,141,9.0,5.0
2018,Mitsubishi,mirage,Compact,1.2,3,M5,X,7.1,5.8,6.5,43,150,8.0,5.0
2018,Mitsubishi,mirage g4,Compact,1.2,3,AV,X,6.9,5.7,6.4,44,149,8.0,5.0
2018,Mitsubishi,mirage g4,Compact,1.2,3,M5,X,7.2,5.9,6.6,43,155,8.0,5.0
2018,Mitsubishi,outlander 4wd,Sport utility vehicle: Small,2.4,4,AV6,X,9.9,8.1,9.1,31,212,5.0,5.0
2018,Mitsubishi,outlander 4wd,Sport utility vehicle: Small,3.0,6,AS6,Z,12.0,8.8,10.6,27,248,4.0,5.0
2018,Mitsubishi,rvr,Sport utility vehicle: Small,2.0,4,AV6,X,9.7,7.8,8.8,32,204,6.0,5.0
2018,Mitsubishi,rvr,Sport utility vehicle: Small,2.0,4,M5,X,10.3,8.2,9.3,30,216,5.0,5.0
2018,Mitsubishi,rvr 4wd,Sport utility vehicle: Small,2.0,4,AV6,X,10.1,8.2,9.2,31,213,5.0,5.0
2018,Mitsubishi,rvr 4wd,Sport utility vehicle: Small,2.4,4,AV6,X,10.3,8.3,9.4,30,219,5.0,5.0
2018,Nissan,370z,Two-seater,3.7,6,AS7,Z,12.6,9.3,11.1,25,261,4.0,3.0
2018,Nissan,370z,Two-seater,3.7,6,M6,Z,13.3,9.3,11.5,25,269,4.0,3.0
2018,Nissan,370z roadster,Two-seater,3.7,6,AS7,Z,13.0,9.7,11.5,25,270,4.0,3.0
2018,Nissan,370z roadster,Two-seater,3.7,6,M6,Z,13.6,9.7,11.8,24,278,4.0,3.0
2018,Nissan,altima,Mid-size,2.5,4,AV,X,8.7,6.3,7.6,37,179,7.0,7.0
2018,Nissan,altima sr,Mid-size,2.5,4,AV7,X,8.9,6.4,7.8,36,185,7.0,7.0
2018,Nissan,altima,Mid-size,3.5,6,AV7,X,10.6,7.3,9.1,31,214,5.0,3.0
2018,Nissan,armada 4wd,Sport utility vehicle: Standard,5.6,8,AS7,X,17.5,12.8,15.4,18,362,2.0,3.0
2018,Nissan,frontier,Pickup truck: Small,2.5,4,A5,X,13.6,10.7,12.3,23,290,3.0,3.0
2018,Nissan,frontier,Pickup truck: Small,2.5,4,M5,X,12.2,10.4,11.4,25,268,4.0,3.0
2018,Nissan,frontier,Pickup truck: Small,4.0,6,A5,X,14.7,10.4,12.8,22,300,3.0,3.0
2018,Nissan,frontier 4wd,Pickup truck: Small,4.0,6,A5,X,15.8,11.5,13.9,20,326,3.0,3.0
2018,Nissan,frontier 4wd,Pickup truck: Small,4.0,6,M6,X,15.1,11.5,13.5,21,317,3.0,3.0
2018,Nissan,gt-r,Subcompact,3.8,6,AM6,Z,14.5,10.7,12.8,22,300,3.0,3.0
2018,Nissan,kicks,Mid-size,1.6,4,AV,X,7.7,6.6,7.2,39,169,8.0,7.0
2018,Nissan,maxima,Mid-size,3.5,6,AV7,Z,11.1,7.8,9.6,29,227,5.0,3.0
2018,Nissan,micra,Compact,1.6,4,A4,X,9.0,6.8,8.0,35,188,6.0,3.0
2018,Nissan,micra,Compact,1.6,4,M5,X,8.7,6.8,7.9,36,186,7.0,3.0
2018,Nissan,murano,Station wagon: Mid-size,3.5,6,AV7,X,11.0,8.3,9.8,29,230,5.0,5.0
2018,Nissan,murano awd,Station wagon: Mid-size,3.5,6,AV7,X,11.2,8.4,9.9,29,232,5.0,5.0
2018,Nissan,nv200 cargo van,Special purpose vehicle,2.0,4,AV,X,9.8,8.8,9.3,30,218,5.0,3.0
2018,Nissan,pathfinder,Sport utility vehicle: Small,3.5,6,AV,X,11.6,8.5,10.2,28,240,5.0,5.0
2018,Nissan,pathfinder 4wd,Sport utility vehicle: Small,3.5,6,AV,X,12.1,8.9,10.7,26,250,4.0,5.0
2018,Nissan,pathfinder 4wd platinum,Sport utility vehicle: Small,3.5,6,AV,X,12.4,9.2,11.0,26,259,4.0,3.0
2018,Nissan,qashqai,Station wagon: Small,2.0,4,AV,X,8.9,7.7,8.4,34,197,6.0,5.0
2018,Nissan,qashqai,Station wagon: Small,2.0,4,M6,X,10.0,8.1,9.2,31,216,5.0,5.0
2018,Nissan,qashqai awd,Station wagon: Small,2.0,4,AV,X,9.2,7.8,8.5,33,200,6.0,5.0
2018,Nissan,rogue,Sport utility vehicle: Small,2.5,4,AV,X,9.2,7.0,8.2,34,192,6.0,5.0
2018,Nissan,rogue awd,Sport utility vehicle: Small,2.5,4,AV,X,9.8,7.5,8.7,32,205,6.0,5.0
2018,Nissan,sentra (turbo),Mid-size,1.6,4,AV7,Z,8.9,7.3,8.2,34,193,6.0,3.0
2018,Nissan,sentra (turbo),Mid-size,1.6,4,M6,Z,9.1,7.3,8.3,34,195,6.0,3.0
2018,Nissan,sentra,Mid-size,1.8,4,AV,X,8.1,6.3,7.3,39,172,7.0,7.0
2018,Nissan,sentra,Mid-size,1.8,4,M6,X,8.9,6.8,8.0,35,187,7.0,1.0
2018,Nissan,sentra nismo,Mid-size,1.6,4,AV7,Z,9.4,7.8,8.7,32,205,6.0,3.0
2018,Nissan,sentra nismo,Mid-size,1.6,4,M6,Z,9.5,7.6,8.7,32,204,6.0,3.0
2018,Nissan,titan,Pickup truck: Standard,5.6,8,AS7,X,15.0,11.2,13.3,21,312,3.0,3.0
2018,Nissan,titan 4wd,Pickup truck: Standard,5.6,8,AS7,X,15.2,11.1,13.4,21,315,3.0,3.0
2018,Nissan,titan 4wd pro-4x,Pickup truck: Standard,5.6,8,AS7,X,15.9,11.9,14.1,20,331,3.0,3.0
2018,Nissan,versa,Mid-size,1.6,4,AV,X,7.6,6.2,7.0,40,164,8.0,5.0
2018,Nissan,versa,Mid-size,1.6,4,M5,X,8.6,6.6,7.7,37,180,7.0,5.0
2018,Porsche,911 carrera,Minicompact,3.0,6,AM7,Z,10.6,8.0,9.4,30,221,5.0,1.0
2018,Porsche,911 carrera,Minicompact,3.0,6,M7,Z,11.8,8.1,10.1,28,237,5.0,1.0
2018,Porsche,911 carrera 4,Minicompact,3.0,6,AM7,Z,10.7,8.3,9.6,29,225,5.0,1.0
2018,Porsche,911 carrera 4,Minicompact,3.0,6,M7,Z,12.1,8.3,10.4,27,242,5.0,1.0
2018,Porsche,911 carrera cabriolet,Minicompact,3.0,6,AM7,Z,10.8,8.3,9.7,29,227,5.0,1.0
2018,Porsche,911 carrera cabriolet,Minicompact,3.0,6,M7,Z,12.0,8.2,10.3,27,241,5.0,1.0
2018,Porsche,911 carrera 4 cabriolet,Minicompact,3.0,6,AM7,Z,11.0,8.4,9.8,29,230,5.0,1.0
2018,Porsche,911 carrera 4 cabriolet,Minicompact,3.0,6,M7,Z,12.2,8.5,10.5,27,246,5.0,1.0
2018,Porsche,911 carrera s,Minicompact,3.0,6,AM7,Z,10.8,8.3,9.7,29,226,5.0,1.0
2018,Porsche,911 carrera s,Minicompact,3.0,6,M7,Z,12.1,8.3,10.4,27,242,5.0,1.0
2018,Porsche,911 carrera 4s,Minicompact,3.0,6,AM7,Z,11.0,8.5,9.9,29,232,5.0,1.0
2018,Porsche,911 carrera 4s,Minicompact,3.0,6,M7,Z,12.1,8.4,10.4,27,243,5.0,1.0
2018,Porsche,911 carrera s cabriolet,Minicompact,3.0,6,AM7,Z,10.8,8.4,9.7,29,228,5.0,1.0
2018,Porsche,911 carrera s cabriolet,Minicompact,3.0,6,M7,Z,12.1,8.3,10.4,27,243,5.0,1.0
2018,Porsche,911 carrera 4s cabriolet,Minicompact,3.0,6,AM7,Z,10.9,8.5,9.9,29,231,5.0,1.0
2018,Porsche,911 carrera 4s cabriolet,Minicompact,3.0,6,M7,Z,12.2,8.5,10.5,27,246,4.0,1.0
2018,Porsche,911 carrera gts,Minicompact,3.0,6,AM7,Z,11.5,9.1,10.4,27,243,5.0,1.0
2018,Porsche,911 carrera gts,Minicompact,3.0,6,M7,Z,13.0,8.9,11.1,25,260,4.0,1.0
2018,Porsche,911 carrera 4 gts,Minicompact,3.0,6,AM7,Z,11.8,9.2,10.6,27,248,4.0,1.0
2018,Porsche,911 carrera 4 gts,Minicompact,3.0,6,M7,Z,12.8,8.9,11.0,26,257,4.0,1.0
2018,Porsche,911 carrera gts cabriolet,Minicompact,3.0,6,AM7,Z,11.8,9.2,10.6,27,249,4.0,1.0
2018,Porsche,911 carrera gts cabriolet,Minicompact,3.0,6,M7,Z,12.7,9.0,11.0,26,258,4.0,1.0
2018,Porsche,911 carrera 4 gts cabriolet,Minicompact,3.0,6,AM7,Z,11.9,9.3,10.7,26,250,4.0,1.0
2018,Porsche,911 carrera 4 gts cabriolet,Minicompact,3.0,6,M7,Z,12.9,9.1,11.1,25,260,4.0,1.0
2018,Porsche,911 gt3,Two-seater,4.0,6,AM7,Z,15.8,11.6,13.9,20,324,3.0,1.0
2018,Porsche,911 gt3,Two-seater,4.0,6,M6,Z,18.0,11.5,15.1,19,352,2.0,1.0
2018,Porsche,911 targa 4,Minicompact,3.0,6,AM7,Z,10.9,8.4,9.8,29,228,5.0,1.0
2018,Porsche,911 targa 4,Minicompact,3.0,6,M7,Z,12.2,8.5,10.5,27,246,5.0,1.0
2018,Porsche,911 targa 4s,Minicompact,3.0,6,AM7,Z,11.1,8.6,10.0,28,233,5.0,1.0
2018,Porsche,911 targa 4s,Minicompact,3.0,6,M7,Z,12.2,8.5,10.5,27,246,4.0,1.0
2018,Porsche,911 targa 4 gts,Minicompact,3.0,6,AM7,Z,12.1,9.2,10.8,26,251,4.0,1.0
2018,Porsche,911 targa 4 gts,Minicompact,3.0,6,M7,Z,13.2,9.2,11.4,25,266,4.0,1.0
2018,Porsche,911 turbo,Minicompact,3.8,6,AM7,Z,12.6,9.9,11.4,25,266,4.0,1.0
2018,Porsche,911 turbo cabriolet,Minicompact,3.8,6,AM7,Z,12.6,9.9,11.4,25,267,4.0,1.0
2018,Porsche,911 turbo s,Minicompact,3.8,6,AM7,Z,12.6,9.9,11.4,25,266,4.0,1.0
2018,Porsche,911 turbo s cabriolet,Minicompact,3.8,6,AM7,Z,12.6,9.9,11.4,25,267,4.0,1.0
2018,Porsche,911 turbo s exclusive,Minicompact,3.8,6,AM7,Z,13.8,10.3,12.3,23,285,3.0,1.0
2018,Porsche,boxster,Two-seater,2.0,4,AM7,Z,10.5,8.0,9.4,30,219,5.0,1.0
2018,Porsche,boxster,Two-seater,2.0,4,M6,Z,11.0,8.3,9.8,29,229,5.0,1.0
2018,Porsche,boxster s,Two-seater,2.5,4,AM7,Z,11.0,8.4,9.9,29,230,5.0,1.0
2018,Porsche,boxster s,Two-seater,2.5,4,M6,Z,12.1,9.0,10.7,26,249,4.0,1.0
2018,Porsche,boxster gts,Two-seater,2.5,4,AM7,Z,11.8,9.2,10.6,27,249,4.0,1.0
2018,Porsche,boxster gts,Two-seater,2.5,4,M6,Z,12.3,9.4,11.0,26,257,4.0,1.0
2018,Porsche,cayenne,Sport utility vehicle: Standard,3.6,6,A8,Z,12.9,9.7,11.5,25,268,4.0,1.0
2018,Porsche,cayenne platinum,Sport utility vehicle: Standard,3.6,6,A8,Z,13.6,10.2,12.1,23,281,4.0,1.0
2018,Porsche,cayenne s,Sport utility vehicle: Standard,3.6,6,A8,Z,13.9,9.6,12.0,24,281,4.0,1.0
2018,Porsche,cayenne gts,Sport utility vehicle: Standard,3.6,6,A8,Z,14.5,10.4,12.6,22,296,3.0,1.0
2018,Porsche,cayenne turbo,Sport utility vehicle: Standard,4.8,8,A8,Z,16.7,11.2,14.3,20,334,3.0,1.0
2018,Porsche,cayenne turbo s,Sport utility vehicle: Standard,4.8,8,A8,Z,16.7,11.2,14.3,20,334,3.0,1.0
2018,Porsche,cayman,Two-seater,2.0,4,AM7,Z,10.5,8.0,9.4,30,219,5.0,1.0
2018,Porsche,cayman,Two-seater,2.0,4,M6,Z,11.0,8.3,9.8,29,229,5.0,1.0
2018,Porsche,cayman s,Two-seater,2.5,4,AM7,Z,11.0,8.4,9.9,29,230,5.0,1.0
2018,Porsche,cayman s,Two-seater,2.5,4,M6,Z,12.1,9.0,10.7,26,249,4.0,1.0
2018,Porsche,cayman gts,Two-seater,2.5,4,AM7,Z,11.8,9.2,10.6,27,249,4.0,1.0
2018,Porsche,cayman gts,Two-seater,2.5,4,M6,Z,12.3,9.4,11.0,26,257,4.0,1.0
2018,Porsche,macan,Sport utility vehicle: Small,2.0,4,A7,Z,11.6,9.3,10.6,27,248,4.0,1.0
2018,Porsche,macan s,Sport utility vehicle: Small,3.0,6,A7,Z,13.7,10.3,12.2,23,285,3.0,1.0
2018,Porsche,macan gts,Sport utility vehicle: Small,3.0,6,A7,Z,13.8,10.3,12.3,23,287,3.0,1.0
2018,Porsche,macan turbo,Sport utility vehicle: Small,3.6,6,A7,Z,14.2,10.1,12.3,23,287,3.0,1.0
2018,Porsche,macan turbo kit,Sport utility vehicle: Small,3.6,6,A7,Z,14.1,10.1,12.3,23,286,3.0,1.0
2018,Porsche,panamera,Full-size,3.0,6,AM8,Z,11.0,8.3,9.8,29,229,5.0,1.0
2018,Porsche,panamera 4,Full-size,3.0,6,AM8,Z,11.3,8.6,10.1,28,235,5.0,1.0
2018,Porsche,panamera 4 executive,Full-size,3.0,6,AM8,Z,11.3,8.6,10.1,28,235,5.0,1.0
2018,Porsche,panamera 4 st,Full-size,3.0,6,AM8,Z,11.5,9.0,10.4,27,242,5.0,1.0
2018,Porsche,panamera 4s,Full-size,2.9,6,AM8,Z,11.3,8.5,10.1,28,235,5.0,1.0
2018,Porsche,panamera 4s executive,Full-size,2.9,6,AM8,Z,11.3,8.5,10.1,28,235,5.0,1.0
2018,Porsche,panamera 4s st,Full-size,2.9,6,AM8,Z,12.1,9.0,10.7,26,249,4.0,1.0
2018,Porsche,panamera turbo,Full-size,4.0,8,AM8,Z,12.8,9.2,11.2,25,261,4.0,1.0
2018,Porsche,panamera turbo executive,Full-size,4.0,8,AM8,Z,12.8,9.2,11.2,25,261,4.0,1.0
2018,Porsche,panamera turbo st,Full-size,4.0,8,AM8,Z,13.4,10.1,11.9,24,279,4.0,1.0
2018,Ram,1500 ecodiesel,Pickup truck: Standard,3.0,6,A8,D,11.8,8.6,10.4,27,278,4.0,1.0
2018,Ram,1500 ffv,Pickup truck: Standard,3.6,6,A8,X,13.9,9.6,11.9,24,280,4.0,3.0
2018,Ram,1500 ffv,Pickup truck: Standard,3.6,6,A8,E,19.7,13.8,17.0,17,283,4.0,3.0
2018,Ram,1500,Pickup truck: Standard,5.7,8,A6,X,17.0,12.0,14.8,19,346,2.0,3.0
2018,Ram,1500,Pickup truck: Standard,5.7,8,A8,X,15.7,11.0,13.6,21,319,3.0,3.0
2018,Ram,1500 4x4 ecodiesel,Pickup truck: Standard,3.0,6,A8,D,12.3,8.8,10.8,26,289,3.0,1.0
2018,Ram,1500 4x4 ffv,Pickup truck: Standard,3.6,6,A8,X,14.5,10.2,12.6,22,294,3.0,3.0
2018,Ram,1500 4x4 ffv,Pickup truck: Standard,3.6,6,A8,E,20.7,14.7,18.0,16,300,3.0,3.0
2018,Ram,1500 4x4,Pickup truck: Standard,5.7,8,A6,X,18.7,13.3,16.3,17,382,1.0,3.0
2018,Ram,1500 4x4,Pickup truck: Standard,5.7,8,A8,X,16.1,11.5,14.0,20,328,3.0,3.0
2018,Ram,promaster city,Special purpose vehicle,2.4,4,A9,X,11.2,8.3,9.9,29,232,5.0,3.0
2018,Rolls-Royce,dawn,Compact,6.6,12,AS8,Z,20.3,13.0,17.0,17,397,1.0,3.0
2018,Rolls-Royce,ghost,Full-size,6.6,12,AS8,Z,20.3,13.0,17.0,17,397,1.0,3.0
2018,Rolls-Royce,ghost ewb,Full-size,6.6,12,AS8,Z,20.3,13.0,17.0,17,397,1.0,3.0
2018,Rolls-Royce,phantom,Full-size,6.7,12,AS8,Z,20.0,12.4,16.6,17,387,1.0,3.0
2018,Rolls-Royce,phantom ewb,Full-size,6.7,12,AS8,Z,20.0,12.4,16.6,17,387,1.0,3.0
2018,Rolls-Royce,wraith,Mid-size,6.6,12,AS8,Z,19.6,12.9,16.6,17,388,1.0,3.0
2018,Subaru,brz,Minicompact,2.0,4,AS6,Z,9.7,7.2,8.6,33,200,6.0,1.0
2018,Subaru,brz,Minicompact,2.0,4,M6,Z,11.2,8.1,9.8,29,229,5.0,1.0
2018,Subaru,brz ts,Minicompact,2.0,4,M6,Z,11.6,8.6,10.2,28,239,5.0,1.0
2018,Subaru,crosstrek awd,Sport utility vehicle: Small,2.0,4,AV7,X,8.8,7.2,8.1,35,188,6.0,6.0
2018,Subaru,crosstrek awd,Sport utility vehicle: Small,2.0,4,M6,X,10.5,8.1,9.4,30,220,5.0,6.0
2018,Subaru,forester awd,Sport utility vehicle: Small,2.0,4,AV8,Z,10.2,8.6,9.5,30,223,5.0,1.0
2018,Subaru,forester awd,Sport utility vehicle: Small,2.5,4,AV6,X,9.2,7.4,8.4,34,196,6.0,5.0
2018,Subaru,forester awd,Sport utility vehicle: Small,2.5,4,M6,X,10.9,8.3,9.7,29,228,5.0,5.0
2018,Subaru,impreza 4-door awd,Mid-size,2.0,4,AV7,X,8.3,6.4,7.5,38,174,7.0,6.0
2018,Subaru,impreza 4-door awd,Mid-size,2.0,4,M5,X,10.0,7.5,8.9,32,208,6.0,6.0
2018,Subaru,impreza 5-door awd,Station wagon: Small,2.0,4,AV7,X,8.4,6.5,7.5,38,176,7.0,6.0
2018,Subaru,impreza 5-door awd,Station wagon: Small,2.0,4,M5,X,10.1,7.7,9.0,31,211,5.0,6.0
2018,Subaru,legacy awd,Mid-size,2.5,4,AV7,X,9.3,7.0,8.3,34,193,6.0,5.0
2018,Subaru,legacy awd,Mid-size,3.6,6,AV6,X,11.9,8.3,10.3,27,241,5.0,3.0
2018,Subaru,outback awd,Sport utility vehicle: Small,2.5,4,AV7,X,9.4,7.3,8.5,33,198,6.0,5.0
2018,Subaru,outback awd,Sport utility vehicle: Small,3.6,6,AV6,X,12.0,8.7,10.5,27,247,4.0,3.0
2018,Subaru,wrx awd,Compact,2.0,4,AV8,Z,12.6,9.6,11.2,25,256,4.0,1.0
2018,Subaru,wrx awd,Compact,2.0,4,M6,Z,11.3,8.5,10.0,28,235,5.0,1.0
2018,Subaru,wrx sti awd,Compact,2.5,4,M6,Z,14.1,10.5,12.5,23,291,3.0,1.0
2018,Subaru,wrx sti awd type ra,Compact,2.5,4,M6,Z,14.3,10.9,12.8,22,296,3.0,1.0
2018,Toyota,4runner 4wd,Sport utility vehicle: Standard,4.0,6,AS5,X,14.3,11.9,13.2,21,308,3.0,3.0
2018,Toyota,4runner 4wd (part-time 4wd),Sport utility vehicle: Standard,4.0,6,AS5,X,14.3,11.9,13.2,21,308,3.0,3.0
2018,Toyota,86,Minicompact,2.0,4,AS6,Z,9.9,7.3,8.7,32,204,6.0,1.0
2018,Toyota,86,Minicompact,2.0,4,M6,Z,11.3,8.3,9.9,29,232,5.0,1.0
2018,Toyota,avalon,Mid-size,3.5,6,AS6,X,11.4,7.7,9.7,29,226,5.0,3.0
2018,Toyota,camry,Mid-size,2.5,4,AS8,X,8.1,5.7,6.9,41,164,8.0,7.0
2018,Toyota,camry le/se,Mid-size,2.5,4,AS8,X,8.4,6.0,7.3,39,172,7.0,7.0
2018,Toyota,camry xle/xse,Mid-size,2.5,4,AS8,X,8.5,6.1,7.4,38,173,7.0,7.0
2018,Toyota,camry,Mid-size,3.5,6,AS8,X,10.5,7.1,9.0,31,210,5.0,5.0
2018,Toyota,camry xse,Mid-size,3.5,6,AS8,X,10.7,7.4,9.2,31,215,5.0,5.0
2018,Toyota,camry hybrid le,Mid-size,2.5,4,AV6,X,4.9,4.8,4.9,58,113,10.0,7.0
2018,Toyota,camry hybrid xle/se,Mid-size,2.5,4,AV6,X,5.3,5.0,5.1,55,121,10.0,7.0
2018,Toyota,c-hr,Compact,2.0,4,AV7,X,8.7,7.5,8.2,34,189,6.0,3.0
2018,Toyota,corolla,Mid-size,1.8,4,AV,X,8.3,6.5,7.5,38,174,7.0,3.0
2018,Toyota,corolla le eco (1-mode),Mid-size,1.8,4,AV,X,7.8,5.9,6.9,41,163,8.0,5.0
2018,Toyota,corolla le eco (2-mode),Mid-size,1.8,4,AV,X,8.0,6.3,7.2,39,168,8.0,5.0
2018,Toyota,corolla,Mid-size,1.8,4,AV7,X,8.3,6.7,7.5,38,178,7.0,3.0
2018,Toyota,corolla,Mid-size,1.8,4,M6,X,8.5,6.6,7.6,37,178,7.0,3.0
2018,Toyota,corolla im,Mid-size,1.8,4,AV7,X,8.3,6.5,7.5,38,176,7.0,5.0
2018,Toyota,corolla im,Mid-size,1.8,4,M6,X,8.8,6.8,7.9,36,185,7.0,5.0
2018,Toyota,highlander,Sport utility vehicle: Small,3.5,6,AS8,X,11.8,8.7,10.3,27,243,5.0,5.0
2018,Toyota,highlander awd,Sport utility vehicle: Standard,3.5,6,AS8,X,12.1,9.0,10.6,27,251,4.0,5.0
2018,Toyota,highlander awd (start/stop system),Sport utility vehicle: Standard,3.5,6,AS8,X,12.0,8.9,10.6,27,247,4.0,5.0
2018,Toyota,highlander awd le,Sport utility vehicle: Standard,3.5,6,AS8,X,11.7,8.8,10.4,27,242,5.0,5.0
2018,Toyota,highlander hybrid awd,Sport utility vehicle: Standard,3.5,6,AV6,X,8.1,8.5,8.3,34,193,6.0,7.0
2018,Toyota,prius,Mid-size,1.8,4,AV,X,4.3,4.6,4.5,63,105,10.0,7.0
2018,Toyota,prius c,Compact,1.5,4,AV,X,4.9,5.5,5.1,55,120,10.0,7.0
2018,Toyota,prius v,Station wagon: Mid-size,1.8,4,AV,X,5.5,6.0,5.8,49,135,9.0,7.0
2018,Toyota,rav4 le/xle,Sport utility vehicle: Small,2.5,4,AS6,X,10.0,7.8,9.0,31,210,5.0,3.0
2018,Toyota,rav4 awd,Sport utility vehicle: Small,2.5,4,AS6,X,10.5,8.3,9.5,30,222,5.0,3.0
2018,Toyota,rav4 limited/se awd,Sport utility vehicle: Small,2.5,4,AS6,X,10.7,8.4,9.7,29,226,5.0,3.0
2018,Toyota,rav4 hybrid awd,Sport utility vehicle: Small,2.5,4,AV6,X,6.9,7.8,7.3,39,171,7.0,7.0
2018,Toyota,sequoia 4wd,Sport utility vehicle: Standard,5.7,8,AS6,X,18.4,13.8,16.4,17,384,1.0,5.0
2018,Toyota,sienna,Minivan,3.5,6,AS8,X,12.5,8.9,10.9,26,256,4.0,5.0
2018,Toyota,sienna awd,Minivan,3.5,6,AS8,X,13.4,9.6,11.7,24,274,4.0,5.0
2018,Toyota,tacoma,Pickup truck: Small,2.7,4,AS6,X,12.1,10.1,11.2,25,263,4.0,5.0
2018,Toyota,tacoma,Pickup truck: Small,3.5,6,AS6,X,12.6,10.0,11.4,25,268,4.0,5.0
2018,Toyota,tacoma 4wd,Pickup truck: Small,2.7,4,AS6,X,12.7,10.6,11.7,24,274,4.0,5.0
2018,Toyota,tacoma 4wd,Pickup truck: Small,3.5,6,AS6,X,13.2,10.7,12.1,23,283,4.0,5.0
2018,Toyota,tacoma 4wd,Pickup truck: Small,3.5,6,M6,X,13.8,11.4,12.7,22,299,3.0,5.0
2018,Toyota,tacoma 4wd d-cab off-road,Pickup truck: Small,3.5,6,M6,X,13.8,11.7,12.9,22,300,3.0,5.0
2018,Toyota,tundra,Pickup truck: Standard,5.7,8,AS6,X,17.7,13.6,15.9,18,371,2.0,5.0
2018,Toyota,tundra 4wd,Pickup truck: Standard,4.6,8,AS6,X,16.8,13.1,14.9,19,354,2.0,3.0
2018,Toyota,tundra 4wd,Pickup truck: Standard,5.7,8,AS6,X,18.0,14.2,16.3,17,383,1.0,5.0
2018,Toyota,yaris,Compact,1.5,4,AS6,X,7.3,5.8,6.6,43,155,8.0,3.0
2018,Toyota,yaris (sil),Compact,1.5,4,M6,X,7.8,6.0,6.8,42,164,8.0,3.0
2018,Toyota,yaris hatchback,Compact,1.5,4,A4,X,7.9,6.8,7.4,38,173,7.0,3.0
2018,Toyota,yaris hatchback,Compact,1.5,4,M5,X,7.8,6.5,7.2,39,168,8.0,3.0
2018,Volkswagen,atlas,Sport utility vehicle: Small,2.0,4,AS8,X,10.8,8.9,10.0,28,233,5.0,3.0
2018,Volkswagen,atlas 4motion,Sport utility vehicle: Small,3.6,6,AS8,X,13.7,10.1,12.1,23,282,4.0,5.0
2018,Volkswagen,beetle,Compact,2.0,4,AS6,X,9.0,7.2,8.2,34,191,6.0,7.0
2018,Volkswagen,beetle convertible,Subcompact,2.0,4,AS6,X,9.0,7.2,8.2,34,191,6.0,7.0
2018,Volkswagen,beetle dune,Compact,2.0,4,AS6,X,9.1,6.9,8.1,35,189,6.0,7.0
2018,Volkswagen,beetle dune convertible,Subcompact,2.0,4,AS6,X,9.1,6.9,8.1,35,189,6.0,7.0
2018,Volkswagen,golf,Compact,1.8,4,AS6,X,9.6,7.2,8.5,33,199,6.0,7.0
2018,Volkswagen,golf,Compact,1.8,4,M5,X,9.3,6.9,8.2,34,192,6.0,7.0
2018,Volkswagen,golf gti,Compact,2.0,4,AM6,X,9.6,7.3,8.6,33,200,6.0,7.0
2018,Volkswagen,golf gti,Compact,2.0,4,M6,X,9.6,7.2,8.5,33,199,6.0,7.0
2018,Volkswagen,golf r,Compact,2.0,4,AM7,Z,10.6,8.0,9.4,30,220,5.0,3.0
2018,Volkswagen,golf r,Compact,2.0,4,M6,Z,11.1,8.1,9.8,29,227,5.0,3.0
2018,Volkswagen,golf alltrack,Station wagon: Small,1.8,4,AM6,X,10.7,8.0,9.4,30,220,5.0,7.0
2018,Volkswagen,golf alltrack,Station wagon: Small,1.8,4,M6,X,11.1,7.8,9.6,29,225,5.0,7.0
2018,Volkswagen,golf sportwagen,Station wagon: Small,1.8,4,AS6,X,9.6,7.2,8.5,33,199,6.0,7.0
2018,Volkswagen,golf sportwagen,Station wagon: Small,1.8,4,M5,X,9.4,6.9,8.2,34,192,6.0,7.0
2018,Volkswagen,golf sportwagen 4motion,Station wagon: Small,1.8,4,AM6,X,10.8,8.1,9.6,29,224,5.0,7.0
2018,Volkswagen,golf sportwagen 4motion,Station wagon: Small,1.8,4,M6,X,10.8,7.6,9.3,30,218,5.0,7.0
2018,Volkswagen,passat,Mid-size,2.0,4,AS6,X,9.3,6.5,8.1,35,188,6.0,7.0
2018,Volkswagen,passat,Mid-size,3.6,6,AM6,X,12.2,8.5,10.6,27,246,4.0,3.0
2018,Volkswagen,tiguan,Sport utility vehicle: Small,2.0,4,AS8,X,10.6,8.7,9.8,29,229,5.0,7.0
2018,Volkswagen,tiguan 4motion,Sport utility vehicle: Small,2.0,4,AS8,X,11.3,8.8,10.2,28,237,5.0,7.0
2018,Volvo,s60 t5 awd,Compact,2.0,4,AS8,X,11.0,8.1,9.7,29,226,5.0,3.0
2018,Volvo,s60 t6 awd,Compact,2.0,4,AS8,Z,10.9,7.7,9.4,30,221,5.0,3.0
2018,Volvo,s60 polestar,Compact,2.0,4,AS8,Z,11.8,8.5,10.3,27,241,5.0,1.0
2018,Volvo,s60 cc t5 awd,Compact,2.0,4,AS8,X,10.8,7.8,9.4,30,220,5.0,3.0
2018,Volvo,s90 t5 awd,Mid-size,2.0,4,AS8,Z,10.1,7.4,8.8,32,206,6.0,5.0
2018,Volvo,s90 t6 awd,Mid-size,2.0,4,AS8,Z,10.6,7.6,9.3,30,216,5.0,5.0
2018,Volvo,v60 t5 awd,Station wagon: Small,2.0,4,AS8,X,11.0,8.1,9.7,29,226,5.0,3.0
2018,Volvo,v60 t6 awd,Station wagon: Small,2.0,4,AS8,Z,10.9,7.7,9.4,30,221,5.0,3.0
2018,Volvo,v60 polestar,Station wagon: Small,2.0,4,AS8,Z,11.8,8.5,10.3,27,241,5.0,1.0
2018,Volvo,v60 cc t5 awd,Station wagon: Small,2.0,4,AS8,X,10.8,7.8,9.4,30,220,5.0,3.0
2018,Volvo,v90 t6 awd,Station wagon: Mid-size,2.0,4,AS8,Z,10.6,7.6,9.3,30,216,5.0,5.0
2018,Volvo,v90 cc t5 awd,Station wagon: Mid-size,2.0,4,AS8,Z,10.4,7.7,9.2,31,214,5.0,5.0
2018,Volvo,v90 cc t6 awd,Station wagon: Mid-size,2.0,4,AS8,Z,10.9,8.0,9.6,29,224,5.0,5.0
2018,Volvo,xc60 t5 awd,Sport utility vehicle: Small,2.0,4,AS8,Z,10.7,8.5,9.8,29,228,5.0,5.0
2018,Volvo,xc60 t6 awd,Sport utility vehicle: Small,2.0,4,AS8,Z,11.4,8.7,10.2,28,240,5.0,5.0
2018,Volvo,xc90 t5 awd,Sport utility vehicle: Standard,2.0,4,AS8,Z,10.9,8.3,9.7,29,227,5.0,5.0
2018,Volvo,xc90 t6 awd,Sport utility vehicle: Standard,2.0,4,AS8,Z,11.5,8.8,10.3,27,240,5.0,5.0
2019,Acura,ilx,Compact,2.4,4,AM8,Z,9.9,7.0,8.6,33,199,6.0,3.0
2019,Acura,mdx sh-awd,Sport utility vehicle: Small,3.5,6,AS9,Z,12.2,9.0,10.8,26,252,4.0,3.0
2019,Acura,mdx sh-awd a-spec,Sport utility vehicle: Small,3.5,6,AS9,Z,12.2,9.5,11.0,26,258,4.0,3.0
2019,Acura,mdx hybrid awd,Sport utility vehicle: Small,3.0,6,AM7,Z,9.1,9.0,9.0,31,210,5.0,3.0
2019,Acura,nsx,Two-seater,3.5,6,AM9,Z,11.1,10.8,11.0,26,261,4.0,3.0
2019,Acura,rdx awd,Sport utility vehicle: Small,2.0,4,AS10,Z,11.0,8.6,9.9,29,232,5.0,6.0
2019,Acura,rdx awd a-spec,Sport utility vehicle: Small,2.0,4,AS10,Z,11.3,9.1,10.3,27,242,5.0,6.0
2019,Acura,rlx hybrid,Mid-size,3.5,6,AM7,Z,8.4,8.2,8.4,34,196,6.0,7.0
2019,Acura,tlx,Compact,2.4,4,AM8,Z,10.0,7.1,8.7,32,205,6.0,3.0
2019,Acura,tlx a-spec,Compact,2.4,4,AM8,Z,10.2,7.4,8.9,32,209,5.0,3.0
2019,Acura,tlx sh-awd,Compact,3.5,6,AS9,Z,11.4,7.7,9.8,29,228,5.0,3.0
2019,Acura,tlx sh-awd a-spec,Compact,3.5,6,AS9,Z,12.0,8.2,10.3,27,240,5.0,3.0
2019,Alfa Romeo,4c coupe,Two-seater,1.8,4,AM6,Z,9.7,6.9,8.4,34,197,6.0,1.0
2019,Alfa Romeo,4c spider,Two-seater,1.8,4,AM6,Z,9.7,6.9,8.4,34,197,6.0,1.0
2019,Alfa Romeo,giulia,Mid-size,2.0,4,A8,Z,10.0,7.2,8.7,32,205,6.0,3.0
2019,Alfa Romeo,giulia awd,Mid-size,2.0,4,A8,Z,10.5,7.7,9.2,31,217,5.0,3.0
2019,Alfa Romeo,giulia quadrifoglio,Mid-size,2.9,6,A8,Z,13.8,9.6,11.9,24,280,4.0,3.0
2019,Alfa Romeo,stelvio,Sport utility vehicle: Small,2.0,4,A8,Z,10.3,8.1,9.3,30,218,5.0,3.0
2019,Alfa Romeo,stelvio awd,Sport utility vehicle: Small,2.0,4,A8,Z,10.8,8.3,9.6,29,226,5.0,3.0
2019,Alfa Romeo,stelvio awd quadrifoglio,Sport utility vehicle: Small,2.9,6,A8,Z,14.1,10.4,12.4,23,292,3.0,3.0
2019,Aston Martin,db11 v8,Minicompact,4.0,8,A8,Z,13.0,9.8,11.5,25,271,4.0,3.0
2019,Aston Martin,db11 amr,Minicompact,5.2,12,A8,Z,15.5,10.6,13.3,21,312,3.0,3.0
2019,Aston Martin,dbs superleggera,Minicompact,5.2,12,A8,Z,16.4,10.7,13.8,20,324,3.0,3.0
2019,Aston Martin,rapide amr,Subcompact,6.0,12,A8,Z,16.7,10.9,14.1,20,332,3.0,3.0
2019,Aston Martin,vanquish zagato,Minicompact,6.0,12,A8,Z,17.5,11.4,14.7,19,346,2.0,3.0
2019,Aston Martin,vantage v8,Two-seater,4.0,8,A8,Z,12.7,9.4,11.2,25,264,4.0,3.0
2019,Audi,a3,Subcompact,2.0,4,AM7,X,9.1,6.8,8.1,35,188,6.0,7.0
2019,Audi,a3 quattro,Subcompact,2.0,4,AM7,X,10.9,7.9,9.6,29,225,5.0,7.0
2019,Audi,a3 cabriolet quattro,Subcompact,2.0,4,AM7,X,10.7,7.9,9.5,30,221,5.0,7.0
2019,Audi,a4,Compact,2.0,4,AM7,Z,8.6,6.9,7.8,36,182,7.0,5.0
2019,Audi,a4 quattro,Compact,2.0,4,AM7,Z,10.0,7.0,8.7,32,204,6.0,5.0
2019,Audi,a4 allroad quattro,Station wagon: Small,2.0,4,AM7,Z,10.7,8.0,9.5,30,221,6.0,5.0
2019,Audi,a5 quattro,Subcompact,2.0,4,AM7,Z,10.0,7.0,8.7,32,204,6.0,5.0
2019,Audi,a5 cabriolet quattro,Subcompact,2.0,4,AM7,Z,10.0,7.0,8.7,32,204,6.0,5.0
2019,Audi,a5 sportback quattro,Mid-size,2.0,4,AM7,Z,10.0,7.0,8.7,32,204,6.0,5.0
2019,Audi,a6 quattro,Mid-size,3.0,6,AM7,Z,10.7,8.2,9.6,29,224,5.0,5.0
2019,Audi,a7 quattro,Mid-size,3.0,6,AM7,Z,10.7,8.2,9.6,29,224,5.0,5.0
2019,Audi,a8l,Full-size,3.0,6,AS8,Z,12.5,8.6,10.8,26,252,4.0,3.0
2019,Audi,q3 quattro,Sport utility vehicle: Small,2.0,4,AS8,X,12.3,8.6,10.6,27,248,4.0,7.0
2019,Audi,q5,Sport utility vehicle: Small,2.0,4,AM7,Z,10.9,8.7,9.9,29,230,5.0,3.0
2019,Audi,q7,Sport utility vehicle: Standard,2.0,4,AS8,Z,12.2,9.5,11.0,26,258,4.0,3.0
2019,Audi,q7,Sport utility vehicle: Standard,3.0,6,AS8,Z,12.6,9.4,11.1,25,260,4.0,3.0
2019,Audi,q8,Sport utility vehicle: Standard,3.0,6,AS8,Z,14.0,10.7,12.5,23,294,3.0,3.0
2019,Audi,rs 3,Subcompact,2.5,5,AM7,Z,12.4,8.4,10.6,27,247,4.0,3.0
2019,Audi,rs 5 coupe,Subcompact,2.9,6,AS8,Z,13.3,8.7,11.3,25,262,4.0,5.0
2019,Audi,rs 5 sportback,Mid-size,2.9,6,AS8,Z,13.5,9.0,11.5,25,268,4.0,5.0
2019,Audi,s3,Subcompact,2.0,4,AM7,Z,10.7,8.0,9.5,30,222,5.0,3.0
2019,Audi,s4,Compact,3.0,6,AS8,Z,11.3,8.0,9.8,29,230,5.0,5.0
2019,Audi,s5,Subcompact,3.0,6,AS8,Z,11.3,8.0,9.8,29,230,5.0,5.0
2019,Audi,s5 cabriolet,Subcompact,3.0,6,AS8,Z,11.4,8.2,9.9,29,234,5.0,5.0
2019,Audi,s5 sportback,Mid-size,3.0,6,AS8,Z,11.3,8.0,9.8,29,230,5.0,5.0
2019,Audi,sq5,Sport utility vehicle: Small,3.0,6,AS8,Z,12.7,10.0,11.5,25,270,4.0,5.0
2019,Audi,tt coupe quattro,Subcompact,2.0,4,AM7,X,10.3,7.7,9.2,31,213,5.0,7.0
2019,Audi,tt roadster quattro,Two-seater,2.0,4,AM7,X,10.3,7.7,9.2,31,213,5.0,7.0
2019,Audi,tt rs coupe,Subcompact,2.5,5,AM7,Z,12.0,8.3,10.3,27,241,5.0,3.0
2019,Audi,tts coupe,Subcompact,2.0,4,AM7,Z,10.4,8.2,9.4,30,220,5.0,3.0
2019,Bentley,bentayga,Sport utility vehicle: Standard,4.0,8,AS8,Z,16.4,10.1,13.6,21,315,3.0,3.0
2019,Bentley,mulsanne,Mid-size,6.8,8,AS8,Z,24.5,14.4,20.0,14,465,1.0,1.0
2019,BMW,230i xdrive cabriolet,Subcompact,2.0,4,AS8,Z,10.2,7.2,8.8,32,207,6.0,7.0
2019,BMW,230i coupe,Subcompact,2.0,4,AS8,Z,9.8,6.8,8.5,33,198,6.0,7.0
2019,BMW,230i coupe,Subcompact,2.0,4,M6,Z,11.1,7.3,9.4,30,219,5.0,7.0
2019,BMW,230i xdrive coupe,Subcompact,2.0,4,AS8,Z,9.9,7.1,8.6,33,202,6.0,7.0
2019,BMW,330i xdrive,Compact,2.0,4,AS8,Z,9.5,6.9,8.3,34,194,6.0,7.0
2019,BMW,330i xdrive gran turismo,Full-size,2.0,4,AS8,Z,10.2,7.2,8.8,32,207,6.0,7.0
2019,BMW,330i xdrive touring,Station wagon: Small,2.0,4,AS8,Z,10.2,7.2,8.8,32,207,6.0,7.0
2019,BMW,430i xdrive cabriolet,Subcompact,2.0,4,AS8,Z,10.6,7.3,9.1,31,213,5.0,7.0
2019,BMW,430i xdrive coupe,Compact,2.0,4,AS8,Z,10.2,7.2,8.8,32,207,6.0,7.0
2019,BMW,430i xdrive gran coupe,Compact,2.0,4,AS8,Z,10.2,7.2,8.8,32,207,6.0,7.0
2019,BMW,440i xdrive cabriolet,Subcompact,3.0,6,AS8,Z,11.8,7.9,10.0,28,235,5.0,3.0
2019,BMW,440i coupe,Compact,3.0,6,AS8,Z,11.2,7.3,9.4,30,227,5.0,3.0
2019,BMW,440i coupe,Compact,3.0,6,M6,Z,12.8,8.8,11.0,26,256,4.0,3.0
2019,BMW,440i xdrive coupe,Compact,3.0,6,AS8,Z,11.4,7.6,9.7,29,228,5.0,3.0
2019,BMW,440i xdrive coupe,Compact,3.0,6,M6,Z,13.0,8.5,11.0,26,256,4.0,3.0
2019,BMW,440i xdrive gran coupe,Compact,3.0,6,AS8,Z,11.4,7.6,9.7,29,228,5.0,3.0
2019,BMW,530i xdrive,Mid-size,2.0,4,AS8,Z,10.2,7.2,8.8,32,207,6.0,7.0
2019,BMW,540i xdrive,Mid-size,3.0,6,AS8,Z,11.2,8.1,9.8,29,231,5.0,5.0
2019,BMW,640i xdrive gran coupe,Compact,3.0,6,AS8,Z,12.3,8.4,10.5,27,248,4.0,3.0
2019,BMW,640i xdrive gran turismo,Full-size,3.0,6,AS8,Z,11.9,8.4,10.3,27,241,5.0,5.0
2019,BMW,650i xdrive gran coupe,Compact,4.4,8,AS8,Z,14.0,9.6,12.0,24,282,4.0,3.0
2019,BMW,750i xdrive,Full-size,4.4,8,AS8,Z,13.3,9.2,11.5,25,269,4.0,3.0
2019,BMW,750li xdrive,Full-size,4.4,8,AS8,Z,14.0,9.6,12.0,24,282,4.0,3.0
2019,BMW,alpina b6 xdrive gran coupe,Compact,4.4,8,AS8,Z,14.0,9.6,12.0,24,282,4.0,3.0
2019,BMW,alpina b7 xdrive,Full-size,4.4,8,AS8,Z,14.0,9.6,12.0,24,282,4.0,3.0
2019,BMW,m2 competition,Subcompact,3.0,6,AM7,Z,14.3,10.4,12.6,22,294,3.0,3.0
2019,BMW,m2 competition,Subcompact,3.0,6,M6,Z,13.4,9.6,11.7,24,273,4.0,3.0
2019,BMW,m240i cabriolet,Subcompact,3.0,6,AS8,Z,11.2,7.8,9.7,29,227,5.0,3.0
2019,BMW,m240i cabriolet,Subcompact,3.0,6,M6,Z,12.8,8.8,11.0,26,256,4.0,3.0
2019,BMW,m240i xdrive cabriolet,Subcompact,3.0,6,AS8,Z,11.3,8.0,9.8,29,229,5.0,3.0
2019,BMW,m240i coupe,Subcompact,3.0,6,AS8,Z,11.2,7.8,9.7,29,227,5.0,3.0
2019,BMW,m240i coupe,Subcompact,3.0,6,M6,Z,12.8,8.8,11.0,26,256,4.0,3.0
2019,BMW,m240i xdrive coupe,Subcompact,3.0,6,AS8,Z,11.3,8.0,9.8,29,229,5.0,3.0
2019,BMW,m240i coupe m performance,Subcompact,3.0,6,AS8,Z,11.2,7.8,9.7,29,227,5.0,3.0
2019,BMW,m240i coupe m performance,Subcompact,3.0,6,M6,Z,12.8,8.8,11.0,26,256,4.0,3.0
2019,BMW,m240i xdrive coupe m performance,Subcompact,3.0,6,AS8,Z,11.3,8.0,9.8,29,229,5.0,3.0
2019,BMW,m4 cabriolet,Subcompact,3.0,6,AM7,Z,14.5,10.5,12.7,22,299,3.0,3.0
2019,BMW,m4 cabriolet,Subcompact,3.0,6,M6,Z,13.8,9.4,11.9,24,280,4.0,3.0
2019,BMW,m4 cabriolet competition,Subcompact,3.0,6,AM7,Z,14.5,10.5,12.7,22,299,3.0,3.0
2019,BMW,m4 cabriolet competition,Subcompact,3.0,6,M6,Z,13.8,9.4,11.9,24,280,4.0,3.0
2019,BMW,m4 coupe,Compact,3.0,6,AM7,Z,14.3,10.4,12.6,22,294,3.0,3.0
2019,BMW,m4 coupe,Compact,3.0,6,M6,Z,13.4,9.6,11.7,24,273,4.0,3.0
2019,BMW,m4 coupe competition,Compact,3.0,6,AM7,Z,14.3,10.4,12.6,22,294,3.0,3.0
2019,BMW,m4 coupe competition,Compact,3.0,6,M6,Z,13.4,9.6,11.7,24,273,4.0,3.0
2019,BMW,m4 cs,Compact,3.0,6,AM7,Z,14.3,10.4,12.6,22,294,3.0,3.0
2019,BMW,m5,Mid-size,4.4,8,AS8,Z,16.0,11.2,13.9,20,324,3.0,3.0
2019,BMW,m5 competition,Mid-size,4.4,8,AS8,Z,16.0,11.2,13.9,20,324,3.0,3.0
2019,BMW,m550i xdrive,Mid-size,4.4,8,AS8,Z,13.3,9.2,11.5,25,269,4.0,3.0
2019,BMW,m6 gran coupe,Compact,4.4,8,AM7,Z,17.3,11.6,14.7,19,344,2.0,1.0
2019,BMW,m760li xdrive,Full-size,6.6,12,AS8,Z,17.7,11.9,15.1,19,355,2.0,3.0
2019,BMW,m850i xdrive cabriolet,Subcompact,4.4,8,AS8,Z,13.5,9.2,11.6,24,270,4.0,3.0
2019,BMW,m850i xdrive coupe,Subcompact,4.4,8,AS8,Z,13.3,9.2,11.5,25,269,4.0,3.0
2019,BMW,x1 xdrive28i,Sport utility vehicle: Small,2.0,4,AS8,Z,10.7,7.5,9.3,30,217,5.0,7.0
2019,BMW,x2 xdrive28i,Sport utility vehicle: Small,2.0,4,AS8,Z,11.0,7.7,9.5,30,222,5.0,7.0
2019,BMW,x2 m35i,Sport utility vehicle: Small,2.0,4,AS8,Z,10.3,8.0,9.3,30,217,5.0,3.0
2019,BMW,x3 xdrive30i,Sport utility vehicle: Small,2.0,4,AS8,Z,10.8,8.0,9.6,29,223,5.0,7.0
2019,BMW,x3 m40i,Sport utility vehicle: Small,3.0,6,AS8,Z,11.9,8.7,10.4,27,245,5.0,5.0
2019,BMW,x4 xdrive30i,Sport utility vehicle: Small,2.0,4,AS8,Z,10.8,8.0,9.6,29,223,5.0,7.0
2019,BMW,x4 m40i,Sport utility vehicle: Small,3.0,6,AS8,Z,11.9,8.7,10.4,27,245,5.0,5.0
2019,BMW,x5 xdrive40i,Sport utility vehicle: Standard,3.0,6,AS8,Z,11.7,9.1,10.5,27,245,5.0,3.0
2019,BMW,x5 xdrive50i,Sport utility vehicle: Standard,4.4,8,AS8,Z,15.3,11.1,13.4,21,314,3.0,3.0
2019,BMW,x6 xdrive35i,Sport utility vehicle: Standard,3.0,6,AS8,Z,13.0,9.9,11.6,24,272,4.0,3.0
2019,BMW,x6 xdrive50i,Sport utility vehicle: Standard,4.4,8,AS8,Z,14.3,10.6,12.6,22,294,3.0,3.0
2019,BMW,x6 m,Sport utility vehicle: Standard,4.4,8,AS8,Z,16.6,12.1,14.6,19,341,2.0,3.0
2019,BMW,x7 xdrive40i,Sport utility vehicle: Standard,3.0,6,AS8,Z,12.0,9.4,10.8,26,254,4.0,3.0
2019,BMW,x7 xdrive50i,Sport utility vehicle: Standard,4.4,8,AS8,Z,14.3,10.6,12.6,22,294,3.0,3.0
2019,BMW,z4 sdrive30i,Two-seater,2.0,4,AS8,Z,9.4,7.4,8.5,33,199,6.0,7.0
2019,Bugatti,chiron,Two-seater,8.0,16,AM7,Z,26.8,16.6,22.2,13,522,1.0,1.0
2019,Buick,enclave,Sport utility vehicle: Standard,3.6,6,A9,X,13.0,9.1,11.2,25,263,4.0,6.0
2019,Buick,enclave awd,Sport utility vehicle: Standard,3.6,6,A9,X,13.8,9.5,11.9,24,278,4.0,6.0
2019,Buick,encore,Sport utility vehicle: Small,1.4,4,AS6,X,9.4,7.8,8.7,32,204,6.0,5.0
2019,Buick,encore (sidi with stop/start),Sport utility vehicle: Small,1.4,4,AS6,X,8.9,7.5,8.3,34,194,6.0,3.0
2019,Buick,encore awd,Sport utility vehicle: Small,1.4,4,AS6,X,9.9,8.1,9.1,31,214,5.0,5.0
2019,Buick,encore awd (sidi with stop/start),Sport utility vehicle: Small,1.4,4,AS6,X,9.4,7.9,8.8,32,205,6.0,3.0
2019,Buick,envision awd,Sport utility vehicle: Small,2.0,4,A9,Z,11.7,9.4,10.7,26,249,4.0,5.0
2019,Buick,envision awd,Sport utility vehicle: Small,2.5,4,A6,X,11.1,8.6,10.0,28,234,5.0,5.0
2019,Buick,lacrosse eassist,Mid-size,2.5,4,AS6,X,9.4,6.8,8.2,34,192,6.0,5.0
2019,Buick,lacrosse,Mid-size,3.6,6,AS9,X,11.7,7.8,9.9,29,233,5.0,5.0
2019,Buick,lacrosse awd,Mid-size,3.6,6,AS9,X,11.7,8.2,10.1,28,238,5.0,5.0
2019,Buick,regal,Mid-size,2.0,4,AS9,Z,10.6,7.4,9.1,31,214,5.0,5.0
2019,Buick,regal awd,Mid-size,2.0,4,AS8,Z,11.0,8.0,9.6,29,227,5.0,5.0
2019,Buick,regal awd,Mid-size,3.6,6,AS9,X,12.4,8.7,10.7,26,251,4.0,5.0
2019,Cadillac,ct6 awd,Full-size,3.0,6,AS10,Z,13.1,9.1,11.3,25,267,4.0,3.0
2019,Cadillac,ct6 awd,Full-size,3.6,6,AS10,X,13.0,8.8,11.1,25,261,4.0,5.0
2019,Cadillac,ct6 awd,Full-size,4.2,8,AS10,Z,17.3,9.5,13.8,20,324,3.0,3.0
2019,Cadillac,cts,Mid-size,2.0,4,AS8,Z,11.0,7.8,9.5,30,222,5.0,5.0
2019,Cadillac,cts,Mid-size,3.6,6,AS8,X,12.3,8.2,10.5,27,246,4.0,5.0
2019,Cadillac,cts awd,Mid-size,2.0,4,AS8,Z,11.4,8.1,9.9,29,232,5.0,5.0
2019,Cadillac,cts awd,Mid-size,3.6,6,AS8,X,13.3,9.2,11.5,25,269,4.0,5.0
2019,Cadillac,cts vsport,Mid-size,3.6,6,AS8,Z,15.0,9.9,12.7,22,298,3.0,3.0
2019,Cadillac,cts-v,Mid-size,6.2,8,AS8,Z,17.1,11.0,14.3,20,337,2.0,1.0
2019,Cadillac,escalade 4wd,Sport utility vehicle: Standard,6.2,8,A10,Z,16.6,10.9,14.0,20,328,3.0,3.0
2019,Cadillac,xt4,Sport utility vehicle: Small,2.0,4,AS9,Z,9.8,7.8,8.9,32,209,5.0,6.0
2019,Cadillac,xt4 awd,Sport utility vehicle: Small,2.0,4,AS9,Z,10.9,8.2,9.7,29,227,5.0,6.0
2019,Cadillac,xt5,Sport utility vehicle: Small,3.6,6,AS8,X,12.1,8.9,10.6,27,250,4.0,6.0
2019,Cadillac,xt5 awd,Sport utility vehicle: Small,3.6,6,AS8,X,12.8,9.3,11.2,25,263,4.0,6.0
2019,Cadillac,xts,Full-size,3.6,6,AS6,X,12.9,8.7,11.0,26,259,4.0,5.0
2019,Cadillac,xts awd,Full-size,3.6,6,AS6,X,13.7,9.0,11.6,24,272,4.0,5.0
2019,Cadillac,xts vsport awd,Full-size,3.6,6,AS6,Z,15.0,10.1,12.8,22,302,3.0,3.0
2019,Chevrolet,blazer,Sport utility vehicle: Small,2.5,4,A9,X,10.8,8.8,9.9,29,232,5.0,5.0
2019,Chevrolet,blazer,Sport utility vehicle: Small,3.6,6,A9,X,12.0,9.0,10.6,27,250,4.0,6.0
2019,Chevrolet,blazer awd,Sport utility vehicle: Small,3.6,6,A9,X,12.7,9.5,11.3,25,265,4.0,6.0
2019,Chevrolet,camaro,Subcompact,2.0,4,AS8,Z,10.8,7.7,9.4,30,220,5.0,5.0
2019,Chevrolet,camaro,Subcompact,2.0,4,M6,Z,11.9,7.9,10.1,28,235,5.0,5.0
2019,Chevrolet,camaro,Subcompact,3.6,6,AS8,X,12.3,8.2,10.4,27,246,5.0,5.0
2019,Chevrolet,camaro,Subcompact,3.6,6,M6,X,14.3,8.8,11.8,24,277,4.0,5.0
2019,Chevrolet,camaro ss,Subcompact,6.2,8,AS10,Z,14.5,8.8,12.0,24,279,4.0,1.0
2019,Chevrolet,camaro ss,Subcompact,6.2,8,M6,Z,14.9,9.9,12.6,22,297,3.0,1.0
2019,Chevrolet,camaro zl1,Subcompact,6.2,8,AS10,Z,18.3,11.2,15.1,19,355,2.0,1.0
2019,Chevrolet,camaro zl1,Subcompact,6.2,8,M6,Z,17.2,12.0,14.9,19,349,2.0,1.0
2019,Chevrolet,colorado,Pickup truck: Small,2.5,4,A6,X,12.1,9.2,10.8,26,253,4.0,5.0
2019,Chevrolet,colorado,Pickup truck: Small,2.5,4,M6,X,11.9,9.2,10.7,26,251,4.0,5.0
2019,Chevrolet,colorado,Pickup truck: Small,2.8,4,A6,D,11.8,7.9,10.1,28,270,4.0,3.0
2019,Chevrolet,colorado,Pickup truck: Small,3.6,6,A8,X,13.4,9.6,11.7,24,274,4.0,5.0
2019,Chevrolet,colorado 4wd,Pickup truck: Small,2.5,4,A6,X,12.7,9.8,11.4,25,267,4.0,5.0
2019,Chevrolet,colorado 4wd,Pickup truck: Small,2.8,4,A6,D,12.2,8.4,10.5,27,283,4.0,3.0
2019,Chevrolet,colorado 4wd,Pickup truck: Small,3.6,6,A8,X,14.0,9.9,12.2,23,286,3.0,5.0
2019,Chevrolet,colorado zr2 4wd,Pickup truck: Small,2.8,4,A6,D,13.3,10.6,12.1,23,326,3.0,3.0
2019,Chevrolet,colorado zr2 4wd,Pickup truck: Small,3.6,6,A8,X,15.0,13.0,14.1,20,331,3.0,5.0
2019,Chevrolet,corvette,Two-seater,6.2,8,AS8,Z,15.6,9.2,12.7,22,299,3.0,1.0
2019,Chevrolet,corvette,Two-seater,6.2,8,M7,Z,14.6,9.3,12.2,23,286,3.0,1.0
2019,Chevrolet,corvette z06,Two-seater,6.2,8,AS8,Z,17.2,10.1,14.0,20,331,3.0,1.0
2019,Chevrolet,corvette z06,Two-seater,6.2,8,M7,Z,15.9,10.6,13.5,21,318,3.0,1.0
2019,Chevrolet,corvette zr1,Two-seater,6.2,8,AS8,Z,19.5,12.0,16.1,18,381,2.0,1.0
2019,Chevrolet,corvette zr1,Two-seater,6.2,8,M7,Z,18.2,12.5,15.6,18,368,2.0,1.0
2019,Chevrolet,cruze,Compact,1.4,4,AS6,X,8.3,6.2,7.3,39,172,7.0,6.0
2019,Chevrolet,cruze premier,Compact,1.4,4,AS6,X,8.3,6.2,7.3,39,172,7.0,6.0
2019,Chevrolet,cruze diesel,Compact,1.6,4,A9,D,7.6,4.9,6.4,44,172,7.0,3.0
2019,Chevrolet,cruze hatchback,Mid-size,1.4,4,AS6,X,8.3,6.2,7.3,39,172,7.0,6.0
2019,Chevrolet,cruze hatchback premier,Mid-size,1.4,4,AS6,X,8.5,6.4,7.5,38,175,7.0,6.0
2019,Chevrolet,cruze hatchback diesel,Mid-size,1.6,4,A9,D,7.8,5.2,6.6,43,178,7.0,3.0
2019,Chevrolet,equinox,Sport utility vehicle: Small,1.5,4,A6,X,9.2,7.3,8.3,34,196,6.0,5.0
2019,Chevrolet,equinox,Sport utility vehicle: Small,1.6,4,A6,D,8.5,6.0,7.4,38,199,6.0,3.0
2019,Chevrolet,equinox awd,Sport utility vehicle: Small,1.5,4,A6,X,9.3,7.8,8.6,33,207,6.0,5.0
2019,Chevrolet,equinox awd,Sport utility vehicle: Small,1.6,4,A6,D,8.5,6.1,7.4,38,199,6.0,3.0
2019,Chevrolet,equinox awd,Sport utility vehicle: Small,2.0,4,A9,Z,10.9,8.3,9.7,29,228,5.0,5.0
2019,Chevrolet,impala,Full-size,2.5,4,AS6,X,10.8,8.0,9.6,29,225,5.0,3.0
2019,Chevrolet,impala,Full-size,3.6,6,AS6,X,12.7,8.5,10.8,26,254,4.0,5.0
2019,Chevrolet,impala,Full-size,3.6,6,AS6,E,17.2,11.6,14.6,19,245,5.0,5.0
2019,Chevrolet,malibu,Mid-size,1.5,4,AV,X,8.2,6.6,7.5,38,174,7.0,6.0
2019,Chevrolet,malibu,Mid-size,2.0,4,A9,Z,10.5,7.4,9.1,31,214,5.0,5.0
2019,Chevrolet,malibu hybrid,Mid-size,1.8,4,AV,X,4.8,5.5,5.1,55,121,10.0,5.0
2019,Chevrolet,silverado,Pickup truck: Standard,2.7,4,A8,X,11.9,10.3,11.1,25,261,4.0,6.0
2019,Chevrolet,silverado,Pickup truck: Standard,4.3,6,A6,X,15.1,11.5,13.5,21,316,3.0,6.0
2019,Chevrolet,silverado,Pickup truck: Standard,5.3,8,A6,X,15.9,11.4,13.9,20,326,3.0,5.0
2019,Chevrolet,silverado ffv,Pickup truck: Standard,5.3,8,A6,X,15.7,11.9,14.0,20,329,3.0,3.0
2019,Chevrolet,silverado ffv,Pickup truck: Standard,5.3,8,A6,E,21.1,15.0,18.4,15,306,3.0,3.0
2019,Chevrolet,silverado,Pickup truck: Standard,5.3,8,A8,X,14.1,10.2,12.4,23,290,3.0,5.0
2019,Chevrolet,silverado 4wd,Pickup truck: Standard,2.7,4,A8,X,12.5,10.8,11.7,24,275,4.0,6.0
2019,Chevrolet,silverado 4wd,Pickup truck: Standard,4.3,6,A6,X,15.8,11.9,14.0,20,329,3.0,6.0
2019,Chevrolet,silverado 4wd trail boss,Pickup truck: Standard,4.3,6,A6,X,16.3,12.9,14.8,19,347,2.0,6.0
2019,Chevrolet,silverado 4wd,Pickup truck: Standard,5.3,8,A6,X,15.9,11.7,14.0,20,329,3.0,5.0
2019,Chevrolet,silverado 4wd ffv,Pickup truck: Standard,5.3,8,A6,X,16.1,12.5,14.4,20,339,2.0,3.0
2019,Chevrolet,silverado 4wd ffv,Pickup truck: Standard,5.3,8,A6,E,22.0,16.1,19.3,15,322,3.0,3.0
2019,Chevrolet,silverado 4wd trail boss,Pickup truck: Standard,5.3,8,A6,X,16.5,13.0,14.9,19,350,2.0,5.0
2019,Chevrolet,silverado 4wd,Pickup truck: Standard,5.3,8,A8,X,14.9,10.8,13.1,22,306,3.0,5.0
2019,Chevrolet,silverado 4wd trail boss,Pickup truck: Standard,5.3,8,A8,X,15.3,11.8,13.7,21,320,3.0,5.0
2019,Chevrolet,silverado 4wd,Pickup truck: Standard,6.2,8,A10,Z,15.0,12.0,13.7,21,321,3.0,3.0
2019,Chevrolet,silverado ld,Pickup truck: Standard,5.3,8,A6,X,15.6,10.9,13.5,21,317,3.0,3.0
2019,Chevrolet,silverado ld 4wd,Pickup truck: Standard,5.3,8,A6,X,15.8,11.4,13.8,20,325,3.0,3.0
2019,Chevrolet,spark,Subcompact,1.4,4,AV,X,7.9,6.2,7.1,40,167,8.0,5.0
2019,Chevrolet,spark,Subcompact,1.4,4,M5,X,8.0,6.2,7.2,39,170,8.0,5.0
2019,Chevrolet,suburban,Sport utility vehicle: Standard,5.3,8,A6,X,15.7,10.5,13.4,21,314,3.0,3.0
2019,Chevrolet,suburban ffv,Sport utility vehicle: Standard,5.3,8,A6,X,15.7,10.5,13.4,21,314,3.0,3.0
2019,Chevrolet,suburban ffv,Sport utility vehicle: Standard,5.3,8,A6,E,21.2,13.9,17.9,16,298,3.0,3.0
2019,Chevrolet,suburban 4wd,Sport utility vehicle: Standard,5.3,8,A6,X,16.8,11.3,14.3,20,336,2.0,3.0
2019,Chevrolet,suburban 4wd ffv,Sport utility vehicle: Standard,5.3,8,A6,X,16.8,11.3,14.3,20,336,2.0,3.0
2019,Chevrolet,suburban 4wd ffv,Sport utility vehicle: Standard,5.3,8,A6,E,22.2,15.2,19.0,15,317,3.0,3.0
2019,Chevrolet,suburban 4wd,Sport utility vehicle: Standard,6.2,8,A10,Z,17.1,11.3,14.5,19,340,2.0,3.0
2019,Chevrolet,tahoe,Sport utility vehicle: Standard,5.3,8,A6,X,15.7,10.5,13.4,21,314,3.0,3.0
2019,Chevrolet,tahoe ffv,Sport utility vehicle: Standard,5.3,8,A6,X,15.7,10.5,13.4,21,314,3.0,3.0
2019,Chevrolet,tahoe ffv,Sport utility vehicle: Standard,5.3,8,A6,E,21.2,13.9,17.9,16,298,3.0,3.0
2019,Chevrolet,tahoe 4wd,Sport utility vehicle: Standard,5.3,8,A6,X,15.8,11.1,13.7,21,321,3.0,3.0
2019,Chevrolet,tahoe 4wd ffv,Sport utility vehicle: Standard,5.3,8,A6,X,15.8,11.1,13.7,21,321,3.0,3.0
2019,Chevrolet,tahoe 4wd ffv,Sport utility vehicle: Standard,5.3,8,A6,E,21.7,14.3,18.4,15,305,3.0,3.0
2019,Chevrolet,tahoe 4wd,Sport utility vehicle: Standard,6.2,8,A10,Z,16.4,10.7,13.8,20,325,3.0,3.0
2019,Chevrolet,traverse,Sport utility vehicle: Standard,3.6,6,A9,X,13.0,8.8,11.1,25,261,4.0,6.0
2019,Chevrolet,traverse awd,Sport utility vehicle: Standard,3.6,6,A9,X,13.7,9.5,11.8,24,277,4.0,6.0
2019,Chevrolet,trax,Sport utility vehicle: Small,1.4,4,AS6,X,9.1,7.6,8.4,34,196,6.0,5.0
2019,Chevrolet,trax,Sport utility vehicle: Small,1.4,4,M6,X,9.4,6.9,8.3,34,194,6.0,5.0
2019,Chevrolet,trax 4wd,Sport utility vehicle: Small,1.4,4,AS6,X,9.9,8.1,9.1,31,214,5.0,5.0
2019,Chrysler,300,Full-size,3.6,6,A8,X,12.4,7.8,10.3,27,242,5.0,3.0
2019,Chrysler,300 ffv,Full-size,3.6,6,A8,X,12.4,7.8,10.3,27,242,5.0,3.0
2019,Chrysler,300 ffv,Full-size,3.6,6,A8,E,17.1,10.6,14.2,20,234,5.0,3.0
2019,Chrysler,300,Full-size,5.7,8,A8,X,14.7,9.4,12.3,23,289,3.0,3.0
2019,Chrysler,300 awd,Full-size,3.6,6,A8,X,12.8,8.7,11.0,26,258,4.0,3.0
2019,Chrysler,300 awd ffv,Full-size,3.6,6,A8,X,12.8,8.7,11.0,26,258,4.0,3.0
2019,Chrysler,300 awd ffv,Full-size,3.6,6,A8,E,17.6,12.0,15.0,19,248,4.0,3.0
2019,Chrysler,pacifica,Minivan,3.6,6,A9,X,12.9,8.4,10.9,26,259,4.0,7.0
2019,Chrysler,pacifica (stop-start),Minivan,3.6,6,A9,X,12.4,8.4,10.6,27,249,4.0,7.0
2019,Dodge,challenger,Mid-size,3.6,6,A8,X,12.4,7.8,10.3,27,242,5.0,3.0
2019,Dodge,challenger (mds),Mid-size,5.7,8,A8,X,14.7,9.4,12.3,23,289,3.0,3.0
2019,Dodge,challenger,Mid-size,5.7,8,M6,Z,15.6,10.1,13.1,22,307,3.0,1.0
2019,Dodge,challenger,Mid-size,6.4,8,M6,Z,16.7,10.4,13.9,20,325,3.0,1.0
2019,Dodge,challenger (mds),Mid-size,6.4,8,A8,Z,15.8,9.6,13.0,22,304,3.0,1.0
2019,Dodge,challenger gt awd,Mid-size,3.6,6,A8,X,12.8,8.7,11.0,26,258,4.0,3.0
2019,Dodge,challenger srt hellcat,Mid-size,6.2,8,A8,Z,17.6,10.7,14.5,19,339,2.0,1.0
2019,Dodge,challenger srt hellcat,Mid-size,6.2,8,M6,Z,18.1,11.4,15.1,19,352,2.0,1.0
2019,Dodge,challenger srt hellcat redeye,Mid-size,6.2,8,A8,Z,17.6,10.7,14.5,19,339,2.0,1.0
2019,Dodge,charger,Full-size,3.6,6,A5,X,13.7,9.0,11.6,24,271,4.0,3.0
2019,Dodge,charger ffv,Full-size,3.6,6,A5,X,13.7,9.0,11.6,24,271,4.0,3.0
2019,Dodge,charger ffv,Full-size,3.6,6,A5,E,18.9,12.7,16.1,18,268,4.0,3.0
2019,Dodge,charger,Full-size,3.6,6,A8,X,12.4,7.8,10.3,27,242,5.0,3.0
2019,Dodge,charger ffv,Full-size,3.6,6,A8,X,12.4,7.8,10.3,27,242,5.0,3.0
2019,Dodge,charger ffv,Full-size,3.6,6,A8,E,17.1,10.6,14.2,20,234,5.0,3.0
2019,Dodge,charger (mds),Full-size,5.7,8,A5,X,15.6,9.7,12.9,22,302,3.0,3.0
2019,Dodge,charger (mds),Full-size,5.7,8,A8,X,14.7,9.4,12.3,23,289,3.0,3.0
2019,Dodge,charger (mds),Full-size,6.4,8,A8,Z,15.8,9.6,13.0,22,304,3.0,1.0
2019,Dodge,charger awd,Full-size,3.6,6,A8,X,12.8,8.7,11.0,26,258,4.0,3.0
2019,Dodge,charger awd ffv,Full-size,3.6,6,A8,X,12.8,8.7,11.0,26,258,4.0,3.0
2019,Dodge,charger awd ffv,Full-size,3.6,6,A8,E,17.6,12.0,15.0,19,248,4.0,3.0
2019,Dodge,charger awd (mds),Full-size,5.7,8,A5,X,16.0,10.1,13.3,21,312,3.0,3.0
2019,Dodge,charger srt hellcat,Full-size,6.2,8,A8,Z,17.6,10.7,14.5,19,339,2.0,1.0
2019,Dodge,durango awd,Sport utility vehicle: Standard,3.6,6,A8,X,12.7,9.6,11.3,25,265,4.0,5.0
2019,Dodge,durango awd,Sport utility vehicle: Standard,5.7,8,A8,X,16.7,10.9,14.1,20,331,3.0,3.0
2019,Dodge,durango awd srt,Sport utility vehicle: Standard,6.4,8,A8,Z,18.3,12.2,15.6,18,363,2.0,1.0
2019,Dodge,grand caravan ffv,Minivan,3.6,6,A6,X,13.7,9.4,11.8,24,276,4.0,3.0
2019,Dodge,grand caravan ffv,Minivan,3.6,6,A6,E,19.4,13.3,16.7,17,274,4.0,3.0
2019,Dodge,journey,Sport utility vehicle: Small,2.4,4,A4,X,12.7,9.2,11.1,25,261,4.0,3.0
2019,Dodge,journey ffv,Sport utility vehicle: Small,3.6,6,A6,X,14.2,9.5,12.1,23,284,4.0,3.0
2019,Dodge,journey ffv,Sport utility vehicle: Small,3.6,6,A6,E,19.1,13.2,16.4,17,274,4.0,3.0
2019,Dodge,journey awd,Sport utility vehicle: Small,3.6,6,A6,X,14.5,10.0,12.4,23,292,3.0,3.0
2019,FIAT,124 spider,Two-seater,1.4,4,A6,X,9.3,6.5,8.0,35,187,6.0,3.0
2019,FIAT,124 spider,Two-seater,1.4,4,M6,X,9.0,6.7,7.9,36,185,7.0,3.0
2019,FIAT,500,Minicompact,1.4,4,A6,X,9.7,7.4,8.7,32,203,6.0,3.0
2019,FIAT,500,Minicompact,1.4,4,M5,X,8.5,7.1,7.9,36,186,7.0,3.0
2019,FIAT,500l,Station wagon: Small,1.4,4,A6,X,10.7,7.9,9.4,30,221,5.0,3.0
2019,FIAT,500x awd,Sport utility vehicle: Small,1.3,4,A9,X,10.0,7.9,9.1,31,213,5.0,6.0
2019,Ford,ecosport,Sport utility vehicle: Small,1.0,3,AS6,X,8.6,8.1,8.4,34,196,6.0,5.0
2019,Ford,ecosport awd,Sport utility vehicle: Small,2.0,4,AS6,X,10.2,8.0,9.3,30,218,5.0,5.0
2019,Ford,edge,Sport utility vehicle: Small,2.0,4,AS8,X,10.9,8.0,9.6,29,224,5.0,5.0
2019,Ford,edge awd,Sport utility vehicle: Small,2.0,4,AS8,X,11.4,8.3,10.0,28,233,5.0,5.0
2019,Ford,edge awd,Sport utility vehicle: Small,2.7,6,AS8,X,12.6,9.2,11.0,26,259,4.0,5.0
2019,Ford,escape,Sport utility vehicle: Small,1.5,4,AS6,X,10.2,7.8,9.1,31,214,5.0,7.0
2019,Ford,escape ffv,Sport utility vehicle: Small,2.5,4,AS6,X,11.0,8.0,9.6,29,226,5.0,3.0
2019,Ford,escape ffv,Sport utility vehicle: Small,2.5,4,AS6,E,15.0,10.8,13.1,22,218,5.0,3.0
2019,Ford,escape awd,Sport utility vehicle: Small,1.5,4,AS6,X,11.2,8.4,9.9,29,232,5.0,7.0
2019,Ford,escape awd,Sport utility vehicle: Small,2.0,4,AS6,X,11.5,8.7,10.2,28,239,5.0,5.0
2019,Ford,expedition 4x4,Sport utility vehicle: Standard,3.5,6,AS10,X,14.1,10.6,12.5,23,293,3.0,5.0
2019,Ford,expedition max 4x4,Sport utility vehicle: Standard,3.5,6,AS10,X,14.7,11.2,13.1,22,307,3.0,5.0
2019,Ford,explorer awd,Sport utility vehicle: Standard,2.3,4,AS6,X,13.1,9.2,11.4,25,267,4.0,3.0
2019,Ford,explorer awd,Sport utility vehicle: Standard,3.5,6,AS6,X,15.2,10.9,13.2,21,311,3.0,3.0
2019,Ford,explorer ffv awd,Sport utility vehicle: Standard,3.5,6,AS6,X,14.5,10.6,12.7,22,299,3.0,3.0
2019,Ford,explorer ffv awd,Sport utility vehicle: Standard,3.5,6,AS6,E,19.8,14.3,17.3,16,288,3.0,3.0
2019,Ford,f-150,Pickup truck: Standard,2.7,6,AS10,X,12.0,9.0,10.6,27,249,4.0,5.0
2019,Ford,f-150 (lt tire pkg),Pickup truck: Standard,2.7,6,AS10,X,12.4,9.4,11.1,25,260,4.0,5.0
2019,Ford,f-150 (payload pkg),Pickup truck: Standard,2.7,6,AS10,X,12.4,9.4,11.1,25,260,4.0,5.0
2019,Ford,f-150,Pickup truck: Standard,3.0,6,AS10,D,10.8,8.0,9.5,30,256,4.0,1.0
2019,Ford,f-150 (lt tire pkg),Pickup truck: Standard,3.0,6,AS10,D,10.8,8.4,9.7,29,260,4.0,1.0
2019,Ford,f-150 ffv,Pickup truck: Standard,3.3,6,AS6,X,12.2,9.3,10.9,26,256,4.0,5.0
2019,Ford,f-150 ffv,Pickup truck: Standard,3.3,6,AS6,E,16.7,12.6,14.9,19,247,4.0,5.0
2019,Ford,f-150 ffv (lt tire pkg),Pickup truck: Standard,3.3,6,AS6,X,12.4,9.8,11.2,25,263,4.0,5.0
2019,Ford,f-150 ffv (lt tire pkg),Pickup truck: Standard,3.3,6,AS6,E,16.7,12.6,14.9,19,247,4.0,5.0
2019,Ford,f-150,Pickup truck: Standard,3.5,6,AS10,X,13.5,10.1,12.0,24,281,4.0,5.0
2019,Ford,f-150 (lt tire pkg),Pickup truck: Standard,3.5,6,AS10,X,13.8,10.7,12.4,23,291,3.0,5.0
2019,Ford,f-150 (payload pkg),Pickup truck: Standard,3.5,6,AS10,X,13.9,11.2,12.7,22,298,3.0,5.0
2019,Ford,f-150 ffv,Pickup truck: Standard,5.0,8,AS10,X,13.9,10.2,12.2,23,287,3.0,3.0
2019,Ford,f-150 ffv,Pickup truck: Standard,5.0,8,AS10,E,20.3,14.0,17.4,16,290,3.0,3.0
2019,Ford,f-150 ffv (lt tire pkg),Pickup truck: Standard,5.0,8,AS10,X,14.7,11.2,13.1,22,308,3.0,3.0
2019,Ford,f-150 ffv (lt tire pkg),Pickup truck: Standard,5.0,8,AS10,E,20.3,14.0,17.5,16,290,3.0,3.0
2019,Ford,f-150 ffv (payload pkg),Pickup truck: Standard,5.0,8,AS10,X,15.6,11.8,13.9,20,326,3.0,3.0
2019,Ford,f-150 ffv (payload pkg),Pickup truck: Standard,5.0,8,AS10,E,20.4,14.0,17.5,16,291,3.0,3.0
2019,Ford,f-150 4x4,Pickup truck: Standard,2.7,6,AS10,X,12.7,9.8,11.4,25,268,4.0,5.0
2019,Ford,f-150 4x4 (lt tire pkg),Pickup truck: Standard,2.7,6,AS10,X,13.1,10.2,11.8,24,277,4.0,5.0
2019,Ford,f-150 4x4 (payload pkg),Pickup truck: Standard,2.7,6,AS10,X,13.1,10.2,11.8,24,277,4.0,5.0
2019,Ford,f-150 4x4,Pickup truck: Standard,3.0,6,AS10,D,11.8,9.3,10.7,26,287,3.0,1.0
2019,Ford,f-150 4x4 (lt tire pkg),Pickup truck: Standard,3.0,6,AS10,D,11.8,9.3,10.7,26,287,3.0,1.0
2019,Ford,f-150 4x4 xl/xlt,Pickup truck: Standard,3.0,6,AS10,D,11.2,8.3,9.9,29,266,4.0,1.0
2019,Ford,f-150 ffv 4x4,Pickup truck: Standard,3.3,6,AS6,X,12.8,10.2,11.6,24,273,4.0,5.0
2019,Ford,f-150 ffv 4x4,Pickup truck: Standard,3.3,6,AS6,E,17.5,13.8,15.8,18,263,4.0,5.0
2019,Ford,f-150 ffv 4x4 (lt tire pkg),Pickup truck: Standard,3.3,6,AS6,X,13.8,10.7,12.4,23,291,3.0,5.0
2019,Ford,f-150 ffv 4x4 (lt tire pkg),Pickup truck: Standard,3.3,6,AS6,E,17.5,13.7,15.8,18,263,4.0,5.0
2019,Ford,f-150 4x4,Pickup truck: Standard,3.5,6,AS10,X,14.3,10.5,12.5,23,295,3.0,5.0
2019,Ford,f-150 4x4 (lt tire pkg),Pickup truck: Standard,3.5,6,AS10,X,14.7,10.7,12.9,22,303,3.0,5.0
2019,Ford,f-150 4x4 (payload pkg),Pickup truck: Standard,3.5,6,AS10,X,14.7,11.2,13.1,22,308,3.0,5.0
2019,Ford,f-150 4x4 limited,Pickup truck: Standard,3.5,6,AS10,X,13.8,11.2,12.6,22,296,3.0,5.0
2019,Ford,f-150 ffv 4x4,Pickup truck: Standard,5.0,8,AS10,X,15.1,11.0,13.3,21,312,3.0,3.0
2019,Ford,f-150 ffv 4x4,Pickup truck: Standard,5.0,8,AS10,E,20.0,15.6,18.0,16,300,3.0,3.0
2019,Ford,f-150 ffv 4x4 (lt tire pkg),Pickup truck: Standard,5.0,8,AS10,X,15.7,11.8,13.9,20,326,3.0,3.0
2019,Ford,f-150 ffv 4x4 (lt tire pkg),Pickup truck: Standard,5.0,8,AS10,E,20.0,15.6,18.0,16,300,3.0,3.0
2019,Ford,f-150 ffv 4x4 (payload pkg),Pickup truck: Standard,5.0,8,AS10,X,16.8,12.4,14.8,19,347,2.0,3.0
2019,Ford,f-150 ffv 4x4 (payload pkg),Pickup truck: Standard,5.0,8,AS10,E,21.3,17.2,19.5,14,323,3.0,3.0
2019,Ford,f-150 raptor 4x4,Pickup truck: Standard,3.5,6,AS10,X,15.3,13.1,14.3,20,336,2.0,5.0
2019,Ford,flex,Sport utility vehicle: Standard,3.5,6,AS6,X,14.7,10.2,12.7,22,298,3.0,3.0
2019,Ford,flex awd,Sport utility vehicle: Standard,3.5,6,AS6,X,14.7,10.7,12.9,22,303,3.0,3.0
2019,Ford,flex awd gtdi,Sport utility vehicle: Standard,3.5,6,AS6,X,15.7,11.2,13.7,21,322,3.0,3.0
2019,Ford,fiesta,Subcompact,1.6,4,AM6,X,8.6,6.4,7.6,37,178,7.0,3.0
2019,Ford,fiesta,Subcompact,1.6,4,M5,X,8.8,6.8,7.9,36,184,7.0,3.0
2019,Ford,fiesta st,Subcompact,1.6,4,M6,X,9.2,7.4,8.4,34,196,6.0,3.0
2019,Ford,fusion,Mid-size,1.5,4,AS6,X,10.0,7.0,8.7,32,204,6.0,7.0
2019,Ford,fusion hybrid,Mid-size,2.0,4,AV,X,5.5,5.6,5.6,50,131,9.0,7.0
2019,Ford,gt,Two-seater,3.5,6,AM7,Z,20.4,13.1,17.1,17,402,1.0,3.0
2019,Ford,mustang,Subcompact,2.3,4,AS10,X,11.2,7.3,9.4,30,221,5.0,5.0
2019,Ford,mustang (performance pkg),Subcompact,2.3,4,AS10,X,11.8,8.4,10.3,27,242,5.0,5.0
2019,Ford,mustang,Subcompact,2.3,4,M6,X,11.2,7.9,9.7,29,227,5.0,5.0
2019,Ford,mustang (performance pkg),Subcompact,2.3,4,M6,X,11.8,8.7,10.4,27,244,5.0,5.0
2019,Ford,mustang,Subcompact,5.0,8,AS10,X,15.0,9.1,12.3,23,289,3.0,3.0
2019,Ford,mustang,Subcompact,5.0,8,M6,X,16.1,9.9,13.3,21,311,3.0,3.0
2019,Ford,mustang bullitt,Subcompact,5.0,8,M6,X,16.1,9.9,13.3,21,311,3.0,3.0
2019,Ford,mustang convertible,Subcompact,2.3,4,AS10,X,11.9,8.4,10.4,27,243,5.0,5.0
2019,Ford,mustang convertible,Subcompact,2.3,4,M6,X,11.8,8.4,10.3,27,241,5.0,5.0
2019,Ford,mustang convertible,Subcompact,5.0,8,AS10,X,15.4,9.7,12.9,22,302,3.0,3.0
2019,Ford,ranger 4wd,Pickup truck: Standard,2.3,4,AS10,X,11.8,9.8,10.9,26,256,4.0,3.0
2019,Ford,shelby gt350 mustang,Subcompact,5.2,8,M6,Z,17.2,11.3,14.6,19,341,2.0,3.0
2019,Ford,t-150 wagon,Van: Passenger,3.5,6,AS6,X,16.2,12.8,14.7,19,346,2.0,1.0
2019,Ford,t-150 wagon,Van: Passenger,3.7,6,AS6,X,16.9,13.1,15.2,19,355,2.0,1.0
2019,Ford,taurus ffv,Full-size,3.5,6,AS6,X,13.5,9.0,11.5,25,270,4.0,3.0
2019,Ford,taurus ffv,Full-size,3.5,6,AS6,E,17.8,12.1,15.2,19,254,4.0,3.0
2019,Ford,taurus awd,Full-size,3.5,6,AS6,X,14.6,10.0,12.5,23,294,3.0,3.0
2019,Ford,taurus ffv awd,Full-size,3.5,6,AS6,X,14.0,9.9,12.4,23,291,3.0,3.0
2019,Ford,taurus ffv awd,Full-size,3.5,6,AS6,E,18.5,13.0,16.0,18,267,4.0,3.0
2019,Ford,transit connect van,Special purpose vehicle,2.0,4,AS8,X,9.8,8.8,9.3,30,219,5.0,6.0
2019,Ford,transit connect van ffv,Special purpose vehicle,2.0,4,AS8,X,9.8,8.8,9.3,30,219,5.0,5.0
2019,Ford,transit connect van ffv,Special purpose vehicle,2.0,4,AS8,E,13.3,11.8,12.6,22,209,5.0,5.0
2019,Ford,transit connect van,Special purpose vehicle,2.5,4,AS6,X,12.0,8.8,10.6,27,247,4.0,5.0
2019,Ford,transit connect wagon lwb,Special purpose vehicle,2.0,4,AS8,X,9.9,8.2,9.2,31,214,5.0,6.0
2019,Ford,transit connect wagon lwb ffv,Special purpose vehicle,2.0,4,AS8,X,9.9,8.2,9.2,31,214,5.0,5.0
2019,Ford,transit connect wagon lwb ffv,Special purpose vehicle,2.0,4,AS8,E,13.7,11.1,12.5,23,208,6.0,5.0
2019,Ford,transit connect wagon lwb,Special purpose vehicle,2.5,4,AS6,X,12.1,9.0,10.7,26,251,4.0,5.0
2019,Genesis,g70,Compact,2.0,4,M6,Z,12.8,8.5,10.9,26,255,4.0,3.0
2019,Genesis,g70 awd,Compact,2.0,4,AS8,Z,11.5,8.7,10.3,27,241,5.0,3.0
2019,Genesis,g70 awd,Compact,3.3,6,AS8,Z,14.1,9.5,12.0,24,284,3.0,3.0
2019,Genesis,g80 awd,Full-size,3.3,6,AS8,Z,13.8,9.7,11.9,24,282,4.0,3.0
2019,Genesis,g80 awd,Full-size,3.8,6,AS8,X,13.4,9.6,11.7,24,276,4.0,5.0
2019,Genesis,g80 awd,Full-size,5.0,8,AS8,Z,15.6,10.4,13.2,21,312,3.0,5.0
2019,Genesis,g90 awd,Full-size,3.3,6,AS8,Z,13.7,9.7,11.9,24,279,4.0,3.0
2019,Genesis,g90 awd,Full-size,5.0,8,AS8,Z,15.2,10.2,13.0,22,306,3.0,5.0
2019,GMC,acadia,Sport utility vehicle: Standard,2.5,4,A6,X,11.1,9.2,10.2,28,237,5.0,5.0
2019,GMC,acadia,Sport utility vehicle: Standard,3.6,6,A6,X,13.1,9.4,11.4,25,268,4.0,6.0
2019,GMC,acadia awd,Sport utility vehicle: Standard,2.5,4,A6,X,11.3,9.4,10.5,27,248,4.0,5.0
2019,GMC,acadia awd,Sport utility vehicle: Standard,3.6,6,A6,X,13.5,9.5,11.7,24,275,4.0,6.0
2019,GMC,canyon,Pickup truck: Small,2.5,4,A6,X,12.1,9.2,10.8,26,253,4.0,5.0
2019,GMC,canyon,Pickup truck: Small,2.5,4,M6,X,11.9,9.2,10.7,26,251,4.0,5.0
2019,GMC,canyon,Pickup truck: Small,2.8,4,A6,D,11.8,7.9,10.1,28,270,4.0,3.0
2019,GMC,canyon,Pickup truck: Small,3.6,6,A8,X,13.4,9.6,11.7,24,274,4.0,5.0
2019,GMC,canyon 4wd,Pickup truck: Small,2.5,4,A6,X,12.7,9.8,11.4,25,267,4.0,5.0
2019,GMC,canyon 4wd,Pickup truck: Small,2.8,4,A6,D,12.2,8.4,10.5,27,283,4.0,3.0
2019,GMC,canyon 4wd,Pickup truck: Small,3.6,6,A8,X,14.0,9.9,12.2,23,286,3.0,5.0
2019,GMC,sierra,Pickup truck: Standard,2.7,4,A8,X,11.9,10.3,11.1,25,261,4.0,6.0
2019,GMC,sierra,Pickup truck: Standard,4.3,6,A6,X,15.1,11.5,13.5,21,317,3.0,6.0
2019,GMC,sierra,Pickup truck: Standard,5.3,8,A6,X,15.9,11.4,13.9,20,326,3.0,5.0
2019,GMC,sierra ffv,Pickup truck: Standard,5.3,8,A6,X,15.7,11.9,14.0,20,329,3.0,3.0
2019,GMC,sierra ffv,Pickup truck: Standard,5.3,8,A6,E,21.1,15.0,18.4,15,306,3.0,3.0
2019,GMC,sierra,Pickup truck: Standard,5.3,8,A8,X,14.3,10.4,12.5,23,294,3.0,5.0
2019,GMC,sierra 4wd,Pickup truck: Standard,2.7,4,A8,X,12.6,10.9,11.8,24,277,4.0,6.0
2019,GMC,sierra 4wd,Pickup truck: Standard,4.3,6,A6,X,15.8,11.9,14.0,20,329,3.0,6.0
2019,GMC,sierra 4wd,Pickup truck: Standard,5.3,8,A6,X,15.9,11.7,14.0,20,330,3.0,5.0
2019,GMC,sierra 4wd ffv,Pickup truck: Standard,5.3,8,A6,X,16.0,12.5,14.4,20,339,2.0,3.0
2019,GMC,sierra 4wd ffv,Pickup truck: Standard,5.3,8,A6,E,22.0,16.1,19.4,15,323,3.0,3.0
2019,GMC,sierra 4wd,Pickup truck: Standard,5.3,8,A8,X,15.3,11.2,13.5,21,316,3.0,5.0
2019,GMC,sierra 4wd at4,Pickup truck: Standard,5.3,8,A8,X,15.3,11.8,13.7,21,320,3.0,5.0
2019,GMC,sierra 4wd,Pickup truck: Standard,6.2,8,A10,Z,15.5,11.9,13.9,20,326,3.0,3.0
2019,GMC,sierra 4wd at4,Pickup truck: Standard,6.2,8,A10,Z,15.7,12.4,14.2,20,332,3.0,3.0
2019,GMC,sierra ltd,Pickup truck: Standard,5.3,8,A6,X,15.6,10.9,13.5,21,317,3.0,3.0
2019,GMC,sierra ltd 4wd,Pickup truck: Standard,5.3,8,A6,X,15.8,11.4,13.8,20,325,3.0,3.0
2019,GMC,terrain,Sport utility vehicle: Small,1.5,4,A9,X,9.2,7.9,8.6,33,201,6.0,5.0
2019,GMC,terrain,Sport utility vehicle: Small,1.6,4,A6,D,8.5,6.0,7.4,38,199,6.0,3.0
2019,GMC,terrain awd,Sport utility vehicle: Small,1.5,4,A9,X,9.6,8.3,9.0,31,210,5.0,5.0
2019,GMC,terrain awd,Sport utility vehicle: Small,1.6,4,A6,D,8.5,6.1,7.4,38,199,6.0,3.0
2019,GMC,terrain awd,Sport utility vehicle: Small,2.0,4,A9,Z,11.2,9.0,10.2,28,239,5.0,5.0
2019,GMC,yukon,Sport utility vehicle: Standard,5.3,8,A6,X,15.7,10.5,13.4,21,314,3.0,3.0
2019,GMC,yukon ffv,Sport utility vehicle: Standard,5.3,8,A6,X,15.7,10.5,13.4,21,314,3.0,3.0
2019,GMC,yukon ffv,Sport utility vehicle: Standard,5.3,8,A6,E,21.2,13.9,17.9,16,298,3.0,3.0
2019,GMC,yukon 4wd,Sport utility vehicle: Standard,5.3,8,A6,X,15.8,11.1,13.7,21,321,3.0,3.0
2019,GMC,yukon 4wd ffv,Sport utility vehicle: Standard,5.3,8,A6,X,15.8,11.1,13.7,21,321,3.0,3.0
2019,GMC,yukon 4wd ffv,Sport utility vehicle: Standard,5.3,8,A6,E,21.7,14.3,18.4,15,305,3.0,3.0
2019,GMC,yukon 4wd,Sport utility vehicle: Standard,6.2,8,A10,Z,16.4,10.7,13.8,20,325,3.0,3.0
2019,GMC,yukon xl,Sport utility vehicle: Standard,5.3,8,A6,X,15.7,10.5,13.4,21,314,3.0,3.0
2019,GMC,yukon xl ffv,Sport utility vehicle: Standard,5.3,8,A6,X,15.7,10.5,13.4,21,314,3.0,3.0
2019,GMC,yukon xl ffv,Sport utility vehicle: Standard,5.3,8,A6,E,21.2,13.9,17.9,16,298,3.0,3.0
2019,GMC,yukon xl 4wd,Sport utility vehicle: Standard,5.3,8,A6,X,16.8,11.3,14.3,20,336,2.0,3.0
2019,GMC,yukon xl 4wd ffv,Sport utility vehicle: Standard,5.3,8,A6,X,16.8,11.3,14.3,20,336,2.0,3.0
2019,GMC,yukon xl 4wd ffv,Sport utility vehicle: Standard,5.3,8,A6,E,22.2,15.2,19.0,15,317,3.0,3.0
2019,GMC,yukon xl 4wd,Sport utility vehicle: Standard,6.2,8,A10,Z,17.1,11.3,14.5,19,340,2.0,3.0
2019,Honda,accord,Full-size,1.5,4,AV,X,7.9,6.3,7.2,39,168,8.0,7.0
2019,Honda,accord,Full-size,1.5,4,AV7,X,8.2,6.8,7.6,37,177,7.0,7.0
2019,Honda,accord,Full-size,1.5,4,M6,X,8.9,6.7,7.9,36,185,7.0,6.0
2019,Honda,accord,Full-size,2.0,4,M6,X,10.7,7.3,9.2,31,214,5.0,6.0
2019,Honda,accord sport/touring,Mid-size,2.0,4,AS10,X,10.4,7.4,9.1,31,211,5.0,7.0
2019,Honda,accord hybrid,Full-size,2.0,4,AV,X,5.0,5.0,5.0,56,117,10.0,7.0
2019,Honda,civic coupe,Compact,1.5,4,AV7,X,7.8,6.4,7.2,39,167,8.0,3.0
2019,Honda,civic coupe,Compact,2.0,4,AV,X,7.8,6.1,7.1,40,164,8.0,3.0
2019,Honda,civic coupe,Compact,2.0,4,AV7,X,8.3,6.6,7.5,38,176,7.0,3.0
2019,Honda,civic coupe,Compact,2.0,4,M6,X,9.3,6.7,8.1,35,189,6.0,3.0
2019,Honda,civic coupe si,Compact,1.5,4,M6,Z,8.4,6.2,7.4,38,173,7.0,3.0
2019,Honda,civic hatchback,Full-size,1.5,4,AV,X,7.7,6.0,6.9,41,162,8.0,3.0
2019,Honda,civic hatchback,Full-size,1.5,4,AV7,X,7.9,6.6,7.3,39,170,7.0,3.0
2019,Honda,civic hatchback,Full-size,1.5,4,M6,X,8.0,6.2,7.2,39,167,8.0,3.0
2019,Honda,civic hatchback sport,Full-size,1.5,4,AV7,Z,7.9,6.6,7.3,39,170,7.0,3.0
2019,Honda,civic hatchback sport,Full-size,1.5,4,M6,Z,8.0,6.2,7.2,39,167,8.0,3.0
2019,Honda,civic sedan,Mid-size,1.5,4,AV7,X,7.8,6.2,7.1,40,165,8.0,3.0
2019,Honda,civic sedan,Mid-size,2.0,4,AV,X,7.9,6.1,7.1,40,167,8.0,3.0
2019,Honda,civic sedan,Mid-size,2.0,4,AV7,X,8.2,6.5,7.4,38,172,7.0,3.0
2019,Honda,civic sedan,Mid-size,2.0,4,M6,X,9.3,6.5,8.0,35,186,7.0,3.0
2019,Honda,civic sedan si,Mid-size,1.5,4,M6,Z,8.4,6.2,7.4,38,173,7.0,3.0
2019,Honda,civic type r,Full-size,2.0,4,M6,Z,10.6,8.3,9.6,29,224,5.0,3.0
2019,Honda,cr-v,Sport utility vehicle: Small,1.5,4,AV,X,8.4,7.0,7.8,36,181,7.0,5.0
2019,Honda,cr-v awd,Sport utility vehicle: Small,1.5,4,AV,X,8.7,7.2,8.0,35,188,6.0,5.0
2019,Honda,fit,Station wagon: Small,1.5,4,AV,X,7.0,5.9,6.5,43,151,8.0,7.0
2019,Honda,fit,Station wagon: Small,1.5,4,AV7,X,7.6,6.5,7.0,40,166,8.0,7.0
2019,Honda,fit,Station wagon: Small,1.5,4,M6,X,8.1,6.6,7.4,38,174,7.0,3.0
2019,Honda,hr-v,Station wagon: Small,1.8,4,AV,X,8.4,7.0,7.8,36,181,7.0,5.0
2019,Honda,hr-v awd,Station wagon: Small,1.8,4,AV,X,8.8,7.5,8.2,34,193,6.0,5.0
2019,Honda,hr-v awd,Station wagon: Small,1.8,4,AV7,X,9.1,7.7,8.5,33,199,6.0,5.0
2019,Honda,insight ex,Mid-size,1.5,4,AV,X,4.6,5.3,4.9,58,114,10.0,7.0
2019,Honda,insight touring,Mid-size,1.5,4,AV,X,4.6,5.3,4.9,58,114,10.0,7.0
2019,Honda,odyssey,Minivan,3.5,6,AS9,X,12.6,8.4,10.7,26,252,4.0,3.0
2019,Honda,odyssey touring,Minivan,3.5,6,AS10,X,12.2,8.5,10.6,27,247,4.0,3.0
2019,Honda,passport awd,Sport utility vehicle: Small,3.5,6,A9,X,12.5,9.8,11.3,25,265,4.0,3.0
2019,Honda,pilot,Sport utility vehicle: Small,3.5,6,A6,X,12.4,8.7,10.7,26,250,4.0,3.0
2019,Honda,pilot awd,Sport utility vehicle: Small,3.5,6,A6,X,13.0,9.3,11.3,25,266,4.0,3.0
2019,Honda,pilot awd,Sport utility vehicle: Small,3.5,6,AS9,X,12.4,9.3,11.0,26,257,4.0,3.0
2019,Honda,ridgeline awd,Pickup truck: Standard,3.5,6,A6,X,12.8,9.5,11.3,25,263,4.0,3.0
2019,Hyundai,accent,Compact,1.6,4,AS6,X,8.2,6.2,7.3,39,172,7.0,3.0
2019,Hyundai,accent,Compact,1.6,4,M6,X,8.2,6.3,7.3,39,173,7.0,3.0
2019,Hyundai,elantra,Mid-size,1.6,4,AM7,X,8.9,7.0,8.1,35,189,6.0,3.0
2019,Hyundai,elantra,Mid-size,1.6,4,M6,X,10.7,7.8,9.4,30,221,5.0,3.0
2019,Hyundai,elantra,Mid-size,2.0,4,AS6,X,8.3,6.4,7.4,38,174,7.0,5.0
2019,Hyundai,elantra,Mid-size,2.0,4,M6,X,9.2,6.5,8.0,35,188,6.0,5.0
2019,Hyundai,elantra gt,Full-size,1.6,4,AM7,X,9.7,7.4,8.6,33,205,6.0,5.0
2019,Hyundai,elantra gt,Full-size,1.6,4,M6,X,10.3,7.9,9.2,31,218,5.0,5.0
2019,Hyundai,elantra gt,Full-size,2.0,4,AS6,X,9.4,7.1,8.4,34,200,6.0,5.0
2019,Hyundai,elantra gt,Full-size,2.0,4,M6,X,9.8,7.4,8.7,32,207,6.0,5.0
2019,Hyundai,ioniq,Full-size,1.6,4,AM6,X,4.3,4.4,4.3,66,104,10.0,7.0
2019,Hyundai,ioniq blue,Full-size,1.6,4,AM6,X,4.2,4.0,4.1,69,96,10.0,7.0
2019,Hyundai,kona,Sport utility vehicle: Small,2.0,4,AS6,X,8.6,7.0,7.9,36,186,7.0,5.0
2019,Hyundai,kona awd,Sport utility vehicle: Small,1.6,4,AM7,X,9.0,8.0,8.6,33,201,6.0,5.0
2019,Hyundai,kona awd,Sport utility vehicle: Small,2.0,4,AS6,X,9.2,7.8,8.6,33,202,6.0,5.0
2019,Hyundai,santa fe,Sport utility vehicle: Small,2.4,4,AS8,X,10.8,8.0,9.6,29,225,5.0,5.0
2019,Hyundai,santa fe awd,Sport utility vehicle: Small,2.0,4,AS8,X,12.3,9.8,11.2,25,262,4.0,5.0
2019,Hyundai,santa fe awd,Sport utility vehicle: Small,2.4,4,AS8,X,11.2,8.7,10.1,28,237,5.0,5.0
2019,Hyundai,santa fe xl,Sport utility vehicle: Small,3.3,6,AS6,X,13.2,9.4,11.5,25,268,4.0,3.0
2019,Hyundai,santa fe xl awd,Sport utility vehicle: Small,3.3,6,AS6,X,13.4,9.7,11.7,24,276,4.0,3.0
2019,Hyundai,santa fe xl ultimate awd,Sport utility vehicle: Small,3.3,6,AS6,X,14.1,10.8,12.6,22,297,3.0,3.0
2019,Hyundai,sonata,Full-size,2.0,4,AS8,X,10.4,7.4,9.1,31,212,5.0,5.0
2019,Hyundai,sonata,Full-size,2.4,4,AS6,X,9.3,7.1,8.3,34,198,6.0,7.0
2019,Hyundai,sonata se,Full-size,2.4,4,AS6,X,9.2,6.8,8.1,35,190,6.0,7.0
2019,Hyundai,sonata hybrid,Mid-size,2.0,4,AM6,X,6.0,5.3,5.7,50,135,9.0,7.0
2019,Hyundai,sonata hybrid se,Mid-size,2.0,4,AM6,X,5.9,5.1,5.6,50,132,9.0,7.0
2019,Hyundai,tucson,Sport utility vehicle: Small,2.0,4,AS6,X,10.0,7.9,9.1,31,216,5.0,5.0
2019,Hyundai,tucson awd,Sport utility vehicle: Small,2.0,4,AS6,X,10.8,9.2,10.1,28,239,5.0,5.0
2019,Hyundai,tucson awd,Sport utility vehicle: Small,2.4,4,AS6,X,11.0,9.1,10.1,28,240,5.0,5.0
2019,Hyundai,veloster turbo,Compact,1.6,4,AM7,X,8.5,6.9,7.8,36,184,7.0,5.0
2019,Hyundai,veloster turbo,Compact,1.6,4,M6,X,9.4,7.0,8.3,34,197,6.0,5.0
2019,Hyundai,veloster,Compact,2.0,4,AS6,X,9.1,7.1,8.2,34,193,6.0,5.0
2019,Hyundai,veloster,Compact,2.0,4,M6,X,9.4,7.1,8.4,34,198,6.0,5.0
2019,Hyundai,veloster n,Compact,2.0,4,M6,Z,10.6,8.3,9.5,30,226,5.0,3.0
2019,Infiniti,q50 awd,Mid-size,2.0,4,AS7,Z,10.7,8.6,9.7,29,229,5.0,3.0
2019,Infiniti,q50 awd,Mid-size,3.0,6,AS7,Z,12.4,8.7,10.8,26,253,4.0,3.0
2019,Infiniti,q50 awd red sport,Mid-size,3.0,6,AS7,Z,12.5,9.3,11.1,25,261,4.0,3.0
2019,Infiniti,q60 awd,Subcompact,2.0,4,AS7,Z,11.2,8.5,10.0,28,233,5.0,3.0
2019,Infiniti,q60 awd,Subcompact,3.0,6,AS7,Z,12.3,8.7,10.7,26,251,4.0,3.0
2019,Infiniti,q60 awd red sport,Subcompact,3.0,6,AS7,Z,12.5,9.2,11.0,26,259,4.0,3.0
2019,Infiniti,q70 awd,Mid-size,3.7,6,AS7,Z,13.2,9.8,11.7,24,275,4.0,3.0
2019,Infiniti,q70 awd,Mid-size,5.6,8,AS7,Z,14.9,10.2,12.8,22,301,3.0,3.0
2019,Infiniti,qx50 awd,Sport utility vehicle: Small,2.0,4,AV8,Z,10.0,7.8,9.0,31,211,5.0,5.0
2019,Infiniti,qx60 awd,Sport utility vehicle: Small,3.5,6,AV7,Z,12.5,9.0,10.9,26,257,4.0,3.0
2019,Infiniti,qx80 4wd,Sport utility vehicle: Standard,5.6,8,AS7,Z,17.4,12.2,15.1,19,354,2.0,3.0
2019,Jaguar,e-pace p250,Sport utility vehicle: Small,2.0,4,AS9,Z,11.0,8.4,9.8,29,231,5.0,7.0
2019,Jaguar,f-pace 20d,Sport utility vehicle: Small,2.0,4,AS8,D,8.9,7.2,8.1,35,218,5.0,1.0
2019,Jaguar,f-pace 25t,Sport utility vehicle: Small,2.0,4,AS8,Z,10.7,8.8,9.9,29,227,5.0,7.0
2019,Jaguar,f-pace 35t,Sport utility vehicle: Small,3.0,6,AS8,Z,13.3,10.0,11.8,24,277,4.0,7.0
2019,Jaguar,f-type convertible,Two-seater,2.0,4,AS8,Z,10.2,7.8,9.2,31,215,5.0,7.0
2019,Jaguar,f-type convertible,Two-seater,3.0,6,AS8,Z,11.9,8.5,10.4,27,242,5.0,7.0
2019,Jaguar,f-type convertible,Two-seater,3.0,6,M6,Z,14.9,9.8,12.6,22,296,3.0,7.0
2019,Jaguar,f-type convertible r-dynamic,Two-seater,3.0,6,AS8,Z,12.4,8.8,10.8,26,253,4.0,7.0
2019,Jaguar,f-type convertible r-dynamic,Two-seater,3.0,6,M6,Z,15.3,10.0,12.9,22,302,3.0,7.0
2019,Jaguar,f-type convertible r-dynamic awd,Two-seater,3.0,6,AS8,Z,13.0,9.2,11.3,25,265,4.0,7.0
2019,Jaguar,f-type coupe,Two-seater,2.0,4,AS8,Z,10.2,7.8,9.2,31,215,5.0,7.0
2019,Jaguar,f-type coupe,Two-seater,3.0,6,AS8,Z,11.9,8.5,10.4,27,242,5.0,7.0
2019,Jaguar,f-type coupe,Two-seater,3.0,6,M6,Z,14.9,9.8,12.6,22,296,3.0,7.0
2019,Jaguar,f-type coupe r-dynamic,Two-seater,3.0,6,AS8,Z,12.4,8.8,10.8,26,253,4.0,7.0
2019,Jaguar,f-type coupe r-dynamic,Two-seater,3.0,6,M6,Z,15.3,10.0,12.9,22,302,3.0,7.0
2019,Jaguar,f-type coupe r-dynamic awd,Two-seater,3.0,6,AS8,Z,13.0,9.2,11.3,25,265,4.0,7.0
2019,Jaguar,f-type r awd convertible,Two-seater,5.0,8,AS8,Z,15.6,10.4,13.3,21,311,3.0,3.0
2019,Jaguar,f-type r awd coupe,Two-seater,5.0,8,AS8,Z,15.6,10.4,13.3,21,311,3.0,3.0
2019,Jaguar,xe 20d awd,Compact,2.0,4,AS8,D,7.8,5.8,6.9,41,186,7.0,1.0
2019,Jaguar,xe 25t awd,Compact,2.0,4,AS8,Z,9.8,6.9,8.5,33,200,6.0,7.0
2019,Jaguar,xe 35t awd,Compact,3.0,6,AS8,Z,11.8,8.2,10.2,28,238,5.0,7.0
2019,Jaguar,xf 20d awd,Mid-size,2.0,4,AS8,D,7.8,5.8,6.9,41,186,7.0,1.0
2019,Jaguar,xf 25t awd,Mid-size,2.0,4,AS8,Z,10.1,7.2,8.8,32,207,6.0,7.0
2019,Jaguar,xf 35t awd,Mid-size,3.0,6,AS8,Z,12.0,8.4,10.4,27,243,5.0,7.0
2019,Jaguar,xj r-sport awd,Full-size,3.0,6,AS8,Z,14.0,9.0,11.8,24,276,4.0,7.0
2019,Jaguar,xjl portfolio awd,Full-size,3.0,6,AS8,Z,14.0,9.4,11.9,24,280,4.0,7.0
2019,Jaguar,xjr lwb,Full-size,5.0,8,AS8,Z,15.8,10.3,13.3,21,313,3.0,3.0
2019,Jeep,cherokee,Sport utility vehicle: Small,2.0,4,A9,X,10.4,7.6,9.1,31,214,5.0,5.0
2019,Jeep,cherokee,Sport utility vehicle: Small,2.4,4,A9,X,10.8,7.6,9.3,30,219,5.0,3.0
2019,Jeep,cherokee,Sport utility vehicle: Small,3.2,6,A9,X,11.9,8.2,10.2,28,240,5.0,5.0
2019,Jeep,cherokee 4x4 active drive i,Sport utility vehicle: Small,2.0,4,A9,X,11.2,8.0,9.8,29,229,5.0,5.0
2019,Jeep,cherokee 4x4 active drive i,Sport utility vehicle: Small,2.4,4,A9,X,11.2,8.0,9.8,29,230,5.0,3.0
2019,Jeep,cherokee 4x4 active drive i,Sport utility vehicle: Small,3.2,6,A9,X,12.2,8.6,10.6,27,249,4.0,5.0
2019,Jeep,cherokee 4x4 active drive ii,Sport utility vehicle: Small,2.0,4,A9,X,11.5,8.6,10.2,28,240,5.0,5.0
2019,Jeep,cherokee 4x4 active drive ii,Sport utility vehicle: Small,3.2,6,A9,X,12.8,9.0,11.1,25,259,4.0,5.0
2019,Jeep,cherokee 4x4 active drive lock,Sport utility vehicle: Small,2.0,4,A9,X,11.8,9.2,10.6,27,249,4.0,5.0
2019,Jeep,cherokee 4x4 active drive lock,Sport utility vehicle: Small,3.2,6,A9,X,12.9,9.9,11.6,24,269,4.0,5.0
2019,Jeep,compass,Sport utility vehicle: Small,2.4,4,A6,X,10.6,7.6,9.3,30,218,5.0,5.0
2019,Jeep,compass,Sport utility vehicle: Small,2.4,4,M6,X,10.4,7.3,9.0,31,211,5.0,3.0
2019,Jeep,compass 4x4,Sport utility vehicle: Small,2.4,4,A9,X,10.8,7.8,9.5,30,222,5.0,5.0
2019,Jeep,compass 4x4,Sport utility vehicle: Small,2.4,4,M6,X,10.8,7.6,9.4,30,221,5.0,3.0
2019,Jeep,grand cherokee 4x4 ecodiesel,Sport utility vehicle: Standard,3.0,6,A8,D,11.2,8.5,10.0,28,268,4.0,1.0
2019,Jeep,grand cherokee 4x4,Sport utility vehicle: Standard,3.6,6,A8,X,12.7,9.6,11.3,25,265,4.0,5.0
2019,Jeep,grand cherokee 4x4,Sport utility vehicle: Standard,5.7,8,A8,X,16.7,10.9,14.1,20,331,3.0,3.0
2019,Jeep,grand cherokee 4x4 srt,Sport utility vehicle: Standard,6.4,8,A8,Z,18.3,12.6,15.7,18,368,2.0,1.0
2019,Jeep,grand cherokee 4x4 trackhawk,Sport utility vehicle: Standard,6.2,8,A8,Z,20.9,13.8,17.7,16,413,1.0,1.0
2019,Jeep,renegade,Sport utility vehicle: Small,1.3,4,A9,X,9.8,7.4,8.7,32,204,6.0,6.0
2019,Jeep,renegade,Sport utility vehicle: Small,2.4,4,A9,X,10.8,7.8,9.5,30,222,5.0,5.0
2019,Jeep,renegade 4x4,Sport utility vehicle: Small,1.3,4,A9,X,10.1,8.1,9.2,31,216,5.0,6.0
2019,Jeep,renegade 4x4,Sport utility vehicle: Small,2.4,4,A9,X,11.2,8.2,9.8,29,230,5.0,5.0
2019,Jeep,renegade 4x4 trailhawk,Sport utility vehicle: Small,1.3,4,A9,X,10.8,8.7,9.9,29,230,5.0,6.0
2019,Jeep,wrangler jl 4x4,Sport utility vehicle: Small,2.0,4,A8,X,10.5,9.4,10.0,28,233,5.0,5.0
2019,Jeep,wrangler jl 4x4,Sport utility vehicle: Small,3.6,6,A8,X,12.8,10.4,11.8,24,274,4.0,5.0
2019,Jeep,wrangler jl 4x4,Sport utility vehicle: Small,3.6,6,M6,X,13.7,9.6,11.8,24,277,4.0,5.0
2019,Jeep,wrangler jl unlimited 4x4,Sport utility vehicle: Small,2.0,4,A8,X,10.9,10.0,10.5,27,245,5.0,5.0
2019,Jeep,wrangler jl unlimited 4x4,Sport utility vehicle: Small,3.6,6,A8,X,12.9,10.2,11.7,24,275,4.0,5.0
2019,Jeep,wrangler jl unlimited 4x4,Sport utility vehicle: Small,3.6,6,M6,X,13.8,10.1,12.2,23,285,3.0,5.0
2019,Kia,cadenza,Full-size,3.3,6,AS8,X,11.6,8.5,10.2,28,238,5.0,3.0
2019,Kia,forte,Mid-size,2.0,4,AV,X,7.7,5.9,6.9,41,164,8.0,5.0
2019,Kia,forte,Mid-size,2.0,4,M6,X,8.6,6.4,7.6,37,180,7.0,5.0
2019,Kia,niro,Station wagon: Small,1.6,4,AM6,X,4.6,5.1,4.8,59,114,10.0,7.0
2019,Kia,niro fe,Station wagon: Small,1.6,4,AM6,X,4.5,4.8,4.7,60,110,10.0,7.0
2019,Kia,niro touring,Station wagon: Small,1.6,4,AM6,X,5.1,5.8,5.4,52,129,9.0,7.0
2019,Kia,optima,Full-size,2.0,4,AS6,X,11.2,7.9,9.7,29,230,5.0,5.0
2019,Kia,optima,Full-size,2.4,4,AS6,X,9.5,7.1,8.4,34,199,6.0,5.0
2019,Kia,optima hybrid,Mid-size,2.0,4,AM6,X,6.1,5.2,5.7,50,133,9.0,3.0
2019,Kia,rio,Compact,1.6,4,AS6,X,8.5,6.4,7.5,38,177,7.0,3.0
2019,Kia,rio,Compact,1.6,4,M6,X,8.3,6.4,7.5,38,175,7.0,3.0
2019,Kia,sedona,Minivan,3.3,6,AS8,X,12.7,10.0,11.5,25,272,4.0,5.0
2019,Kia,sorento,Sport utility vehicle: Small,2.4,4,AS6,X,10.7,8.2,9.6,29,225,5.0,5.0
2019,Kia,sorento awd,Sport utility vehicle: Small,2.4,4,AS6,X,11.2,9.0,10.2,28,242,5.0,5.0
2019,Kia,sorento awd,Sport utility vehicle: Small,3.3,6,AS8,X,12.5,9.7,11.2,25,265,4.0,5.0
2019,Kia,soul,Station wagon: Small,1.6,4,AM7,X,9.1,7.7,8.5,33,199,6.0,3.0
2019,Kia,soul,Station wagon: Small,1.6,4,AS6,X,9.0,7.6,8.4,34,198,6.0,3.0
2019,Kia,soul,Station wagon: Small,2.0,4,AS6,X,9.5,7.8,8.7,32,206,6.0,5.0
2019,Kia,sportage,Sport utility vehicle: Small,2.4,4,AS6,X,10.3,7.8,9.2,31,218,5.0,5.0
2019,Kia,sportage awd,Sport utility vehicle: Small,2.0,4,AS6,X,11.9,10.2,11.1,25,263,4.0,3.0
2019,Kia,sportage awd,Sport utility vehicle: Small,2.4,4,AS6,X,11.3,9.5,10.5,27,247,4.0,5.0
2019,Kia,stinger awd,Mid-size,2.0,4,AS8,Z,11.1,8.1,9.7,29,229,5.0,3.0
2019,Kia,stinger awd,Mid-size,3.3,6,AS8,Z,13.6,9.6,11.8,24,279,4.0,3.0
2019,Lamborghini,aventador coupe,Two-seater,6.5,12,AM7,Z,26.3,15.6,21.5,13,487,1.0,1.0
2019,Lamborghini,aventador roadster,Two-seater,6.5,12,AM7,Z,26.6,15.8,21.7,13,493,1.0,1.0
2019,Lamborghini,huracan coupe,Two-seater,5.2,10,AM7,Z,18.1,13.2,15.9,18,366,2.0,1.0
2019,Lamborghini,huracan coupe awd,Two-seater,5.2,10,AM7,Z,17.9,13.0,15.7,18,370,2.0,1.0
2019,Lamborghini,huracan spyder,Two-seater,5.2,10,AM7,Z,18.1,13.2,15.9,18,366,2.0,1.0
2019,Lamborghini,huracan spyder awd,Two-seater,5.2,10,AM7,Z,17.9,13.0,15.7,18,370,2.0,1.0
2019,Lamborghini,huracan performante coupe,Two-seater,5.2,10,AM7,Z,17.9,13.0,15.7,18,370,2.0,1.0
2019,Lamborghini,huracan performante spyder,Two-seater,5.2,10,AM7,Z,17.9,13.0,15.7,18,370,2.0,1.0
2019,Lamborghini,urus,Sport utility vehicle: Standard,4.0,8,AS8,Z,19.2,14.1,16.9,17,384,1.0,3.0
2019,Land Rover,discovery,Sport utility vehicle: Standard,3.0,6,AS8,Z,14.8,11.4,13.3,21,311,3.0,7.0
2019,Land Rover,discovery td6 diesel,Sport utility vehicle: Standard,3.0,6,AS8,D,11.3,9.2,10.4,27,279,4.0,1.0
2019,Land Rover,discovery sport,Sport utility vehicle: Small,2.0,4,AS9,Z,11.4,9.3,10.5,27,246,5.0,7.0
2019,Land Rover,range rover 3.0,Sport utility vehicle: Standard,3.0,6,AS8,Z,14.1,10.3,12.4,23,291,3.0,7.0
2019,Land Rover,range rover td6 diesel,Sport utility vehicle: Standard,3.0,6,AS8,D,10.7,8.3,9.6,29,256,4.0,1.0
2019,Land Rover,range rover 5.0 supercharged,Sport utility vehicle: Standard,5.0,8,AS8,Z,14.4,11.3,13.0,22,305,3.0,3.0
2019,Land Rover,range rover svautobiography lwb,Sport utility vehicle: Standard,5.0,8,AS8,Z,17.9,12.7,15.5,18,365,2.0,3.0
2019,Land Rover,range rover sport 3.0,Sport utility vehicle: Standard,3.0,6,AS8,Z,14.1,10.3,12.4,23,291,3.0,7.0
2019,Land Rover,range rover sport td6 diesel,Sport utility vehicle: Standard,3.0,6,AS8,D,10.7,8.3,9.6,29,256,4.0,1.0
2019,Land Rover,range rover sport supercharged,Sport utility vehicle: Standard,5.0,8,AS8,Z,14.1,10.7,12.6,22,294,3.0,3.0
2019,Land Rover,range rover evoque,Sport utility vehicle: Small,2.0,4,AS9,Z,10.9,8.0,9.6,29,225,5.0,7.0
2019,Land Rover,range rover evoque convertible,Sport utility vehicle: Small,2.0,4,AS9,Z,11.2,8.2,9.8,29,231,5.0,7.0
2019,Land Rover,range rover velar d180,Sport utility vehicle: Small,2.0,4,AS8,D,9.2,7.8,8.5,33,229,5.0,1.0
2019,Land Rover,range rover velar p300,Sport utility vehicle: Small,2.0,4,AS8,Z,11.7,9.2,10.6,27,248,4.0,7.0
2019,Land Rover,range rover velar p380,Sport utility vehicle: Small,3.0,6,AS8,Z,13.0,10.0,11.6,24,273,4.0,7.0
2019,Lexus,es 300h,Mid-size,2.5,4,AV6,X,5.5,5.2,5.3,53,124,10.0,7.0
2019,Lexus,es 350,Mid-size,3.5,6,AS8,X,10.6,7.2,9.1,31,211,5.0,5.0
2019,Lexus,es 350 f sport,Mid-size,3.5,6,AS8,X,10.9,7.5,9.4,30,219,5.0,5.0
2019,Lexus,gs 350 awd,Mid-size,3.5,6,AS6,Z,12.3,9.1,10.9,26,254,4.0,5.0
2019,Lexus,gs f,Compact,5.0,8,AS8,Z,14.9,9.7,12.5,23,293,3.0,5.0
2019,Lexus,gx 460,Sport utility vehicle: Standard,4.6,8,AS6,Z,16.0,12.9,14.6,19,341,2.0,3.0
2019,Lexus,is 300,Compact,2.0,4,AS8,Z,11.0,7.6,9.5,30,220,5.0,5.0
2019,Lexus,is 300 awd,Compact,3.5,6,AS6,Z,12.3,9.1,10.9,26,254,4.0,5.0
2019,Lexus,is 350 awd,Compact,3.5,6,AS6,Z,12.3,9.1,10.9,26,254,4.0,5.0
2019,Lexus,lc 500,Subcompact,5.0,8,AS10,Z,15.1,9.5,12.6,22,294,3.0,5.0
2019,Lexus,lc 500h,Subcompact,3.5,6,AV10,Z,9.0,7.1,8.1,35,189,6.0,7.0
2019,Lexus,ls 500 awd,Mid-size,3.4,6,AS10,Z,13.1,8.7,11.1,25,261,4.0,3.0
2019,Lexus,ls 500h awd,Mid-size,3.5,6,AV10,Z,10.3,7.7,9.1,31,214,5.0,7.0
2019,Lexus,lx 570,Sport utility vehicle: Standard,5.7,8,AS8,Z,18.2,12.8,15.8,18,371,2.0,3.0
2019,Lexus,nx 300 awd,Sport utility vehicle: Small,2.0,4,AS6,Z,10.7,8.5,9.7,29,226,5.0,3.0
2019,Lexus,nx 300 awd f sport,Sport utility vehicle: Small,2.0,4,AS6,Z,10.8,8.9,9.9,29,232,5.0,3.0
2019,Lexus,nx 300h awd,Sport utility vehicle: Small,2.5,4,AV6,X,7.2,7.9,7.5,38,176,7.0,7.0
2019,Lexus,rc 300 awd,Subcompact,3.5,6,AS6,Z,13.1,9.8,11.2,25,262,4.0,5.0
2019,Lexus,rc 350 awd,Subcompact,3.5,6,AS6,Z,13.1,9.8,11.2,25,262,4.0,5.0
2019,Lexus,rc f,Subcompact,5.0,8,AS8,Z,15.2,9.5,12.6,22,289,3.0,5.0
2019,Lexus,rx 350 awd,Sport utility vehicle: Small,3.5,6,AS8,X,12.2,9.0,10.8,26,252,4.0,5.0
2019,Lexus,rx 350 l awd,Sport utility vehicle: Small,3.5,6,AS8,X,13.1,9.4,11.1,25,268,4.0,5.0
2019,Lexus,rx 450h awd,Sport utility vehicle: Standard,3.5,6,AV6,Z,7.5,8.4,7.9,36,185,7.0,7.0
2019,Lexus,rx 450h l awd,Sport utility vehicle: Standard,3.5,6,AV6,Z,8.1,8.4,8.1,35,190,6.0,7.0
2019,Lexus,ux 200,Mid-size,2.0,4,AS10,X,8.0,6.3,7.2,39,168,8.0,6.0
2019,Lexus,ux 250h,Compact,2.0,4,AV6,X,5.5,5.7,5.6,50,130,9.0,6.0
2019,Lexus,ux 250h awd,Compact,2.0,4,AV6,X,5.7,6.2,6.0,47,140,9.0,6.0
2019,Lincoln,continental awd,Full-size,2.7,6,AS6,X,14.0,9.4,12.0,24,281,4.0,5.0
2019,Lincoln,continental awd,Full-size,3.0,6,AS6,X,14.5,9.8,12.3,23,289,3.0,5.0
2019,Lincoln,continental awd,Full-size,3.7,6,AS6,X,14.3,9.7,12.2,23,287,3.0,3.0
2019,Lincoln,mkc awd,Sport utility vehicle: Small,2.0,4,AS6,X,12.3,9.3,11.0,26,257,4.0,5.0
2019,Lincoln,mkc awd (start/stop),Sport utility vehicle: Small,2.0,4,AS6,X,12.2,9.3,10.9,26,256,4.0,5.0
2019,Lincoln,mkc awd,Sport utility vehicle: Small,2.3,4,AS6,X,13.1,9.5,11.5,25,270,4.0,3.0
2019,Lincoln,mkt awd,Sport utility vehicle: Standard,3.5,6,AS6,X,15.7,11.2,13.7,21,322,3.0,3.0
2019,Lincoln,mkt livery awd,Special purpose vehicle,3.7,6,A6,X,14.7,10.3,12.7,22,297,3.0,3.0
2019,Lincoln,mkz awd,Mid-size,2.0,4,AS6,X,12.1,8.4,10.4,27,245,5.0,5.0
2019,Lincoln,mkz awd,Mid-size,3.0,6,AS6,X,14.0,9.2,11.8,24,278,4.0,5.0
2019,Lincoln,mkz hybrid,Mid-size,2.0,4,AV,X,5.7,6.2,5.9,48,139,9.0,7.0
2019,Lincoln,nautilus,Sport utility vehicle: Small,2.0,4,AS8,X,12.0,9.6,10.7,26,250,4.0,5.0
2019,Lincoln,nautilus,Sport utility vehicle: Small,2.7,6,AS8,X,12.6,9.2,11.0,26,259,4.0,5.0
2019,Lincoln,navigator 4x4,Sport utility vehicle: Standard,3.5,6,AS10,X,15.0,11.4,13.4,21,314,3.0,5.0
2019,Maserati,ghibli,Mid-size,3.0,6,AS8,Z,14.1,9.8,12.2,23,286,3.0,1.0
2019,Maserati,ghibli s,Mid-size,3.0,6,AS8,Z,14.7,9.9,12.6,22,295,3.0,1.0
2019,Maserati,ghibli sq4,Mid-size,3.0,6,AS8,Z,14.7,9.9,12.6,22,295,3.0,1.0
2019,Maserati,granturismo convertible,Subcompact,4.7,8,AS6,Z,17.8,11.6,15.0,19,354,2.0,1.0
2019,Maserati,levante,Sport utility vehicle: Standard,3.0,6,AS8,Z,15.9,11.1,13.7,21,324,3.0,1.0
2019,Maserati,levante s,Sport utility vehicle: Standard,3.0,6,AS8,Z,16.1,11.4,14.0,20,330,3.0,1.0
2019,Maserati,levante gts,Sport utility vehicle: Standard,3.8,8,AS8,Z,17.9,12.9,15.3,18,360,2.0,1.0
2019,Maserati,levante trofeo,Sport utility vehicle: Standard,3.8,8,AS8,Z,17.9,12.9,15.3,18,360,2.0,1.0
2019,Maserati,quattroporte s,Full-size,3.0,6,AS8,Z,15.1,10.3,12.8,22,299,3.0,1.0
2019,Maserati,quattroporte sq4,Full-size,3.0,6,AS8,Z,15.0,10.3,12.8,22,301,3.0,1.0
2019,Maserati,quattroporte gts,Full-size,3.8,8,AS8,Z,16.0,10.8,13.7,21,321,3.0,1.0
2019,Mazda,cx-3,Compact,2.0,4,AS6,X,8.3,6.9,7.7,37,179,7.0,3.0
2019,Mazda,cx-3,Compact,2.0,4,M6,X,8.8,7.0,8.0,35,186,7.0,3.0
2019,Mazda,cx-3 4wd,Compact,2.0,4,AS6,X,8.6,7.4,8.1,35,189,6.0,3.0
2019,Mazda,cx-5,Sport utility vehicle: Small,2.0,4,M6,X,9.7,7.7,8.8,32,206,6.0,3.0
2019,Mazda,cx-5,Sport utility vehicle: Small,2.5,4,AS6,X,9.7,7.8,8.8,32,206,6.0,7.0
2019,Mazda,cx-5 (cylinder deactivation),Sport utility vehicle: Small,2.5,4,AS6,X,9.3,7.6,8.5,33,201,6.0,7.0
2019,Mazda,cx-5 diesel 4wd,Sport utility vehicle: Small,2.2,4,AS6,D,8.9,7.9,8.4,34,227,5.0,1.0
2019,Mazda,cx-5 4wd,Sport utility vehicle: Small,2.5,4,AS6,X,10.2,8.2,9.3,30,217,5.0,7.0
2019,Mazda,cx-5 4wd (cylinder deactivation),Sport utility vehicle: Small,2.5,4,AS6,X,9.8,7.9,9.0,31,209,5.0,7.0
2019,Mazda,cx-5 turbo 4wd,Sport utility vehicle: Small,2.5,4,AS6,X,10.8,8.7,9.8,29,230,5.0,3.0
2019,Mazda,cx-9,Sport utility vehicle: Small,2.5,4,AS6,X,10.6,8.4,9.6,29,225,5.0,3.0
2019,Mazda,cx-9 4wd,Sport utility vehicle: Small,2.5,4,AS6,X,11.6,9.1,10.5,27,244,5.0,3.0
2019,Mazda,mazda3 4-door,Compact,2.0,4,AS6,X,8.4,6.6,7.6,37,178,7.0,7.0
2019,Mazda,mazda3 4-door (sil),Compact,2.0,4,M6,X,8.7,6.4,7.7,37,180,7.0,7.0
2019,Mazda,mazda3 4-door,Compact,2.5,4,AS6,X,8.8,6.4,7.7,37,181,7.0,7.0
2019,Mazda,mazda3 4-door (cylinder deactivation),Compact,2.5,4,AS6,X,8.8,6.6,7.8,36,183,7.0,7.0
2019,Mazda,mazda3 4-door 4wd,Compact,2.5,4,AS6,X,9.2,7.0,8.2,34,192,6.0,7.0
2019,Mazda,mazda3 5-door,Mid-size,2.0,4,AS6,X,8.6,6.7,7.7,37,181,7.0,7.0
2019,Mazda,mazda3 5-door (sil),Mid-size,2.0,4,M6,X,8.7,6.6,7.8,36,181,7.0,7.0
2019,Mazda,mazda3 5-door,Mid-size,2.5,4,AS6,X,9.0,6.8,8.0,35,187,7.0,7.0
2019,Mazda,mazda3 5-door,Mid-size,2.5,4,M6,X,9.2,6.6,8.1,35,189,6.0,7.0
2019,Mazda,mazda3 5-door 4wd,Mid-size,2.5,4,AS6,X,9.8,7.4,8.7,32,204,6.0,7.0
2019,Mazda,mazda6,Mid-size,2.5,4,AS6,X,9.1,6.7,8.0,35,187,7.0,7.0
2019,Mazda,mazda6 turbo,Mid-size,2.5,4,AS6,X,10.0,7.5,8.9,32,208,6.0,3.0
2019,Mazda,mx-5,Two-seater,2.0,4,AS6,Z,9.0,6.6,7.9,36,186,7.0,3.0
2019,Mazda,mx-5 (sil),Two-seater,2.0,4,M6,Z,9.0,7.0,8.1,35,189,6.0,3.0
2019,Mercedes-Benz,a 220,Subcompact,2.0,4,AM7,Z,9.7,6.8,8.4,34,195,6.0,5.0
2019,Mercedes-Benz,a 220 4matic,Subcompact,2.0,4,AM7,Z,9.6,7.1,8.5,33,199,6.0,5.0
2019,Mercedes-Benz,a 250,Station wagon: Small,2.0,4,AM7,Z,9.4,6.8,8.3,34,192,6.0,5.0
2019,Mercedes-Benz,a 250 4matic,Station wagon: Small,2.0,4,AM7,Z,9.9,7.0,8.6,33,201,6.0,5.0
2019,Mercedes-Benz,amg c 43 4matic,Compact,3.0,6,A9,Z,12.4,8.7,10.7,26,253,4.0,5.0
2019,Mercedes-Benz,amg c 43 4matic cabriolet,Subcompact,3.0,6,A9,Z,12.7,9.2,11.2,25,263,4.0,5.0
2019,Mercedes-Benz,amg c 43 4matic coupe,Subcompact,3.0,6,A9,Z,12.9,8.8,11.1,25,255,4.0,5.0
2019,Mercedes-Benz,amg c 43 4matic wagon,Station wagon: Small,3.0,6,A9,Z,12.4,8.9,10.8,26,255,4.0,5.0
2019,Mercedes-Benz,amg c 63,Compact,4.0,8,A9,Z,13.2,8.7,11.2,25,263,4.0,5.0
2019,Mercedes-Benz,amg c 63 s,Compact,4.0,8,A9,Z,13.2,8.7,11.2,25,263,4.0,5.0
2019,Mercedes-Benz,amg c 63 s cabriolet,Subcompact,4.0,8,A9,Z,13.9,9.7,12.0,24,282,4.0,5.0
2019,Mercedes-Benz,amg c 63 s coupe,Subcompact,4.0,8,A9,Z,13.9,9.2,11.8,24,277,4.0,5.0
2019,Mercedes-Benz,amg cla 45 4matic,Minicompact,2.0,4,AM7,Z,10.3,7.9,9.2,31,217,5.0,3.0
2019,Mercedes-Benz,amg cls 53 4matic+,Compact,3.0,6,A9,Z,12.4,8.7,10.7,26,235,5.0,5.0
2019,Mercedes-Benz,amg e 53 4matic+,Mid-size,3.0,6,A9,Z,11.2,8.3,9.9,29,232,5.0,5.0
2019,Mercedes-Benz,amg e 53 4matic+ cabriolet,Subcompact,3.0,6,A9,Z,12.5,9.0,10.9,26,245,5.0,5.0
2019,Mercedes-Benz,amg e 53 4matic+ coupe,Subcompact,3.0,6,A9,Z,12.3,8.5,10.6,27,237,5.0,5.0
2019,Mercedes-Benz,amg e 53 4matic+ wagon,Station wagon: Mid-size,3.0,6,A9,Z,11.5,8.6,10.2,28,239,5.0,5.0
2019,Mercedes-Benz,amg e 63 s 4matic+,Mid-size,4.0,8,A9,Z,16.0,10.5,13.5,21,318,3.0,5.0
2019,Mercedes-Benz,amg e 63 s 4matic+ wagon,Station wagon: Mid-size,4.0,8,A9,Z,14.6,10.4,12.7,22,299,3.0,5.0
2019,Mercedes-Benz,amg g 63,Sport utility vehicle: Standard,4.0,8,A9,Z,18.1,15.6,17.0,17,396,1.0,3.0
2019,Mercedes-Benz,amg gla 45 4matic,Station wagon: Mid-size,2.0,4,AM7,Z,10.7,8.3,9.6,29,225,5.0,3.0
2019,Mercedes-Benz,amg glc 43 4matic,Sport utility vehicle: Small,3.0,6,A9,Z,12.5,9.6,11.2,25,262,4.0,5.0
2019,Mercedes-Benz,amg glc 43 4matic coupe,Sport utility vehicle: Small,3.0,6,A9,Z,12.6,9.7,11.3,25,265,4.0,5.0
2019,Mercedes-Benz,amg glc 63 s 4matic+,Sport utility vehicle: Small,4.0,8,A9,Z,15.0,10.9,13.2,21,309,3.0,5.0
2019,Mercedes-Benz,amg glc 63 s 4matic+ coupe,Sport utility vehicle: Small,4.0,8,A9,Z,15.0,10.9,13.2,21,309,3.0,5.0
2019,Mercedes-Benz,amg gle 43 4matic,Sport utility vehicle: Standard,3.0,6,A9,Z,14.0,10.6,12.4,23,292,3.0,3.0
2019,Mercedes-Benz,amg gle 43 4matic coupe,Sport utility vehicle: Standard,3.0,6,A9,Z,14.1,10.9,12.6,22,297,3.0,3.0
2019,Mercedes-Benz,amg gle 63 s 4matic,Sport utility vehicle: Standard,4.7,8,A7,Z,17.7,13.4,15.8,18,370,2.0,3.0
2019,Mercedes-Benz,amg gle 63 s 4matic coupe,Sport utility vehicle: Standard,4.7,8,A7,Z,17.2,12.8,15.2,19,357,2.0,3.0
2019,Mercedes-Benz,amg gls 63 4matic,Sport utility vehicle: Standard,4.7,8,A7,Z,17.8,13.2,15.7,18,370,2.0,3.0
2019,Mercedes-Benz,amg gt 53 4matic+ coupe,Compact,3.0,6,A9,Z,12.4,9.8,11.2,25,264,4.0,6.0
2019,Mercedes-Benz,amg gt 63 4matic+ coupe,Compact,4.0,8,A9,Z,15.5,11.5,13.7,21,323,3.0,5.0
2019,Mercedes-Benz,amg gt 63 s 4matic+ coupe,Compact,4.0,8,A9,Z,15.6,11.5,13.7,21,324,3.0,5.0
2019,Mercedes-Benz,amg gt c coupe,Two-seater,4.0,8,AM7,Z,15.3,11.4,13.5,21,315,3.0,5.0
2019,Mercedes-Benz,amg gt c roadster,Two-seater,4.0,8,AM7,Z,15.2,11.4,13.5,21,315,3.0,5.0
2019,Mercedes-Benz,amg gt r coupe,Two-seater,4.0,8,AM7,Z,15.9,11.8,14.0,20,327,3.0,5.0
2019,Mercedes-Benz,amg s 63 4matic+,Full-size,4.0,8,A9,Z,14.1,8.9,11.8,24,275,4.0,5.0
2019,Mercedes-Benz,amg s 63 4matic+ cabriolet,Subcompact,4.0,8,A9,Z,15.8,9.8,13.1,22,306,3.0,5.0
2019,Mercedes-Benz,amg s 63 4matic+ coupe,Compact,4.0,8,A9,Z,14.0,8.7,11.6,24,271,4.0,5.0
2019,Mercedes-Benz,amg s 65,Full-size,6.0,12,A7,Z,18.6,10.9,15.1,19,356,2.0,3.0
2019,Mercedes-Benz,amg s 65 cabriolet,Subcompact,6.0,12,A9,Z,17.1,11.0,14.3,20,337,2.0,3.0
2019,Mercedes-Benz,amg s 65 coupe,Compact,6.0,12,A9,Z,17.6,11.0,14.6,19,343,2.0,3.0
2019,Mercedes-Benz,amg sl 63,Two-seater,5.5,8,A7,Z,15.3,10.2,13.0,22,303,3.0,1.0
2019,Mercedes-Benz,amg slc 43,Two-seater,3.0,6,A9,Z,11.8,8.2,10.2,28,238,5.0,5.0
2019,Mercedes-Benz,b 250,Station wagon: Small,2.0,4,AM7,Z,9.8,6.8,8.4,34,196,6.0,5.0
2019,Mercedes-Benz,b 250 4matic,Station wagon: Small,2.0,4,AM7,Z,10.3,7.8,9.1,31,215,5.0,5.0
2019,Mercedes-Benz,c 300 4matic,Compact,2.0,4,A9,Z,11.0,7.3,9.4,30,219,5.0,5.0
2019,Mercedes-Benz,c 300 4matic cabriolet,Subcompact,2.0,4,A9,Z,11.3,8.1,9.9,29,231,5.0,5.0
2019,Mercedes-Benz,c 300 4matic coupe,Subcompact,2.0,4,A9,Z,10.9,7.7,9.5,30,221,5.0,5.0
2019,Mercedes-Benz,c 300 4matic wagon,Station wagon: Small,2.0,4,A9,Z,10.9,7.7,9.5,30,221,5.0,5.0
2019,Mercedes-Benz,cla 250,Minicompact,2.0,4,AM7,Z,9.6,6.6,8.2,34,193,6.0,5.0
2019,Mercedes-Benz,cla 250 4matic,Minicompact,2.0,4,AM7,Z,9.9,7.3,8.7,32,204,6.0,5.0
2019,Mercedes-Benz,cls 450 4matic,Compact,3.0,6,A9,Z,11.3,7.9,9.8,29,213,5.0,5.0
2019,Mercedes-Benz,e 300 4matic,Mid-size,2.0,4,A9,Z,11.0,8.1,9.7,29,228,5.0,5.0
2019,Mercedes-Benz,e 450 4matic,Mid-size,3.0,6,A9,Z,11.8,8.5,10.3,27,244,5.0,5.0
2019,Mercedes-Benz,e 450 4matic cabriolet,Subcompact,3.0,6,A9,Z,12.7,10.1,11.6,24,271,4.0,5.0
2019,Mercedes-Benz,e 450 4matic coupe,Subcompact,3.0,6,A9,Z,12.5,9.1,11.0,26,257,4.0,5.0
2019,Mercedes-Benz,e 450 4matic wagon,Station wagon: Mid-size,3.0,6,A9,Z,12.3,8.9,10.8,26,254,4.0,5.0
2019,Mercedes-Benz,g 550,Sport utility vehicle: Standard,4.0,8,A9,Z,18.0,14.1,16.3,17,378,2.0,5.0
2019,Mercedes-Benz,gla 250 4matic,Sport utility vehicle: Small,2.0,4,AM7,Z,10.1,7.6,9.0,31,209,5.0,5.0
2019,Mercedes-Benz,glc 300 4matic,Sport utility vehicle: Small,2.0,4,A9,Z,11.0,8.7,10.0,28,234,4.0,5.0
2019,Mercedes-Benz,glc 300 4matic coupe,Sport utility vehicle: Small,2.0,4,A9,Z,10.8,9.0,10.0,28,234,4.0,5.0
2019,Mercedes-Benz,gle 400 4matic,Sport utility vehicle: Standard,3.0,6,A9,Z,13.5,10.3,12.1,23,282,4.0,3.0
2019,Mercedes-Benz,gls 450 4matic,Sport utility vehicle: Standard,3.0,6,A9,Z,14.9,11.2,13.2,21,312,3.0,3.0
2019,Mercedes-Benz,gls 550 4matic,Sport utility vehicle: Standard,4.7,8,A9,Z,17.2,12.6,15.1,19,355,2.0,3.0
2019,Mercedes-Benz,maybach s 560 4matic,Full-size,4.0,8,A9,Z,14.4,9.5,12.2,23,286,3.0,5.0
2019,Mercedes-Benz,maybach s 650,Full-size,6.0,12,A7,Z,18.4,11.1,15.1,19,355,2.0,3.0
2019,Mercedes-Benz,metris cargo,Special purpose vehicle,2.0,4,A7,Z,11.5,9.8,10.7,26,251,4.0,5.0
2019,Mercedes-Benz,metris cargo lwb,Special purpose vehicle,2.0,4,A7,Z,11.3,9.6,10.5,27,248,4.0,5.0
2019,Mercedes-Benz,metris passenger,Special purpose vehicle,2.0,4,A7,Z,12.3,10.3,11.4,25,268,4.0,5.0
2019,Mercedes-Benz,s 450 4matic swb,Mid-size,3.0,6,A9,Z,12.8,8.5,10.8,26,253,4.0,3.0
2019,Mercedes-Benz,s 560 4matic swb,Mid-size,4.0,8,A9,Z,13.5,8.6,11.3,25,265,4.0,5.0
2019,Mercedes-Benz,s 560 4matic,Full-size,4.0,8,A9,Z,13.5,8.6,11.3,25,265,4.0,5.0
2019,Mercedes-Benz,s 560 cabriolet,Subcompact,4.0,8,A9,Z,13.8,9.2,11.7,24,275,4.0,5.0
2019,Mercedes-Benz,sl 450,Two-seater,3.0,6,A9,Z,11.8,8.5,10.3,27,241,5.0,3.0
2019,Mercedes-Benz,sl 550,Two-seater,4.7,8,A9,Z,13.5,9.3,11.6,24,270,4.0,1.0
2019,Mercedes-Benz,slc 300,Two-seater,2.0,4,A9,Z,10.0,7.3,8.8,32,205,6.0,3.0
2019,MINI,cooper 3 door,Subcompact,1.5,3,AS6,Z,8.8,6.8,7.9,36,184,7.0,7.0
2019,MINI,cooper 3 door,Subcompact,1.5,3,M6,Z,8.5,6.2,7.5,38,175,7.0,7.0
2019,MINI,cooper 5 door,Subcompact,1.5,3,AS6,Z,8.8,6.8,7.9,36,184,7.0,7.0
2019,MINI,cooper 5 door,Subcompact,1.5,3,M6,Z,8.4,6.3,7.5,38,175,7.0,7.0
2019,MINI,cooper clubman all4,Mid-size,1.5,3,AS8,Z,10.2,7.6,9.0,31,212,5.0,3.0
2019,MINI,cooper clubman all4,Mid-size,1.5,3,M6,Z,10.5,7.4,9.1,31,214,5.0,3.0
2019,MINI,cooper convertible,Minicompact,1.5,3,AS6,Z,8.8,6.8,7.9,36,184,7.0,7.0
2019,MINI,cooper convertible,Minicompact,1.5,3,M6,Z,8.4,6.3,7.5,38,175,7.0,7.0
2019,MINI,cooper countryman all4,Station wagon: Small,1.5,3,AS8,Z,10.3,7.9,9.2,31,215,5.0,3.0
2019,MINI,cooper countryman all4,Station wagon: Small,1.5,3,M6,Z,10.5,7.4,9.1,31,214,5.0,3.0
2019,MINI,cooper s 3 door,Subcompact,2.0,4,AS6,Z,9.3,7.3,8.4,34,197,6.0,7.0
2019,MINI,cooper s 3 door,Subcompact,2.0,4,M6,Z,10.2,7.4,9.0,31,210,5.0,7.0
2019,MINI,cooper s 5 door,Subcompact,2.0,4,AS6,Z,9.3,7.3,8.4,34,197,6.0,7.0
2019,MINI,cooper s 5 door,Subcompact,2.0,4,M6,Z,10.2,7.4,9.0,31,210,5.0,7.0
2019,MINI,cooper s clubman all4,Mid-size,2.0,4,AS8,Z,10.4,7.6,9.2,31,214,5.0,7.0
2019,MINI,cooper s clubman all4,Mid-size,2.0,4,M6,Z,11.4,7.7,9.7,29,227,5.0,7.0
2019,MINI,cooper s convertible,Minicompact,2.0,4,AS6,Z,9.4,7.2,8.4,34,197,6.0,7.0
2019,MINI,cooper s convertible,Minicompact,2.0,4,M6,Z,10.2,7.4,9.0,31,210,5.0,7.0
2019,MINI,cooper s countryman all4,Mid-size,2.0,4,AS8,Z,10.5,7.6,9.2,31,215,5.0,7.0
2019,MINI,cooper s countryman all4,Mid-size,2.0,4,M6,Z,11.3,7.8,9.7,29,228,5.0,7.0
2019,MINI,john cooper works 3 door,Subcompact,2.0,4,AS6,Z,9.3,7.3,8.4,34,197,6.0,3.0
2019,MINI,john cooper works 3 door,Subcompact,2.0,4,M6,Z,10.2,7.4,9.0,31,210,5.0,3.0
2019,MINI,john cooper works clubman all4,Mid-size,2.0,4,AS8,Z,10.4,7.6,9.2,31,214,5.0,3.0
2019,MINI,john cooper works clubman all4,Mid-size,2.0,4,M6,Z,11.4,7.7,9.7,29,227,5.0,3.0
2019,MINI,john cooper works convertible,Minicompact,2.0,4,AS6,Z,9.4,7.2,8.4,34,197,6.0,3.0
2019,MINI,john cooper works convertible,Minicompact,2.0,4,M6,Z,10.8,7.7,9.4,30,220,5.0,3.0
2019,MINI,john cooper works countryman all4,Mid-size,2.0,4,AS8,Z,10.6,7.8,9.3,30,220,5.0,3.0
2019,MINI,john cooper works countryman all4,Mid-size,2.0,4,M6,Z,11.3,7.8,9.7,29,228,5.0,3.0
2019,Mitsubishi,eclipse cross 4wd,Sport utility vehicle: Small,1.5,4,AV8,X,9.6,8.9,9.3,30,216,5.0,5.0
2019,Mitsubishi,mirage,Compact,1.2,3,AV,X,6.6,5.6,6.2,46,143,9.0,5.0
2019,Mitsubishi,mirage,Compact,1.2,3,M5,X,7.1,5.8,6.5,43,151,8.0,5.0
2019,Mitsubishi,mirage g4,Compact,1.2,3,AV,X,6.9,5.7,6.4,44,148,8.0,5.0
2019,Mitsubishi,mirage g4,Compact,1.2,3,M5,X,7.2,5.9,6.6,43,153,8.0,5.0
2019,Mitsubishi,outlander 4wd,Sport utility vehicle: Small,2.4,4,AV6,X,9.9,8.1,9.1,31,212,5.0,5.0
2019,Mitsubishi,outlander 4wd,Sport utility vehicle: Small,3.0,6,AS6,Z,12.0,8.8,10.6,27,246,4.0,5.0
2019,Mitsubishi,rvr,Sport utility vehicle: Small,2.0,4,AV6,X,9.7,7.8,8.8,32,206,6.0,5.0
2019,Mitsubishi,rvr 4wd,Sport utility vehicle: Small,2.0,4,AV6,X,10.1,8.2,9.2,31,213,5.0,5.0
2019,Mitsubishi,rvr 4wd,Sport utility vehicle: Small,2.4,4,AV6,X,10.3,8.3,9.4,30,218,5.0,5.0
2019,Nissan,370z,Two-seater,3.7,6,AS7,Z,12.6,9.3,11.1,25,261,4.0,3.0
2019,Nissan,370z,Two-seater,3.7,6,M6,Z,13.3,9.3,11.5,25,270,4.0,3.0
2019,Nissan,370z roadster,Two-seater,3.7,6,AS7,Z,13.0,9.7,11.5,25,271,4.0,3.0
2019,Nissan,370z roadster,Two-seater,3.7,6,M6,Z,13.6,9.7,11.8,24,279,4.0,3.0
2019,Nissan,altima,Mid-size,2.5,4,AV,X,8.6,6.1,7.4,38,174,7.0,7.0
2019,Nissan,altima sr/platinum,Mid-size,2.0,4,AV,X,9.1,6.9,8.1,35,190,6.0,5.0
2019,Nissan,altima sr/platinum,Mid-size,2.5,4,AV,X,8.5,6.3,7.5,38,177,7.0,7.0
2019,Nissan,altima awd,Mid-size,2.5,4,AV,X,8.9,6.8,8.0,35,187,7.0,7.0
2019,Nissan,altima awd sr/platinum,Mid-size,2.5,4,AV,X,9.1,7.0,8.1,35,191,6.0,7.0
2019,Nissan,armada 4wd,Sport utility vehicle: Standard,5.6,8,AS7,X,17.7,12.9,15.5,18,364,2.0,3.0
2019,Nissan,frontier,Pickup truck: Small,2.5,4,A5,X,13.7,10.7,12.3,23,290,3.0,3.0
2019,Nissan,frontier,Pickup truck: Small,4.0,6,A5,X,14.7,10.3,12.7,22,299,3.0,3.0
2019,Nissan,frontier 4wd,Pickup truck: Small,4.0,6,A5,X,15.8,11.5,13.9,20,326,3.0,3.0
2019,Nissan,frontier 4wd,Pickup truck: Small,4.0,6,M6,X,15.1,11.5,13.5,21,317,3.0,3.0
2019,Nissan,gt-r,Subcompact,3.8,6,AM6,Z,14.2,10.7,12.6,22,295,3.0,3.0
2019,Nissan,kicks,Mid-size,1.6,4,AV,X,7.7,6.6,7.2,39,169,8.0,7.0
2019,Nissan,maxima,Mid-size,3.5,6,AV7,Z,11.6,7.9,9.9,29,233,5.0,3.0
2019,Nissan,micra,Compact,1.6,4,A4,X,9.0,6.8,8.0,35,188,6.0,3.0
2019,Nissan,micra,Compact,1.6,4,M5,X,8.7,6.8,7.9,36,186,7.0,3.0
2019,Nissan,murano,Station wagon: Mid-size,3.5,6,AV7,X,11.7,8.3,10.2,28,240,5.0,5.0
2019,Nissan,murano awd,Station wagon: Mid-size,3.5,6,AV7,X,11.9,8.5,10.4,27,244,5.0,5.0
2019,Nissan,nv200 cargo van,Special purpose vehicle,2.0,4,AV,X,9.8,8.8,9.3,30,218,5.0,3.0
2019,Nissan,pathfinder,Sport utility vehicle: Small,3.5,6,AV,X,11.6,8.5,10.2,28,240,5.0,5.0
2019,Nissan,pathfinder 4wd,Sport utility vehicle: Small,3.5,6,AV,X,12.1,8.9,10.7,26,250,4.0,5.0
2019,Nissan,pathfinder 4wd platinum,Sport utility vehicle: Small,3.5,6,AV,X,12.4,9.2,11.0,26,259,4.0,3.0
2019,Nissan,qashqai,Station wagon: Small,2.0,4,AV7,X,8.8,7.5,8.2,34,193,6.0,5.0
2019,Nissan,qashqai,Station wagon: Small,2.0,4,M6,X,10.1,8.1,9.2,31,217,5.0,5.0
2019,Nissan,qashqai awd,Station wagon: Small,2.0,4,AV7,X,9.3,7.9,8.7,32,203,6.0,5.0
2019,Nissan,rogue,Sport utility vehicle: Small,2.5,4,AV,X,9.1,7.1,8.2,34,192,6.0,7.0
2019,Nissan,rogue awd,Sport utility vehicle: Small,2.5,4,AV,X,9.7,7.6,8.8,32,206,6.0,7.0
2019,Nissan,sentra (turbo),Mid-size,1.6,4,AV7,Z,8.9,7.3,8.2,34,193,6.0,3.0
2019,Nissan,sentra (turbo),Mid-size,1.6,4,M6,Z,9.1,7.3,8.3,34,195,6.0,3.0
2019,Nissan,sentra,Mid-size,1.8,4,AV,X,8.1,6.3,7.3,39,172,7.0,7.0
2019,Nissan,sentra,Mid-size,1.8,4,M6,X,8.8,6.6,7.8,36,183,7.0,1.0
2019,Nissan,sentra nismo,Mid-size,1.6,4,AV7,Z,9.4,7.8,8.7,32,205,6.0,3.0
2019,Nissan,sentra nismo,Mid-size,1.6,4,M6,Z,9.5,7.6,8.7,32,204,6.0,3.0
2019,Nissan,titan,Pickup truck: Standard,5.6,8,AS7,X,15.0,11.2,13.3,21,312,3.0,3.0
2019,Nissan,titan 4wd,Pickup truck: Standard,5.6,8,AS7,X,15.2,11.1,13.4,21,315,3.0,3.0
2019,Nissan,titan 4wd pro-4x,Pickup truck: Standard,5.6,8,AS7,X,15.9,11.9,14.1,20,331,3.0,3.0
2019,Nissan,versa,Mid-size,1.6,4,AV,X,7.6,6.2,7.0,40,164,8.0,5.0
2019,Nissan,versa,Mid-size,1.6,4,M5,X,8.6,6.6,7.7,37,180,7.0,5.0
2019,Porsche,911 carrera,Minicompact,3.0,6,AM7,Z,10.6,8.0,9.4,30,221,5.0,1.0
2019,Porsche,911 carrera,Minicompact,3.0,6,M7,Z,11.8,8.1,10.1,28,237,5.0,1.0
2019,Porsche,911 carrera 4,Minicompact,3.0,6,AM7,Z,10.7,8.3,9.6,29,225,5.0,1.0
2019,Porsche,911 carrera 4,Minicompact,3.0,6,M7,Z,12.1,8.3,10.4,27,242,5.0,1.0
2019,Porsche,911 carrera cabriolet,Minicompact,3.0,6,AM7,Z,10.8,8.3,9.7,29,227,5.0,1.0
2019,Porsche,911 carrera cabriolet,Minicompact,3.0,6,M7,Z,12.0,8.2,10.3,27,241,5.0,1.0
2019,Porsche,911 carrera 4 cabriolet,Minicompact,3.0,6,AM7,Z,11.0,8.4,9.8,29,230,5.0,1.0
2019,Porsche,911 carrera 4 cabriolet,Minicompact,3.0,6,M7,Z,12.2,8.5,10.5,27,246,5.0,1.0
2019,Porsche,911 carrera s,Minicompact,3.0,6,AM7,Z,10.8,8.3,9.7,29,226,5.0,1.0
2019,Porsche,911 carrera s,Minicompact,3.0,6,M7,Z,12.1,8.3,10.3,27,242,5.0,1.0
2019,Porsche,911 carrera 4s,Minicompact,3.0,6,AM7,Z,11.1,8.5,9.9,29,232,5.0,1.0
2019,Porsche,911 carrera 4s,Minicompact,3.0,6,M7,Z,12.1,8.4,10.4,27,243,5.0,1.0
2019,Porsche,911 carrera s cabriolet,Minicompact,3.0,6,AM7,Z,10.8,8.4,9.7,29,228,5.0,1.0
2019,Porsche,911 carrera s cabriolet,Minicompact,3.0,6,M7,Z,12.1,8.3,10.4,27,243,5.0,1.0
2019,Porsche,911 carrera 4s cabriolet,Minicompact,3.0,6,AM7,Z,11.0,8.5,9.9,29,231,5.0,1.0
2019,Porsche,911 carrera 4s cabriolet,Minicompact,3.0,6,M7,Z,12.2,8.5,10.5,27,246,4.0,1.0
2019,Porsche,911 carrera t,Minicompact,3.0,6,AM7,Z,11.9,9.1,10.6,27,248,4.0,1.0
2019,Porsche,911 carrera t,Minicompact,3.0,6,M7,Z,14.6,9.4,12.3,23,286,3.0,1.0
2019,Porsche,911 carrera gts,Minicompact,3.0,6,AM7,Z,11.5,9.1,10.4,27,243,5.0,1.0
2019,Porsche,911 carrera gts,Minicompact,3.0,6,M7,Z,13.0,8.9,11.2,25,260,4.0,1.0
2019,Porsche,911 carrera 4 gts,Minicompact,3.0,6,AM7,Z,11.8,9.2,10.6,27,248,4.0,1.0
2019,Porsche,911 carrera 4 gts,Minicompact,3.0,6,M7,Z,12.8,8.9,11.0,26,257,4.0,1.0
2019,Porsche,911 carrera gts cabriolet,Minicompact,3.0,6,AM7,Z,11.8,9.2,10.7,26,249,4.0,1.0
2019,Porsche,911 carrera gts cabriolet,Minicompact,3.0,6,M7,Z,12.7,9.0,11.0,26,258,4.0,1.0
2019,Porsche,911 carrera 4 gts cabriolet,Minicompact,3.0,6,AM7,Z,11.9,9.3,10.7,26,250,4.0,1.0
2019,Porsche,911 carrera 4 gts cabriolet,Minicompact,3.0,6,M7,Z,12.9,9.1,11.2,25,260,4.0,1.0
2019,Porsche,911 gt2 rs,Two-seater,3.8,6,AM7,Z,15.3,11.2,13.5,21,315,3.0,1.0
2019,Porsche,911 gt3,Two-seater,4.0,6,AM7,Z,15.8,11.7,13.9,20,324,3.0,1.0
2019,Porsche,911 gt3,Two-seater,4.0,6,M6,Z,18.0,11.5,15.1,19,352,2.0,1.0
2019,Porsche,911 gt3 rs,Two-seater,4.0,6,AM7,Z,16.1,12.2,14.4,20,335,3.0,1.0
2019,Porsche,911 gt3 touring,Two-seater,4.0,6,M6,Z,16.4,11.2,14.1,20,334,3.0,1.0
2019,Porsche,911 speedster,Two-seater,4.0,6,M6,Z,17.4,12.4,15.1,19,350,2.0,1.0
2019,Porsche,911 targa 4,Minicompact,3.0,6,AM7,Z,10.9,8.4,9.8,29,228,5.0,1.0
2019,Porsche,911 targa 4,Minicompact,3.0,6,M7,Z,12.2,8.5,10.5,27,246,5.0,1.0
2019,Porsche,911 targa 4s,Minicompact,3.0,6,AM7,Z,11.1,8.6,10.0,28,233,5.0,1.0
2019,Porsche,911 targa 4s,Minicompact,3.0,6,M7,Z,12.2,8.5,10.5,27,246,4.0,1.0
2019,Porsche,911 targa 4 gts,Minicompact,3.0,6,AM7,Z,12.1,9.2,10.8,26,251,4.0,1.0
2019,Porsche,911 targa 4 gts,Minicompact,3.0,6,M7,Z,13.2,9.2,11.4,25,266,4.0,1.0
2019,Porsche,911 turbo,Minicompact,3.8,6,AM7,Z,12.6,9.9,11.4,25,266,4.0,1.0
2019,Porsche,911 turbo cabriolet,Minicompact,3.8,6,AM7,Z,12.7,9.9,11.4,25,267,4.0,1.0
2019,Porsche,911 turbo s,Minicompact,3.8,6,AM7,Z,12.6,9.9,11.4,25,266,4.0,1.0
2019,Porsche,911 turbo s cabriolet,Minicompact,3.8,6,AM7,Z,12.7,9.9,11.4,25,267,4.0,1.0
2019,Porsche,911 turbo s exclusive cabriolet,Minicompact,3.8,6,AM7,Z,14.3,10.9,12.7,22,297,3.0,1.0
2019,Porsche,boxster,Two-seater,2.0,4,AM7,Z,10.5,8.0,9.4,30,219,5.0,3.0
2019,Porsche,boxster,Two-seater,2.0,4,M6,Z,11.0,8.3,9.8,29,229,5.0,3.0
2019,Porsche,boxster s,Two-seater,2.5,4,AM7,Z,11.1,8.4,9.9,29,231,5.0,3.0
2019,Porsche,boxster s,Two-seater,2.5,4,M6,Z,12.1,9.0,10.7,26,249,4.0,3.0
2019,Porsche,boxster gts,Two-seater,2.5,4,AM7,Z,11.8,9.2,10.6,27,249,4.0,3.0
2019,Porsche,boxster gts,Two-seater,2.5,4,M6,Z,12.3,9.4,11.0,26,257,4.0,3.0
2019,Porsche,cayenne,Sport utility vehicle: Standard,3.0,6,AS8,Z,12.5,10.0,11.4,25,265,4.0,5.0
2019,Porsche,cayenne s,Sport utility vehicle: Standard,2.9,6,AS8,Z,12.9,10.4,11.8,24,275,4.0,5.0
2019,Porsche,cayenne turbo,Sport utility vehicle: Standard,4.0,8,AS8,Z,15.6,12.4,14.1,20,329,3.0,3.0
2019,Porsche,cayman,Two-seater,2.0,4,AM7,Z,10.5,8.0,9.4,30,219,5.0,3.0
2019,Porsche,cayman,Two-seater,2.0,4,M6,Z,11.0,8.3,9.8,29,229,5.0,3.0
2019,Porsche,cayman s,Two-seater,2.5,4,AM7,Z,11.1,8.4,9.9,29,231,5.0,3.0
2019,Porsche,cayman s,Two-seater,2.5,4,M6,Z,12.1,9.0,10.7,26,249,4.0,3.0
2019,Porsche,cayman gts,Two-seater,2.5,4,AM7,Z,11.8,9.2,10.6,27,249,4.0,3.0
2019,Porsche,cayman gts,Two-seater,2.5,4,M6,Z,12.3,9.4,11.0,26,257,4.0,3.0
2019,Porsche,macan,Sport utility vehicle: Small,2.0,4,AM7,Z,12.2,10.2,11.3,25,264,4.0,5.0
2019,Porsche,macan s,Sport utility vehicle: Small,3.0,6,AM7,Z,12.9,10.2,11.7,24,272,4.0,5.0
2019,Porsche,panamera,Full-size,3.0,6,AM8,Z,12.4,8.7,10.7,26,250,4.0,5.0
2019,Porsche,panamera 4,Full-size,3.0,6,AM8,Z,12.4,9.0,10.9,26,253,4.0,5.0
2019,Porsche,panamera 4 executive,Full-size,3.0,6,AM8,Z,12.4,9.0,10.9,26,253,4.0,5.0
2019,Porsche,panamera 4 st,Full-size,3.0,6,AM8,Z,12.2,8.9,10.7,26,250,4.0,5.0
2019,Porsche,panamera 4s,Full-size,2.9,6,AM8,Z,13.1,8.9,11.2,25,261,4.0,5.0
2019,Porsche,panamera 4s executive,Full-size,2.9,6,AM8,Z,13.1,8.9,11.2,25,261,4.0,5.0
2019,Porsche,panamera 4s st,Full-size,2.9,6,AM8,Z,13.1,9.8,11.6,24,273,4.0,5.0
2019,Porsche,panamera gts,Full-size,4.0,8,AM8,Z,14.5,10.2,12.6,22,295,3.0,3.0
2019,Porsche,panamera gts st,Full-size,4.0,8,AM8,Z,15.7,10.5,13.4,21,313,3.0,3.0
2019,Porsche,panamera turbo,Full-size,4.0,8,AM8,Z,12.8,9.2,11.2,25,261,4.0,3.0
2019,Porsche,panamera turbo executive,Full-size,4.0,8,AM8,Z,12.8,9.2,11.2,25,261,4.0,3.0
2019,Porsche,panamera turbo st,Full-size,4.0,8,AM8,Z,13.4,10.1,11.9,24,279,4.0,3.0
2019,Ram,1500 etorque,Pickup truck: Standard,3.6,6,A8,X,11.9,9.4,10.8,26,253,4.0,5.0
2019,Ram,1500 hfe etorque,Pickup truck: Standard,3.6,6,A8,X,11.6,9.0,10.4,27,246,5.0,5.0
2019,Ram,1500,Pickup truck: Standard,5.7,8,A8,X,16.2,10.5,13.6,21,320,3.0,5.0
2019,Ram,1500 etorque,Pickup truck: Standard,5.7,8,A8,X,14.1,10.3,12.4,23,290,3.0,5.0
2019,Ram,1500 4x4 etorque,Pickup truck: Standard,3.6,6,A8,X,12.2,9.7,11.1,25,260,4.0,5.0
2019,Ram,1500 4x4,Pickup truck: Standard,5.7,8,A8,X,16.1,11.0,13.8,20,325,3.0,5.0
2019,Ram,1500 4x4 etorque,Pickup truck: Standard,5.7,8,A8,X,14.3,11.1,12.9,22,302,3.0,5.0
2019,Ram,1500 classic ecodiesel,Pickup truck: Standard,3.0,6,A8,D,11.8,8.6,10.4,27,278,4.0,1.0
2019,Ram,1500 classic ffv,Pickup truck: Standard,3.6,6,A8,X,13.9,9.6,11.9,24,280,4.0,3.0
2019,Ram,1500 classic ffv,Pickup truck: Standard,3.6,6,A8,E,19.7,13.8,17.0,17,283,4.0,3.0
2019,Ram,1500 classic,Pickup truck: Standard,5.7,8,A6,X,17.0,12.0,14.8,19,346,2.0,3.0
2019,Ram,1500 classic,Pickup truck: Standard,5.7,8,A8,X,15.7,11.0,13.6,21,319,3.0,3.0
2019,Ram,1500 classic 4x4 ecodiesel,Pickup truck: Standard,3.0,6,A8,D,12.3,8.8,10.8,26,289,3.0,1.0
2019,Ram,1500 classic 4x4 ffv,Pickup truck: Standard,3.6,6,A8,X,14.5,10.2,12.6,22,294,3.0,3.0
2019,Ram,1500 classic 4x4 ffv,Pickup truck: Standard,3.6,6,A8,E,20.7,14.7,18.0,16,300,3.0,3.0
2019,Ram,1500 classic 4x4,Pickup truck: Standard,5.7,8,A6,X,18.7,13.3,16.3,17,382,1.0,3.0
2019,Ram,1500 classic 4x4,Pickup truck: Standard,5.7,8,A8,X,16.1,11.5,14.0,20,328,3.0,3.0
2019,Ram,promaster city,Special purpose vehicle,2.4,4,A9,X,11.2,8.3,9.9,29,232,5.0,3.0
2019,Rolls-Royce,cullinan,Station wagon: Mid-size,6.7,12,AS8,Z,20.0,11.8,16.3,17,382,1.0,3.0
2019,Rolls-Royce,dawn,Compact,6.6,12,AS8,Z,20.3,13.0,17.0,17,397,1.0,3.0
2019,Rolls-Royce,dawn black badge,Compact,6.6,12,AS8,Z,20.3,13.0,17.0,17,397,1.0,3.0
2019,Rolls-Royce,ghost,Full-size,6.6,12,AS8,Z,20.3,13.0,17.0,17,397,1.0,3.0
2019,Rolls-Royce,ghost ewb,Full-size,6.6,12,AS8,Z,20.3,13.0,17.0,17,397,1.0,3.0
2019,Rolls-Royce,phantom,Full-size,6.7,12,AS8,Z,20.0,11.8,16.3,17,382,1.0,3.0
2019,Rolls-Royce,phantom ewb,Full-size,6.7,12,AS8,Z,20.0,11.8,16.3,17,382,1.0,3.0
2019,Rolls-Royce,wraith,Mid-size,6.6,12,AS8,Z,19.6,12.9,16.6,17,388,1.0,3.0
2019,Rolls-Royce,wraith black badge,Mid-size,6.6,12,AS8,Z,19.6,12.9,16.6,17,388,1.0,3.0
2019,Subaru,ascent awd,Sport utility vehicle: Standard,2.4,4,AV8,X,11.6,9.0,10.4,27,244,5.0,3.0
2019,Subaru,brz,Minicompact,2.0,4,AS6,Z,9.7,7.2,8.6,33,200,6.0,1.0
2019,Subaru,brz,Minicompact,2.0,4,M6,Z,11.2,8.3,9.9,29,231,5.0,1.0
2019,Subaru,crosstrek awd,Sport utility vehicle: Small,2.0,4,AV7,X,8.8,7.2,8.1,35,188,6.0,6.0
2019,Subaru,crosstrek awd,Sport utility vehicle: Small,2.0,4,M6,X,10.5,8.1,9.4,30,220,5.0,6.0
2019,Subaru,forester awd,Sport utility vehicle: Small,2.5,4,AV7,X,9.0,7.2,8.2,34,192,6.0,6.0
2019,Subaru,impreza 4-door awd,Mid-size,2.0,4,AV7,X,8.3,6.4,7.5,38,174,7.0,6.0
2019,Subaru,impreza 4-door awd,Mid-size,2.0,4,M5,X,10.1,7.5,8.9,32,209,5.0,6.0
2019,Subaru,impreza 5-door awd,Station wagon: Small,2.0,4,AV7,X,8.4,6.6,7.6,37,177,7.0,6.0
2019,Subaru,impreza 5-door awd,Station wagon: Small,2.0,4,M5,X,10.1,7.7,9.0,31,211,5.0,6.0
2019,Subaru,legacy awd,Mid-size,2.5,4,AV7,X,9.3,7.0,8.2,34,193,6.0,5.0
2019,Subaru,legacy awd,Mid-size,3.6,6,AV6,X,11.9,8.3,10.3,27,241,5.0,3.0
2019,Subaru,outback awd,Sport utility vehicle: Small,2.5,4,AV7,X,9.4,7.3,8.5,33,198,6.0,5.0
2019,Subaru,outback awd,Sport utility vehicle: Small,3.6,6,AV6,X,12.0,8.7,10.5,27,247,4.0,3.0
2019,Subaru,wrx awd,Compact,2.0,4,AV8,Z,12.6,9.6,11.2,25,256,4.0,1.0
2019,Subaru,wrx awd,Compact,2.0,4,M6,Z,11.3,8.5,10.0,28,235,5.0,1.0
2019,Subaru,wrx sti awd,Compact,2.5,4,M6,Z,14.3,10.7,12.7,22,296,3.0,1.0
2019,Toyota,4runner 4wd,Sport utility vehicle: Standard,4.0,6,AS5,X,14.3,11.9,13.2,21,308,3.0,3.0
2019,Toyota,4runner 4wd (part-time 4wd),Sport utility vehicle: Standard,4.0,6,AS5,X,14.3,11.9,13.2,21,308,3.0,3.0
2019,Toyota,86,Minicompact,2.0,4,AS6,Z,9.9,7.3,8.7,32,204,6.0,1.0
2019,Toyota,86,Minicompact,2.0,4,M6,Z,11.3,8.3,9.9,29,232,5.0,1.0
2019,Toyota,avalon,Mid-size,3.5,6,AS8,X,10.9,7.6,9.4,30,220,5.0,5.0
2019,Toyota,camry,Mid-size,2.5,4,AS8,X,8.1,5.7,6.9,41,164,8.0,7.0
2019,Toyota,camry le/se,Mid-size,2.5,4,AS8,X,8.4,6.1,7.4,38,173,7.0,7.0
2019,Toyota,camry xle/xse,Mid-size,2.5,4,AS8,X,8.5,6.2,7.5,38,175,7.0,7.0
2019,Toyota,camry,Mid-size,3.5,6,AS8,X,10.5,7.1,9.0,31,210,5.0,5.0
2019,Toyota,camry xse,Mid-size,3.5,6,AS8,X,10.7,7.4,9.2,31,215,5.0,5.0
2019,Toyota,camry hybrid le,Mid-size,2.5,4,AV6,X,4.9,4.8,4.9,58,113,10.0,7.0
2019,Toyota,camry hybrid xle/se,Mid-size,2.5,4,AV6,X,5.3,5.0,5.1,55,121,10.0,7.0
2019,Toyota,c-hr,Compact,2.0,4,AS7,X,8.7,7.5,8.2,34,189,6.0,3.0
2019,Toyota,corolla,Mid-size,1.8,4,AV,X,8.3,6.5,7.5,38,174,7.0,3.0
2019,Toyota,corolla le eco,Mid-size,1.8,4,AV,X,7.8,5.9,6.9,41,163,8.0,5.0
2019,Toyota,corolla,Mid-size,1.8,4,AV7,X,8.3,6.7,7.6,37,178,7.0,3.0
2019,Toyota,corolla,Mid-size,1.8,4,M6,X,8.5,6.6,7.6,37,178,7.0,3.0
2019,Toyota,corolla hatchback,Compact,2.0,4,AV10,X,7.5,5.8,6.7,42,157,8.0,6.0
2019,Toyota,corolla hatchback,Compact,2.0,4,M6,X,8.4,6.3,7.5,38,174,7.0,6.0
2019,Toyota,highlander,Sport utility vehicle: Small,3.5,6,AS8,X,11.8,8.7,10.3,27,243,5.0,5.0
2019,Toyota,highlander awd,Sport utility vehicle: Standard,3.5,6,AS8,X,12.1,9.0,10.6,27,250,4.0,5.0
2019,Toyota,highlander awd (start/stop system),Sport utility vehicle: Standard,3.5,6,AS8,X,12.0,8.9,10.6,27,248,4.0,5.0
2019,Toyota,highlander awd le,Sport utility vehicle: Standard,3.5,6,AS8,X,11.7,8.8,10.4,27,242,5.0,5.0
2019,Toyota,highlander hybrid awd,Sport utility vehicle: Standard,3.5,6,AV6,X,8.1,8.5,8.3,34,193,6.0,7.0
2019,Toyota,prius,Mid-size,1.8,4,AV,X,4.4,4.6,4.4,64,105,10.0,7.0
2019,Toyota,prius awd,Mid-size,1.8,4,AV,X,4.5,4.9,4.7,60,109,10.0,7.0
2019,Toyota,prius c,Compact,1.5,4,AV,X,4.9,5.5,5.1,55,120,10.0,7.0
2019,Toyota,rav4,Sport utility vehicle: Small,2.5,4,AS8,X,8.8,6.7,7.8,36,183,7.0,6.0
2019,Toyota,rav4 awd,Sport utility vehicle: Small,2.5,4,AS8,X,9.2,7.1,8.3,34,190,6.0,6.0
2019,Toyota,rav4 hybrid awd,Sport utility vehicle: Small,2.5,4,AV6,X,5.8,6.3,6.0,47,140,9.0,7.0
2019,Toyota,sequoia 4wd,Sport utility vehicle: Standard,5.7,8,AS6,X,18.4,13.8,16.4,17,384,1.0,5.0
2019,Toyota,sienna,Minivan,3.5,6,AS8,X,12.4,8.9,10.8,26,254,4.0,5.0
2019,Toyota,sienna awd,Minivan,3.5,6,AS8,X,13.4,9.6,11.7,24,274,4.0,5.0
2019,Toyota,tacoma,Pickup truck: Small,2.7,4,AS6,X,12.1,10.1,11.2,25,263,4.0,5.0
2019,Toyota,tacoma 4wd,Pickup truck: Small,2.7,4,AS6,X,12.7,10.6,11.7,24,274,4.0,5.0
2019,Toyota,tacoma 4wd,Pickup truck: Small,3.5,6,AS6,X,13.0,10.5,11.9,24,278,4.0,5.0
2019,Toyota,tacoma 4wd,Pickup truck: Small,3.5,6,M6,X,13.8,11.4,12.7,22,299,3.0,5.0
2019,Toyota,tacoma 4wd d-cab off-road,Pickup truck: Small,3.5,6,M6,X,13.8,11.7,12.9,22,300,3.0,5.0
2019,Toyota,tundra,Pickup truck: Standard,5.7,8,AS6,X,17.7,13.6,15.9,18,371,2.0,5.0
2019,Toyota,tundra 4wd,Pickup truck: Standard,4.6,8,AS6,X,16.8,13.1,14.9,19,354,2.0,3.0
2019,Toyota,tundra 4wd,Pickup truck: Standard,5.7,8,AS6,X,18.0,14.1,16.3,17,382,1.0,5.0
2019,Toyota,yaris,Compact,1.5,4,AS6,X,7.3,5.8,6.6,43,155,8.0,3.0
2019,Toyota,yaris (sil),Compact,1.5,4,M6,X,7.8,6.0,6.8,42,164,8.0,3.0
2019,Toyota,yaris hatchback,Compact,1.5,4,A4,X,7.9,6.8,7.4,38,173,7.0,3.0
2019,Toyota,yaris hatchback,Compact,1.5,4,M5,X,7.8,6.5,7.2,39,169,8.0,3.0
2019,Volkswagen,arteon 4motion,Full-size,2.0,4,AS8,Z,12.0,8.6,10.4,27,244,5.0,3.0
2019,Volkswagen,atlas,Sport utility vehicle: Small,2.0,4,AS8,X,11.6,9.1,10.5,27,245,5.0,3.0
2019,Volkswagen,atlas 4motion,Sport utility vehicle: Standard,3.6,6,AS8,X,13.8,10.2,12.2,23,286,3.0,5.0
2019,Volkswagen,beetle,Compact,2.0,4,AS6,X,9.0,7.1,8.2,34,191,6.0,7.0
2019,Volkswagen,beetle convertible,Subcompact,2.0,4,AS6,X,9.0,7.1,8.2,34,191,6.0,7.0
2019,Volkswagen,beetle dune,Compact,2.0,4,AS6,X,9.1,6.9,8.1,35,189,6.0,7.0
2019,Volkswagen,beetle dune convertible,Subcompact,2.0,4,AS6,X,9.1,6.9,8.1,35,189,6.0,7.0
2019,Volkswagen,golf,Compact,1.4,4,AS8,X,8.1,6.4,7.4,38,172,7.0,7.0
2019,Volkswagen,golf,Compact,1.4,4,M6,X,8.2,6.3,7.4,38,172,7.0,7.0
2019,Volkswagen,golf gti,Compact,2.0,4,AM7,X,9.6,7.5,8.6,33,202,6.0,7.0
2019,Volkswagen,golf gti,Compact,2.0,4,M6,X,9.8,7.3,8.7,32,203,6.0,7.0
2019,Volkswagen,golf r,Compact,2.0,4,AM7,Z,10.2,7.9,9.2,31,213,5.0,3.0
2019,Volkswagen,golf r,Compact,2.0,4,M6,Z,11.4,8.2,9.9,29,232,5.0,3.0
2019,Volkswagen,golf alltrack,Station wagon: Small,1.8,4,AM6,X,10.7,8.0,9.4,30,220,5.0,7.0
2019,Volkswagen,golf alltrack,Station wagon: Small,1.8,4,M6,X,11.1,7.8,9.6,29,225,5.0,7.0
2019,Volkswagen,golf sportwagen,Station wagon: Small,1.4,4,AS8,X,8.6,6.5,7.6,37,178,7.0,7.0
2019,Volkswagen,golf sportwagen,Station wagon: Small,1.4,4,M6,X,8.2,6.3,7.4,38,172,7.0,7.0
2019,Volkswagen,golf sportwagen 4motion,Station wagon: Small,1.8,4,AM6,X,10.8,8.1,9.6,29,224,5.0,7.0
2019,Volkswagen,golf sportwagen 4motion,Station wagon: Small,1.8,4,M6,X,10.8,7.6,9.3,30,218,5.0,7.0
2019,Volkswagen,jetta,Compact,1.4,4,AS8,X,7.8,5.9,7.0,40,162,8.0,7.0
2019,Volkswagen,jetta,Compact,1.4,4,M6,X,7.9,5.9,7.0,40,163,8.0,7.0
2019,Volkswagen,jetta gli,Compact,2.0,4,AM7,X,9.3,7.2,8.4,34,196,6.0,7.0
2019,Volkswagen,jetta gli,Compact,2.0,4,M6,X,9.6,7.3,8.5,33,200,6.0,7.0
2019,Volkswagen,passat,Mid-size,2.0,4,AS6,X,9.3,6.5,8.1,35,188,6.0,7.0
2019,Volkswagen,tiguan,Sport utility vehicle: Small,2.0,4,AS8,X,10.7,8.0,9.5,30,221,5.0,7.0
2019,Volkswagen,tiguan 4motion,Sport utility vehicle: Small,2.0,4,AS8,X,11.1,8.1,9.8,29,228,5.0,7.0
2019,Volvo,s60 t5,Compact,2.0,4,AS8,Z,9.9,6.6,8.4,34,197,6.0,5.0
2019,Volvo,s60 t6 awd,Compact,2.0,4,AS8,Z,11.1,7.3,9.4,30,218,5.0,7.0
2019,Volvo,s90 t5 awd,Mid-size,2.0,4,AS8,Z,10.6,7.4,9.2,31,215,5.0,5.0
2019,Volvo,s90 t6 awd,Mid-size,2.0,4,AS8,Z,11.1,7.3,9.4,30,219,5.0,7.0
2019,Volvo,v60 t5,Station wagon: Small,2.0,4,AS8,Z,9.9,6.6,8.4,34,197,6.0,5.0
2019,Volvo,v60 t6 awd,Station wagon: Small,2.0,4,AS8,Z,11.1,7.3,9.4,30,219,5.0,7.0
2019,Volvo,v60 cc t5 awd,Station wagon: Small,2.0,4,AS8,Z,10.8,7.6,9.3,30,218,5.0,5.0
2019,Volvo,v90 t6 awd,Station wagon: Mid-size,2.0,4,AS8,Z,11.1,7.3,9.4,30,219,5.0,7.0
2019,Volvo,v90 cc t6 awd,Station wagon: Mid-size,2.0,4,AS8,Z,11.6,8.1,10.0,28,233,5.0,7.0
2019,Volvo,xc40 t5 awd,Sport utility vehicle: Small,2.0,4,AS8,Z,10.3,7.5,9.0,31,211,5.0,5.0
2019,Volvo,xc60 t5 awd,Sport utility vehicle: Small,2.0,4,AS8,Z,11.3,8.5,10.0,28,233,5.0,5.0
2019,Volvo,xc60 t6 awd,Sport utility vehicle: Small,2.0,4,AS8,Z,11.8,8.6,10.4,27,242,5.0,7.0
2019,Volvo,xc90 t5 awd,Sport utility vehicle: Standard,2.0,4,AS8,Z,11.3,8.5,10.0,28,233,5.0,5.0
2019,Volvo,xc90 t6 awd,Sport utility vehicle: Standard,2.0,4,AS8,Z,12.1,8.9,10.7,26,250,4.0,7.0
2020,Acura,ilx,Compact,2.4,4,AM8,Z,9.9,7.0,8.6,33,199,6.0,3.0
2020,Acura,mdx sh-awd,Sport utility vehicle: Small,3.5,6,AS9,Z,12.3,9.2,10.9,26,254,4.0,3.0
2020,Acura,mdx sh-awd a-spec,Sport utility vehicle: Small,3.5,6,AS9,Z,12.2,9.5,11.0,26,258,4.0,3.0
2020,Acura,mdx hybrid awd,Sport utility vehicle: Small,3.0,6,AM7,Z,9.1,9.0,9.0,31,210,5.0,3.0
2020,Acura,nsx,Two-seater,3.5,6,AM9,Z,11.1,10.8,11.0,26,261,4.0,3.0
2020,Acura,rdx awd,Sport utility vehicle: Small,2.0,4,AS10,Z,11.0,8.6,9.9,29,232,5.0,6.0
2020,Acura,rdx awd a-spec,Sport utility vehicle: Small,2.0,4,AS10,Z,11.3,9.1,10.3,27,241,5.0,6.0
2020,Acura,rlx hybrid,Mid-size,3.5,6,AM7,Z,8.4,8.2,8.4,34,196,6.0,7.0
2020,Acura,tlx a-spec,Compact,2.4,4,AM8,Z,10.2,7.4,8.9,32,209,5.0,3.0
2020,Acura,tlx sh-awd,Compact,3.5,6,AS9,Z,11.4,7.7,9.8,29,228,5.0,3.0
2020,Acura,tlx sh-awd a-spec/limited edition,Compact,3.5,6,AS9,Z,12.0,8.2,10.3,27,240,5.0,3.0
2020,Alfa Romeo,4c spider,Two-seater,1.8,4,AM6,Z,9.7,6.9,8.4,34,197,6.0,1.0
2020,Alfa Romeo,giulia,Mid-size,2.0,4,A8,Z,10.0,7.2,8.7,32,205,6.0,3.0
2020,Alfa Romeo,giulia awd,Mid-size,2.0,4,A8,Z,10.5,7.7,9.2,31,217,5.0,3.0
2020,Alfa Romeo,giulia quadrifoglio,Mid-size,2.9,6,A8,Z,13.5,9.3,11.6,24,271,4.0,3.0
2020,Alfa Romeo,stelvio,Sport utility vehicle: Small,2.0,4,A8,Z,10.3,8.1,9.3,30,218,5.0,3.0
2020,Alfa Romeo,stelvio awd,Sport utility vehicle: Small,2.0,4,A8,Z,10.8,8.3,9.6,29,226,5.0,3.0
2020,Alfa Romeo,stelvio awd quadrifoglio,Sport utility vehicle: Small,2.9,6,A8,Z,13.9,10.3,12.3,23,288,3.0,3.0
2020,Aston Martin,db11 v8,Minicompact,4.0,8,A8,Z,13.0,9.8,11.5,25,271,4.0,3.0
2020,Aston Martin,db11 amr,Minicompact,5.2,12,A8,Z,15.5,10.6,13.3,21,312,3.0,3.0
2020,Aston Martin,dbs superleggera,Minicompact,5.2,12,A8,Z,16.4,10.7,13.8,20,324,3.0,3.0
2020,Aston Martin,vantage v8,Two-seater,4.0,8,A8,Z,13.1,9.6,11.5,25,270,4.0,3.0
2020,Aston Martin,vantage v8,Two-seater,4.0,8,M7,Z,16.7,11.2,14.2,20,333,3.0,3.0
2020,Audi,a3,Subcompact,2.0,4,AM7,X,8.8,6.5,7.8,36,182,7.0,7.0
2020,Audi,a3 quattro,Subcompact,2.0,4,AM7,X,10.8,8.0,9.5,30,224,5.0,7.0
2020,Audi,a3 cabriolet quattro,Subcompact,2.0,4,AM7,X,10.8,8.0,9.5,30,224,5.0,7.0
2020,Audi,a4 quattro,Compact,2.0,4,AM7,Z,10.0,7.3,8.8,32,205,6.0,3.0
2020,Audi,a4 allroad quattro,Station wagon: Small,2.0,4,AM7,Z,10.0,7.4,8.8,32,206,6.0,3.0
2020,Audi,a5 quattro,Subcompact,2.0,4,AM7,Z,10.0,7.3,8.8,32,205,6.0,3.0
2020,Audi,a5 cabriolet quattro,Subcompact,2.0,4,AM7,Z,10.0,7.4,8.8,32,206,6.0,3.0
2020,Audi,a5 sportback quattro,Mid-size,2.0,4,AM7,Z,10.0,7.3,8.8,32,205,6.0,3.0
2020,Audi,a6 quattro ,Mid-size,2.0,4,AM7,Z,9.8,7.4,8.7,32,205,6.0,5.0
2020,Audi,a6 quattro ,Mid-size,3.0,6,AM7,Z,10.9,8.2,9.7,29,227,5.0,5.0
2020,Audi,a6 allroad ,Station wagon: Mid-size,3.0,6,AM7,Z,11.8,9.1,10.6,27,247,4.0,5.0
2020,Audi,a7 quattro,Mid-size,3.0,6,AM7,Z,10.9,8.2,9.7,29,227,5.0,5.0
2020,Audi,a8l ,Full-size,3.0,6,AS8,Z,13.5,8.9,11.5,25,267,4.0,5.0
2020,Audi,a8l ,Full-size,4.0,8,AS8,Z,15.4,10.4,13.2,21,308,3.0,3.0
2020,Audi,q3 quattro,Sport utility vehicle: Small,2.0,4,AS8,X,12.3,8.6,10.6,27,248,4.0,7.0
2020,Audi,q5,Sport utility vehicle: Small,2.0,4,AM7,Z,10.7,8.4,9.7,29,226,5.0,5.0
2020,Audi,q7,Sport utility vehicle: Standard,2.0,4,AS8,Z,12.4,10.1,11.3,25,264,4.0,3.0
2020,Audi,q7,Sport utility vehicle: Standard,3.0,6,AS8,Z,13.8,11.4,12.7,22,296,3.0,5.0
2020,Audi,q8,Sport utility vehicle: Standard,3.0,6,AS8,Z,13.8,11.4,12.7,22,296,3.0,3.0
2020,Audi,r8 coupe,Two-seater,5.2,10,AM7,Z,17.5,11.7,14.9,19,347,2.0,1.0
2020,Audi,r8 spyder,Two-seater,5.2,10,AM7,Z,17.5,11.7,14.9,19,347,2.0,1.0
2020,Audi,rs 3,Subcompact,2.5,5,AM7,Z,12.1,8.4,10.4,27,243,5.0,3.0
2020,Audi,rs q8,Sport utility vehicle: Standard,4.0,8,AS8,Z,18.0,12.3,15.4,18,360,2.0,3.0
2020,Audi,s3,Subcompact,2.0,4,AM7,Z,10.7,8.0,9.5,30,222,5.0,3.0
2020,Audi,s4,Compact,3.0,6,AS8,Z,11.8,8.9,10.5,27,245,5.0,5.0
2020,Audi,s5,Subcompact,3.0,6,AS8,Z,11.8,8.9,10.5,27,245,5.0,5.0
2020,Audi,s5 cabriolet,Subcompact,3.0,6,AS8,Z,12.1,9.1,10.8,26,252,4.0,5.0
2020,Audi,s5 sportback,Mid-size,3.0,6,AS8,Z,11.8,8.9,10.5,27,245,5.0,5.0
2020,Audi,s6,Mid-size,2.9,6,AS8,Z,12.9,8.5,10.9,26,255,4.0,5.0
2020,Audi,s7,Mid-size,2.9,6,AS8,Z,12.9,8.5,10.9,26,255,4.0,5.0
2020,Audi,s8,Full-size,4.0,8,AS8,Z,17.6,10.7,14.5,19,339,2.0,3.0
2020,Audi,sq5,Sport utility vehicle: Small,3.0,6,AS8,Z,13.1,10.3,11.8,24,276,4.0,5.0
2020,Audi,sq7,Sport utility vehicle: Standard,4.0,8,AS8,Z,16.0,11.0,13.7,21,321,3.0,3.0
2020,Audi,sq8,Sport utility vehicle: Standard,4.0,8,AS8,Z,15.8,11.4,13.8,20,322,3.0,3.0
2020,Audi,tt coupe quattro,Subcompact,2.0,4,AM7,X,10.3,7.7,9.1,31,213,5.0,7.0
2020,Audi,tt roadster quattro,Two-seater,2.0,4,AM7,X,10.3,7.7,9.1,31,213,5.0,7.0
2020,Audi,tt rs,Subcompact,2.5,5,AM7,Z,12.1,8.2,10.3,27,241,5.0,3.0
2020,Audi,tts coupe,Subcompact,2.0,4,AM7,Z,10.4,8.2,9.4,30,220,5.0,3.0
2020,Bentley,bentayga,Sport utility vehicle: Standard,4.0,8,AS8,Z,16.4,10.1,13.6,21,315,3.0,3.0
2020,Bentley,bentayga,Sport utility vehicle: Standard,6.0,12,AS8,Z,20.0,13.8,17.2,16,401,1.0,3.0
2020,Bentley,continental gt,Compact,4.0,8,AM8,Z,15.1,9.1,12.4,23,291,3.0,3.0
2020,Bentley,continental gt,Compact,6.0,12,AM8,Z,19.0,11.6,15.7,18,364,2.0,3.0
2020,Bentley,continental gt convertible,Subcompact,4.0,8,AM8,Z,15.1,9.1,12.4,23,291,3.0,3.0
2020,Bentley,continental gt convertible,Subcompact,6.0,12,AM8,Z,19.2,12.2,16.0,18,373,2.0,3.0
2020,Bentley,flying spur,Mid-size,6.0,12,AM8,Z,19.2,12.2,16.0,18,373,2.0,3.0
2020,Bentley,mulsanne,Mid-size,6.8,8,AS8,Z,24.5,14.4,20.0,14,465,1.0,1.0
2020,BMW,228i xdrive gran coupe,Compact,2.0,4,AS8,Z,10.2,7.2,8.8,32,205,6.0,7.0
2020,BMW,230i cabriolet,Subcompact,2.0,4,AS8,Z,10.1,7.0,8.7,32,204,6.0,7.0
2020,BMW,230i xdrive cabriolet,Subcompact,2.0,4,AS8,Z,10.9,7.5,9.4,30,219,5.0,7.0
2020,BMW,230i coupe,Subcompact,2.0,4,AS8,Z,9.5,7.4,8.5,33,200,6.0,7.0
2020,BMW,230i coupe,Subcompact,2.0,4,M6,Z,11.1,7.3,9.4,30,219,5.0,7.0
2020,BMW,230i xdrive coupe,Subcompact,2.0,4,AS8,Z,10.9,7.5,9.4,30,219,5.0,7.0
2020,BMW,330i xdrive sedan,Compact,2.0,4,AS8,Z,9.5,6.9,8.3,34,195,6.0,7.0
2020,BMW,430i xdrive cabriolet,Subcompact,2.0,4,AS8,Z,10.6,7.3,9.1,31,213,5.0,7.0
2020,BMW,430i coupe,Compact,2.0,4,AS8,Z,10.1,7.0,8.7,32,204,6.0,7.0
2020,BMW,430i xdrive coupe,Compact,2.0,4,AS8,Z,10.9,7.5,9.4,30,219,5.0,7.0
2020,BMW,430i xdrive gran coupe,Compact,2.0,4,AS8,Z,10.9,7.5,9.4,30,219,5.0,7.0
2020,BMW,440i xdrive cabriolet,Subcompact,3.0,6,AS8,Z,12.4,8.5,10.7,26,249,4.0,3.0
2020,BMW,440i coupe,Compact,3.0,6,AS8,Z,11.4,8.1,9.9,29,231,5.0,3.0
2020,BMW,440i coupe,Compact,3.0,6,M6,Z,12.8,8.8,11.0,26,256,4.0,3.0
2020,BMW,440i xdrive coupe,Compact,3.0,6,AS8,Z,11.4,8.3,10.0,28,233,5.0,3.0
2020,BMW,440i xdrive coupe,Compact,3.0,6,M6,Z,13.0,8.5,11.0,26,257,4.0,3.0
2020,BMW,440i xdrive gran coupe,Compact,3.0,6,AS8,Z,11.4,8.3,10.0,28,233,5.0,3.0
2020,BMW,530i xdrive sedan,Mid-size,2.0,4,AS8,Z,9.9,7.5,8.8,32,206,6.0,7.0
2020,BMW,540i xdrive sedan,Mid-size,3.0,6,AS8,Z,10.7,8.1,9.5,30,222,5.0,5.0
2020,BMW,750i xdrive sedan,Full-size,4.4,8,AS8,Z,14.5,9.9,12.4,23,290,3.0,3.0
2020,BMW,750li xdrive sedan,Full-size,4.4,8,AS8,Z,14.5,9.9,12.4,23,290,3.0,3.0
2020,BMW,alpina b7 xdrive,Full-size,4.4,8,AS8,Z,14.5,9.9,12.4,23,290,3.0,3.0
2020,BMW,m2 competition,Subcompact,3.0,6,AM7,Z,14.1,10.3,12.4,23,290,3.0,3.0
2020,BMW,m2 competition,Subcompact,3.0,6,M6,Z,13.4,9.6,11.7,24,273,4.0,3.0
2020,BMW,m2 cs,Subcompact,3.0,6,AM7,Z,14.1,10.3,12.4,23,290,3.0,3.0
2020,BMW,m2 cs,Subcompact,3.0,6,M6,Z,13.4,9.6,11.7,24,273,4.0,3.0
2020,BMW,m235i xdrive gran coupe,Compact,2.0,4,AS8,Z,10.3,7.3,9.0,31,208,6.0,3.0
2020,BMW,m240i cabriolet,Subcompact,3.0,6,AS8,Z,11.4,8.1,9.9,29,231,5.0,3.0
2020,BMW,m240i cabriolet,Subcompact,3.0,6,M6,Z,12.7,8.8,10.9,26,255,4.0,3.0
2020,BMW,m240i xdrive cabriolet,Subcompact,3.0,6,AS8,Z,11.4,8.3,10.0,28,233,5.0,3.0
2020,BMW,m240i coupe,Subcompact,3.0,6,AS8,Z,11.4,8.1,9.9,29,231,5.0,3.0
2020,BMW,m240i coupe,Subcompact,3.0,6,M6,Z,12.7,8.8,10.9,26,255,4.0,3.0
2020,BMW,m240i xdrive coupe,Subcompact,3.0,6,AS8,Z,11.4,8.3,10.0,28,233,5.0,3.0
2020,BMW,m240i coupe m performance,Subcompact,3.0,6,AS8,Z,11.4,8.1,9.9,29,231,5.0,3.0
2020,BMW,m240i coupe m performance,Subcompact,3.0,6,M6,Z,12.7,8.8,10.9,26,255,4.0,3.0
2020,BMW,m240i xdrive coupe m performance,Subcompact,3.0,6,AS8,Z,11.4,8.3,10.0,28,233,5.0,3.0
2020,BMW,m340i xdrive sedan,Compact,3.0,6,AS8,Z,11.4,8.3,10.0,28,233,5.0,5.0
2020,BMW,m4 cabriolet,Subcompact,3.0,6,AM7,Z,14.5,10.5,12.7,22,299,3.0,3.0
2020,BMW,m4 cabriolet,Subcompact,3.0,6,M6,Z,13.8,9.4,11.9,24,280,4.0,3.0
2020,BMW,m4 cabriolet competition,Subcompact,3.0,6,AM7,Z,14.5,10.5,12.7,22,299,3.0,3.0
2020,BMW,m4 cabriolet competition,Subcompact,3.0,6,M6,Z,13.8,9.4,11.9,24,280,4.0,3.0
2020,BMW,m4 coupe,Compact,3.0,6,AM7,Z,14.1,10.3,12.4,23,290,3.0,3.0
2020,BMW,m4 coupe,Compact,3.0,6,M6,Z,13.4,9.6,11.7,24,273,4.0,3.0
2020,BMW,m4 coupe competition,Compact,3.0,6,AM7,Z,14.1,10.3,12.4,23,290,3.0,3.0
2020,BMW,m4 coupe competition,Compact,3.0,6,M6,Z,13.4,9.6,11.7,24,273,4.0,3.0
2020,BMW,m4 cs,Compact,3.0,6,AM7,Z,14.1,10.3,12.4,23,290,3.0,3.0
2020,BMW,m5 sedan,Mid-size,4.4,8,AS8,Z,16.0,11.0,13.8,20,322,3.0,3.0
2020,BMW,m5 competition,Mid-size,4.4,8,AS8,Z,16.0,11.0,13.8,20,322,3.0,3.0
2020,BMW,m550i xdrive sedan,Mid-size,4.4,8,AS8,Z,13.6,9.3,11.7,24,273,4.0,3.0
2020,BMW,m760i xdrive sedan,Full-size,6.6,12,AS8,Z,17.8,11.9,15.1,19,354,2.0,3.0
2020,BMW,m8 cabriolet,Subcompact,4.4,8,AS8,Z,16.0,11.0,13.8,20,322,3.0,3.0
2020,BMW,m8 cabriolet competition,Subcompact,4.4,8,AS8,Z,16.0,11.0,13.8,20,322,3.0,3.0
2020,BMW,m8 coupe,Subcompact,4.4,8,AS8,Z,16.0,11.0,13.8,20,322,3.0,3.0
2020,BMW,m8 coupe competition,Subcompact,4.4,8,AS8,Z,16.0,11.0,13.8,20,322,3.0,3.0
2020,BMW,m8 gran coupe,Mid-size,4.4,8,AS8,Z,16.0,11.0,13.8,20,322,3.0,3.0
2020,BMW,m8 gran coupe competition,Mid-size,4.4,8,AS8,Z,16.0,11.0,13.8,20,322,3.0,3.0
2020,BMW,m850i xdrive cabriolet,Subcompact,4.4,8,AS8,Z,14.5,9.9,12.4,23,290,3.0,3.0
2020,BMW,m850i xdrive coupe,Subcompact,4.4,8,AS8,Z,13.6,9.3,11.7,24,273,4.0,3.0
2020,BMW,m850i xdrive gran coupe,Mid-size,4.4,8,AS8,Z,14.5,9.9,12.4,23,290,3.0,3.0
2020,BMW,x1 xdrive28i,Sport utility vehicle: Small,2.0,4,AS8,Z,10.3,7.7,9.1,31,213,5.0,7.0
2020,BMW,x2 xdrive28i,Sport utility vehicle: Small,2.0,4,AS8,Z,9.9,7.6,8.8,32,207,6.0,7.0
2020,BMW,x2 m35i,Sport utility vehicle: Small,2.0,4,AS8,Z,10.0,7.8,9.0,31,210,5.0,3.0
2020,BMW,x3 xdrive30i,Sport utility vehicle: Small,2.0,4,AS8,Z,10.0,8.2,9.2,31,215,5.0,7.0
2020,BMW,x3 m,Sport utility vehicle: Small,3.0,6,AS8,Z,16.6,12.1,14.6,19,339,2.0,3.0
2020,BMW,x3 m competition,Sport utility vehicle: Small,3.0,6,AS8,Z,16.6,12.1,14.6,19,339,2.0,3.0
2020,BMW,x3 m40i,Sport utility vehicle: Small,3.0,6,AS8,Z,11.3,8.7,10.1,28,235,5.0,5.0
2020,BMW,x4 xdrive30i,Sport utility vehicle: Small,2.0,4,AS8,Z,10.0,8.2,9.2,31,215,5.0,7.0
2020,BMW,x4 m,Sport utility vehicle: Small,3.0,6,AS8,Z,16.6,12.1,14.6,19,339,2.0,3.0
2020,BMW,x4 m competition,Sport utility vehicle: Small,3.0,6,AS8,Z,16.6,12.1,14.6,19,339,2.0,3.0
2020,BMW,x4 m40i,Sport utility vehicle: Small,3.0,6,AS8,Z,11.3,8.7,10.1,28,235,5.0,5.0
2020,BMW,x5 xdrive40i,Sport utility vehicle: Standard,3.0,6,AS8,Z,11.7,9.1,10.5,27,245,5.0,3.0
2020,BMW,x5 xdrive50i,Sport utility vehicle: Standard,4.4,8,AS8,Z,14.5,10.7,12.8,22,302,3.0,3.0
2020,BMW,x5 m,Sport utility vehicle: Standard,4.4,8,AS8,Z,17.8,12.9,15.6,18,362,2.0,3.0
2020,BMW,x5 m competition,Sport utility vehicle: Standard,4.4,8,AS8,Z,17.8,12.9,15.6,18,362,2.0,3.0
2020,BMW,x5 m50i,Sport utility vehicle: Standard,4.4,8,AS8,Z,14.5,10.7,12.8,22,302,3.0,3.0
2020,BMW,x6 xdrive40i,Sport utility vehicle: Standard,3.0,6,AS8,Z,11.7,9.1,10.5,27,245,5.0,3.0
2020,BMW,x6 m,Sport utility vehicle: Standard,4.4,8,AS8,Z,17.8,12.9,15.6,18,362,2.0,3.0
2020,BMW,x6 m competition,Sport utility vehicle: Standard,4.4,8,AS8,Z,17.8,12.9,15.6,18,362,2.0,3.0
2020,BMW,x6 m50i,Sport utility vehicle: Standard,4.4,8,AS8,Z,14.5,10.7,12.8,22,302,3.0,3.0
2020,BMW,x7 xdrive40i,Sport utility vehicle: Standard,3.0,6,AS8,Z,12.0,9.4,10.8,26,254,4.0,3.0
2020,BMW,x7 xdrive50i,Sport utility vehicle: Standard,4.4,8,AS8,Z,15.5,11.4,13.6,21,318,3.0,3.0
2020,BMW,x7 m50i,Sport utility vehicle: Standard,4.4,8,AS8,Z,15.5,11.4,13.6,21,318,3.0,3.0
2020,BMW,z4 sdrive30i,Two-seater,2.0,4,AS8,Z,9.5,7.4,8.5,33,200,6.0,7.0
2020,BMW,z4 m40i,Two-seater,3.0,6,AS8,Z,10.3,8.0,9.3,30,216,5.0,5.0
2020,Bugatti,chiron,Two-seater,8.0,16,AM7,Z,26.8,16.6,22.2,13,522,1.0,1.0
2020,Bugatti,divo,Two-seater,8.0,16,AM7,Z,27.2,18.0,23.0,12,537,1.0,1.0
2020,Buick,enclave,Sport utility vehicle: Standard,3.6,6,A9,X,13.0,9.1,11.2,25,263,4.0,6.0
2020,Buick,enclave awd,Sport utility vehicle: Standard,3.6,6,A9,X,13.6,9.6,11.8,24,277,4.0,6.0
2020,Buick,encore,Sport utility vehicle: Small,1.4,4,AS6,X,9.4,7.8,8.7,32,204,6.0,5.0
2020,Buick,encore awd,Sport utility vehicle: Small,1.4,4,AS6,X,10.0,8.0,9.1,31,214,5.0,5.0
2020,Buick,encore gx,Sport utility vehicle: Small,1.2,3,AV,X,9.0,7.7,8.4,34,198,6.0,7.0
2020,Buick,encore gx awd,Sport utility vehicle: Small,1.3,3,A9,X,9.0,8.0,8.5,33,199,6.0,7.0
2020,Buick,envision awd,Sport utility vehicle: Small,2.0,4,A9,Z,11.7,9.4,10.7,26,250,4.0,5.0
2020,Buick,envision awd,Sport utility vehicle: Small,2.5,4,A6,X,11.1,8.6,10.0,28,234,5.0,5.0
2020,Buick,regal,Mid-size,2.0,4,AS9,Z,10.3,7.4,9.0,31,211,5.0,5.0
2020,Buick,regal awd,Mid-size,2.0,4,AS8,Z,11.0,8.0,9.6,29,227,5.0,5.0
2020,Buick,regal awd,Mid-size,3.6,6,AS9,X,12.5,8.8,10.9,26,255,4.0,6.0
2020,Cadillac,ct4,Compact,2.0,4,AS8,Z,10.1,6.8,8.7,32,203,6.0,6.0
2020,Cadillac,ct4,Compact,2.7,4,AS10,Z,11.5,8.0,9.9,29,232,5.0,6.0
2020,Cadillac,ct4 awd,Compact,2.0,4,AS8,Z,10.4,7.4,9.1,31,213,5.0,6.0
2020,Cadillac,ct4 awd,Compact,2.7,4,AS10,Z,11.7,8.4,10.2,28,238,5.0,6.0
2020,Cadillac,ct4-v,Compact,2.7,4,AS10,Z,11.5,8.2,10.0,28,234,5.0,6.0
2020,Cadillac,ct4-v awd,Compact,2.7,4,AS10,Z,11.7,8.4,10.2,28,238,5.0,6.0
2020,Cadillac,ct5,Mid-size,2.0,4,AS10,Z,10.4,7.3,9.0,31,209,5.0,6.0
2020,Cadillac,ct5,Mid-size,3.0,6,AS10,Z,12.6,9.1,11.0,26,256,4.0,5.0
2020,Cadillac,ct5 awd,Mid-size,2.0,4,AS10,Z,11.0,7.7,9.5,30,221,5.0,6.0
2020,Cadillac,ct5 awd,Mid-size,3.0,6,AS10,Z,13.3,9.3,11.5,25,268,4.0,5.0
2020,Cadillac,ct5-v,Mid-size,3.0,6,AS10,Z,13.1,9.1,11.3,25,263,4.0,5.0
2020,Cadillac,ct5-v awd,Mid-size,3.0,6,AS10,Z,13.8,9.4,11.8,24,276,4.0,5.0
2020,Cadillac,ct6 awd,Full-size,3.6,6,AS10,X,12.9,8.7,11.0,26,259,4.0,5.0
2020,Cadillac,ct6 awd,Full-size,4.2,8,AS10,Z,17.3,9.5,13.8,20,324,3.0,3.0
2020,Cadillac,escalade 4wd,Sport utility vehicle: Standard,6.2,8,A10,Z,16.7,11.1,14.2,20,333,3.0,3.0
2020,Cadillac,xt4,Sport utility vehicle: Small,2.0,4,AS9,Z,9.8,7.8,8.9,32,209,5.0,6.0
2020,Cadillac,xt4 awd,Sport utility vehicle: Small,2.0,4,AS9,Z,10.9,8.2,9.7,29,227,5.0,6.0
2020,Cadillac,xt5,Sport utility vehicle: Small,2.0,4,AS9,Z,11.0,8.3,9.8,29,227,5.0,6.0
2020,Cadillac,xt5 awd,Sport utility vehicle: Small,2.0,4,AS9,Z,11.2,8.9,10.1,28,235,5.0,6.0
2020,Cadillac,xt5 awd,Sport utility vehicle: Small,3.6,6,AS9,X,13.4,9.4,11.6,24,270,4.0,6.0
2020,Cadillac,xt6 awd,Sport utility vehicle: Small,3.6,6,AS9,X,13.5,9.7,11.8,24,277,4.0,6.0
2020,Chevrolet,blazer,Sport utility vehicle: Small,2.0,4,A9,X,11.0,8.3,9.8,29,225,5.0,6.0
2020,Chevrolet,blazer,Sport utility vehicle: Small,2.5,4,A9,X,11.3,8.9,10.2,28,238,5.0,5.0
2020,Chevrolet,blazer awd,Sport utility vehicle: Small,2.0,4,A9,X,11.3,8.7,10.1,28,232,5.0,6.0
2020,Chevrolet,blazer awd,Sport utility vehicle: Small,3.6,6,A9,X,13.1,9.4,11.4,25,269,4.0,6.0
2020,Chevrolet,camaro,Subcompact,2.0,4,AS8,Z,10.9,7.6,9.4,30,219,5.0,5.0
2020,Chevrolet,camaro,Subcompact,2.0,4,M6,Z,11.9,7.9,10.1,28,235,5.0,5.0
2020,Chevrolet,camaro,Subcompact,3.6,6,AS10,X,12.5,8.1,10.5,27,247,4.0,6.0
2020,Chevrolet,camaro,Subcompact,3.6,6,M6,X,14.3,9.0,11.9,24,280,4.0,6.0
2020,Chevrolet,camaro ss,Subcompact,6.2,8,AS10,Z,14.6,8.9,12.1,23,282,4.0,1.0
2020,Chevrolet,camaro ss,Subcompact,6.2,8,M6,Z,14.9,9.9,12.6,22,296,3.0,1.0
2020,Chevrolet,camaro zl1,Subcompact,6.2,8,AS10,Z,18.3,11.2,15.1,19,355,2.0,1.0
2020,Chevrolet,camaro zl1,Subcompact,6.2,8,M6,Z,17.2,12.0,14.8,19,349,2.0,1.0
2020,Chevrolet,colorado,Pickup truck: Small,2.5,4,A6,X,12.1,9.2,10.8,26,252,4.0,5.0
2020,Chevrolet,colorado,Pickup truck: Small,2.8,4,A6,D,11.8,7.9,10.1,28,270,4.0,3.0
2020,Chevrolet,colorado,Pickup truck: Small,3.6,6,A8,X,13.4,9.6,11.7,24,273,4.0,5.0
2020,Chevrolet,colorado 4wd,Pickup truck: Small,2.5,4,A6,X,12.6,9.7,11.3,25,265,4.0,5.0
2020,Chevrolet,colorado 4wd,Pickup truck: Small,2.8,4,A6,D,12.3,8.5,10.6,27,284,3.0,3.0
2020,Chevrolet,colorado 4wd,Pickup truck: Small,3.6,6,A8,X,14.0,9.9,12.2,23,286,3.0,5.0
2020,Chevrolet,colorado zr2 4wd,Pickup truck: Small,2.8,4,A6,D,13.3,10.6,12.1,23,326,3.0,3.0
2020,Chevrolet,colorado zr2 4wd,Pickup truck: Small,3.6,6,A8,X,15.0,13.0,14.1,20,331,3.0,5.0
2020,Chevrolet,corvette,Two-seater,6.2,8,AS8,Z,15.4,8.7,12.4,23,290,3.0,3.0
2020,Chevrolet,equinox,Sport utility vehicle: Small,1.5,4,A6,X,8.9,7.7,8.4,34,196,6.0,7.0
2020,Chevrolet,equinox awd,Sport utility vehicle: Small,1.5,4,A6,X,9.3,8.0,8.7,32,204,6.0,7.0
2020,Chevrolet,equinox awd,Sport utility vehicle: Small,2.0,4,A9,Z,10.9,8.3,9.7,29,228,5.0,5.0
2020,Chevrolet,impala,Full-size,3.6,6,AS6,X,12.8,8.5,10.9,26,255,4.0,5.0
2020,Chevrolet,impala,Full-size,3.6,6,AS6,E,17.2,11.6,14.7,19,246,4.0,5.0
2020,Chevrolet,malibu,Mid-size,1.5,4,AV,X,8.2,6.6,7.5,38,189,6.0,6.0
2020,Chevrolet,malibu,Mid-size,2.0,4,A9,Z,10.5,7.4,9.1,31,214,5.0,5.0
2020,Chevrolet,silverado,Pickup truck: Standard,2.7,4,A8,X,11.9,10.3,11.1,25,262,4.0,6.0
2020,Chevrolet,silverado wt,Pickup truck: Standard,2.7,4,A8,X,12.5,10.8,11.7,24,275,4.0,6.0
2020,Chevrolet,silverado,Pickup truck: Standard,3.0,6,A10,D,10.2,7.2,8.9,32,238,5.0,1.0
2020,Chevrolet,silverado,Pickup truck: Standard,4.3,6,A6,X,15.1,11.5,13.5,21,318,3.0,6.0
2020,Chevrolet,silverado,Pickup truck: Standard,5.3,8,A6,X,15.9,11.4,13.9,20,326,3.0,5.0
2020,Chevrolet,silverado ffv,Pickup truck: Standard,5.3,8,A6,X,16.0,12.6,14.4,20,339,2.0,3.0
2020,Chevrolet,silverado ffv,Pickup truck: Standard,5.3,8,A6,E,22.2,16.2,19.5,14,326,3.0,3.0
2020,Chevrolet,silverado,Pickup truck: Standard,5.3,8,A8,X,13.9,10.1,12.2,23,286,3.0,5.0
2020,Chevrolet,silverado 4wd,Pickup truck: Standard,2.7,4,A8,X,12.5,10.8,11.7,24,275,4.0,6.0
2020,Chevrolet,silverado wt 4wd,Pickup truck: Standard,2.7,4,A8,X,12.7,11.0,12.0,24,280,4.0,6.0
2020,Chevrolet,silverado 4wd,Pickup truck: Standard,3.0,6,A10,D,10.4,8.0,9.4,30,252,4.0,1.0
2020,Chevrolet,silverado 4wd,Pickup truck: Standard,4.3,6,A6,X,15.7,12.0,14.1,20,331,3.0,6.0
2020,Chevrolet,silverado 4wd custom trail boss,Pickup truck: Standard,4.3,6,A6,X,16.3,12.9,14.8,19,349,2.0,6.0
2020,Chevrolet,silverado 4wd,Pickup truck: Standard,5.3,8,A6,X,15.9,11.8,14.1,20,331,3.0,5.0
2020,Chevrolet,silverado 4wd ffv,Pickup truck: Standard,5.3,8,A6,X,16.6,13.0,15.0,19,350,2.0,3.0
2020,Chevrolet,silverado 4wd ffv,Pickup truck: Standard,5.3,8,A6,E,22.3,18.1,20.5,14,342,2.0,3.0
2020,Chevrolet,silverado 4wd custom trail boss,Pickup truck: Standard,5.3,8,A6,X,16.7,13.1,15.1,19,354,2.0,5.0
2020,Chevrolet,silverado 4wd,Pickup truck: Standard,5.3,8,A8,X,14.7,10.7,12.9,22,303,3.0,5.0
2020,Chevrolet,silverado 4wd,Pickup truck: Standard,5.3,8,A10,X,14.3,10.6,12.6,22,296,3.0,5.0
2020,Chevrolet,silverado 4wd lt trail boss,Pickup truck: Standard,5.3,8,A10,X,14.7,11.2,13.1,22,307,3.0,5.0
2020,Chevrolet,silverado 4wd,Pickup truck: Standard,6.2,8,A10,Z,15.0,12.0,13.7,21,321,3.0,3.0
2020,Chevrolet,silverado 4wd custom trail boss,Pickup truck: Standard,6.2,8,A10,Z,16.8,13.3,15.2,19,357,2.0,3.0
2020,Chevrolet,silverado 4wd lt trail boss,Pickup truck: Standard,6.2,8,A10,Z,15.7,12.4,14.2,20,332,3.0,3.0
2020,Chevrolet,spark,Subcompact,1.4,4,AV,X,7.9,6.2,7.1,40,167,7.0,5.0
2020,Chevrolet,spark,Subcompact,1.4,4,M5,X,8.0,6.2,7.2,39,170,7.0,5.0
2020,Chevrolet,suburban,Sport utility vehicle: Standard,5.3,8,A6,X,15.7,10.5,13.4,21,314,3.0,3.0
2020,Chevrolet,suburban ffv,Sport utility vehicle: Standard,5.3,8,A6,X,15.7,10.5,13.4,21,314,3.0,3.0
2020,Chevrolet,suburban ffv,Sport utility vehicle: Standard,5.3,8,A6,E,21.2,13.9,17.9,16,298,3.0,3.0
2020,Chevrolet,suburban 4wd,Sport utility vehicle: Standard,5.3,8,A6,X,16.8,11.3,14.4,20,337,2.0,3.0
2020,Chevrolet,suburban 4wd ffv,Sport utility vehicle: Standard,5.3,8,A6,X,16.8,11.3,14.4,20,337,2.0,3.0
2020,Chevrolet,suburban 4wd ffv,Sport utility vehicle: Standard,5.3,8,A6,E,22.2,15.3,19.1,15,319,3.0,3.0
2020,Chevrolet,suburban 4wd,Sport utility vehicle: Standard,6.2,8,A10,Z,17.2,11.4,14.6,19,343,2.0,3.0
2020,Chevrolet,tahoe,Sport utility vehicle: Standard,5.3,8,A6,X,15.7,10.5,13.4,21,314,3.0,3.0
2020,Chevrolet,tahoe ffv,Sport utility vehicle: Standard,5.3,8,A6,X,15.7,10.5,13.4,21,314,3.0,3.0
2020,Chevrolet,tahoe ffv,Sport utility vehicle: Standard,5.3,8,A6,E,21.2,13.9,17.9,16,298,3.0,3.0
2020,Chevrolet,tahoe 4wd,Sport utility vehicle: Standard,5.3,8,A6,X,16.0,11.2,13.8,20,325,3.0,3.0
2020,Chevrolet,tahoe 4wd ffv,Sport utility vehicle: Standard,5.3,8,A6,X,16.0,11.2,13.8,20,325,3.0,3.0
2020,Chevrolet,tahoe 4wd ffv,Sport utility vehicle: Standard,5.3,8,A6,E,21.7,14.3,18.4,15,305,3.0,3.0
2020,Chevrolet,tahoe 4wd,Sport utility vehicle: Standard,6.2,8,A10,Z,16.5,10.9,13.9,20,327,3.0,3.0
2020,Chevrolet,traverse,Sport utility vehicle: Standard,3.6,6,A9,X,13.0,8.8,11.1,25,261,4.0,6.0
2020,Chevrolet,traverse awd,Sport utility vehicle: Standard,3.6,6,A9,X,13.6,9.6,11.8,24,276,4.0,6.0
2020,Chevrolet,trax,Sport utility vehicle: Small,1.4,4,AS6,X,9.1,7.6,8.4,34,196,6.0,5.0
2020,Chevrolet,trax awd,Sport utility vehicle: Small,1.4,4,AS6,X,10.0,8.0,9.1,31,214,5.0,5.0
2020,Chrysler,300,Full-size,3.6,6,A8,X,12.4,7.8,10.3,27,242,5.0,3.0
2020,Chrysler,300,Full-size,5.7,8,A8,X,14.7,9.4,12.3,23,289,3.0,3.0
2020,Chrysler,300 awd,Full-size,3.6,6,A8,X,12.8,8.7,11.0,26,258,4.0,3.0
2020,Chrysler,pacifica (stop-start),Minivan,3.6,6,A9,X,12.4,8.4,10.6,27,249,4.0,7.0
2020,Chrysler,pacifica awd (stop-start),Minivan,3.6,6,A9,X,13.9,9.2,11.8,24,276,4.0,7.0
2020,Chrysler,voyager (stop-start),Minivan,3.6,6,A9,X,12.4,8.4,10.6,27,249,4.0,7.0
2020,Dodge,challenger,Mid-size,3.6,6,A8,X,12.4,7.8,10.3,27,242,5.0,3.0
2020,Dodge,challenger (mds),Mid-size,5.7,8,A8,X,14.7,9.4,12.3,23,289,3.0,3.0
2020,Dodge,challenger,Mid-size,5.7,8,M6,Z,15.6,10.1,13.1,22,307,3.0,1.0
2020,Dodge,challenger (mds),Mid-size,6.4,8,A8,Z,15.8,9.6,13.0,22,305,3.0,1.0
2020,Dodge,challenger,Mid-size,6.4,8,M6,Z,16.7,10.4,13.9,20,325,3.0,1.0
2020,Dodge,challenger awd,Mid-size,3.6,6,A8,X,12.8,8.7,11.0,26,258,4.0,3.0
2020,Dodge,challenger widebody (mds),Mid-size,6.4,8,A8,Z,15.8,9.6,13.0,22,305,3.0,1.0
2020,Dodge,challenger widebody (mds),Mid-size,6.4,8,M6,Z,16.7,10.4,13.9,20,325,3.0,1.0
2020,Dodge,challenger srt hellcat,Mid-size,6.2,8,A8,Z,17.6,10.7,14.5,19,339,2.0,1.0
2020,Dodge,challenger srt hellcat,Mid-size,6.2,8,M6,Z,18.1,11.4,15.1,19,352,2.0,1.0
2020,Dodge,challenger srt hellcat widebody,Mid-size,6.2,8,A8,Z,18.6,11.2,15.3,18,358,2.0,1.0
2020,Dodge,challenger srt hellcat widebody,Mid-size,6.2,8,M6,Z,18.1,11.4,15.1,19,352,2.0,1.0
2020,Dodge,charger,Full-size,3.6,6,A5,X,13.7,9.0,11.6,24,271,4.0,3.0
2020,Dodge,charger,Full-size,3.6,6,A8,X,12.4,7.8,10.3,27,242,5.0,3.0
2020,Dodge,charger (mds),Full-size,5.7,8,A8,X,14.7,9.4,12.3,23,289,3.0,3.0
2020,Dodge,charger (mds),Full-size,6.4,8,A8,Z,15.8,9.6,13.0,22,305,3.0,1.0
2020,Dodge,charger awd,Full-size,3.6,6,A8,X,12.8,8.7,11.0,26,258,4.0,3.0
2020,Dodge,charger widebody (mds),Full-size,6.4,8,A8,Z,15.8,9.6,13.0,22,305,3.0,1.0
2020,Dodge,charger srt hellcat widebody,Full-size,6.2,8,A8,Z,19.0,11.5,15.6,18,368,2.0,1.0
2020,Dodge,durango awd,Sport utility vehicle: Standard,3.6,6,A8,X,12.7,9.6,11.3,25,265,4.0,7.0
2020,Dodge,durango awd,Sport utility vehicle: Standard,5.7,8,A8,X,16.7,10.9,14.1,20,331,3.0,3.0
2020,Dodge,durango awd srt,Sport utility vehicle: Standard,6.4,8,A8,Z,18.3,12.2,15.6,18,363,2.0,1.0
2020,Dodge,grand caravan,Minivan,3.6,6,A6,X,13.7,9.4,11.8,24,276,4.0,5.0
2020,Dodge,journey,Sport utility vehicle: Small,2.4,4,A4,X,12.7,9.2,11.1,25,261,4.0,3.0
2020,FIAT,124 spider,Two-seater,1.4,4,A6,X,9.3,6.5,8.0,35,187,6.0,3.0
2020,FIAT,124 spider,Two-seater,1.4,4,M6,X,9.0,6.7,7.9,36,185,7.0,3.0
2020,FIAT,500l,Station wagon: Small,1.4,4,A6,X,10.7,7.9,9.4,30,221,5.0,3.0
2020,FIAT,500x awd,Sport utility vehicle: Small,1.3,4,A9,X,10.0,7.9,9.1,31,213,5.0,6.0
2020,Ford,ecosport,Sport utility vehicle: Small,1.0,3,AS6,X,8.6,8.1,8.4,34,197,6.0,5.0
2020,Ford,ecosport awd,Sport utility vehicle: Small,2.0,4,AS6,X,10.2,8.1,9.2,31,216,5.0,5.0
2020,Ford,edge,Sport utility vehicle: Small,2.0,4,A8,X,11.2,8.1,9.8,29,229,5.0,5.0
2020,Ford,edge awd,Sport utility vehicle: Small,2.0,4,A8,X,11.4,8.3,10.0,28,233,5.0,5.0
2020,Ford,edge awd,Sport utility vehicle: Small,2.0,4,AS8,X,11.4,8.3,10.0,28,233,5.0,5.0
2020,Ford,edge awd,Sport utility vehicle: Small,2.7,6,AS8,X,12.5,9.2,11.0,26,258,4.0,5.0
2020,Ford,escape,Sport utility vehicle: Small,1.5,3,A8,X,8.6,7.1,7.9,36,185,7.0,7.0
2020,Ford,escape awd,Sport utility vehicle: Small,1.5,3,A8,X,8.9,7.6,8.3,34,196,6.0,7.0
2020,Ford,escape awd,Sport utility vehicle: Small,2.0,4,AS8,X,10.4,7.5,9.1,31,213,5.0,5.0
2020,Ford,escape hybrid,Sport utility vehicle: Small,2.5,4,AV,X,5.4,6.3,5.8,49,136,9.0,7.0
2020,Ford,escape hybrid awd,Sport utility vehicle: Small,2.5,4,AV,X,5.5,6.4,5.9,48,139,9.0,7.0
2020,Ford,expedition 4x4,Sport utility vehicle: Standard,3.5,6,AS10,X,14.1,10.6,12.5,23,294,3.0,5.0
2020,Ford,expedition max 4x4,Sport utility vehicle: Standard,3.5,6,AS10,X,14.7,11.2,13.1,22,308,3.0,5.0
2020,Ford,explorer awd,Sport utility vehicle: Standard,2.3,4,AS10,X,11.6,8.7,10.3,27,241,5.0,5.0
2020,Ford,explorer awd,Sport utility vehicle: Standard,3.0,6,AS10,X,13.3,9.8,11.8,24,278,4.0,5.0
2020,Ford,explorer hybrid awd,Sport utility vehicle: Standard,3.3,6,AS10,X,10.1,9.0,9.6,29,225,5.0,5.0
2020,Ford,f-150,Pickup truck: Standard,2.7,6,AS10,X,12.0,8.9,10.6,27,249,4.0,5.0
2020,Ford,f-150,Pickup truck: Standard,3.0,6,AS10,D,11.1,8.3,9.8,29,264,4.0,1.0
2020,Ford,f-150 (lt tire pkg),Pickup truck: Standard,3.0,6,AS10,D,11.1,8.3,9.8,29,264,4.0,1.0
2020,Ford,f-150 ffv,Pickup truck: Standard,3.3,6,AS6,X,12.1,9.3,10.8,26,254,4.0,5.0
2020,Ford,f-150 ffv,Pickup truck: Standard,3.3,6,AS6,E,16.6,12.6,14.8,19,245,5.0,5.0
2020,Ford,f-150,Pickup truck: Standard,3.5,6,AS10,X,14.3,10.7,12.7,22,298,3.0,5.0
2020,Ford,f-150 ffv,Pickup truck: Standard,5.0,8,AS10,X,14.3,10.6,12.6,22,297,3.0,3.0
2020,Ford,f-150 ffv,Pickup truck: Standard,5.0,8,AS10,E,20.0,14.8,17.6,16,293,3.0,3.0
2020,Ford,f-150 ffv (lt tire pkg),Pickup truck: Standard,5.0,8,AS10,X,14.4,11.2,13.0,22,305,3.0,3.0
2020,Ford,f-150 ffv (lt tire pkg),Pickup truck: Standard,5.0,8,AS10,E,20.0,14.9,17.7,16,294,3.0,3.0
2020,Ford,f-150 ffv (payload pkg),Pickup truck: Standard,5.0,8,AS10,X,15.1,11.8,13.6,21,319,3.0,3.0
2020,Ford,f-150 ffv (payload pkg),Pickup truck: Standard,5.0,8,AS10,E,19.9,15.8,18.0,16,300,3.0,3.0
2020,Ford,f-150 4x4,Pickup truck: Standard,2.7,6,AS10,X,13.1,10.2,11.8,24,277,4.0,5.0
2020,Ford,f-150 4x4,Pickup truck: Standard,3.0,6,AS10,D,11.9,9.4,10.8,26,290,3.0,1.0
2020,Ford,f-150 4x4 xl/xlt,Pickup truck: Standard,3.0,6,AS10,D,11.3,8.5,10.0,28,270,4.0,1.0
2020,Ford,f-150 ffv 4x4,Pickup truck: Standard,3.3,6,AS6,X,12.9,10.2,11.7,24,274,4.0,5.0
2020,Ford,f-150 ffv 4x4,Pickup truck: Standard,3.3,6,AS6,E,17.6,13.8,15.9,18,265,4.0,5.0
2020,Ford,f-150 4x4,Pickup truck: Standard,3.5,6,AS10,X,14.6,10.9,13.0,22,304,3.0,5.0
2020,Ford,f-150 4x4 limited,Pickup truck: Standard,3.5,6,AS10,X,13.8,11.2,12.6,22,296,3.0,5.0
2020,Ford,f-150 ffv 4x4,Pickup truck: Standard,5.0,8,AS10,X,15.1,11.6,13.5,21,317,3.0,3.0
2020,Ford,f-150 ffv 4x4,Pickup truck: Standard,5.0,8,AS10,E,20.3,14.7,17.8,16,296,3.0,3.0
2020,Ford,f-150 raptor 4x4,Pickup truck: Standard,3.5,6,AS10,X,15.3,13.1,14.3,20,336,2.0,5.0
2020,Ford,fusion,Mid-size,1.5,4,AS6,X,10.0,7.0,8.7,32,203,6.0,7.0
2020,Ford,fusion hybrid,Mid-size,2.0,4,AV,X,5.5,5.7,5.6,50,131,9.0,7.0
2020,Ford,gt,Two-seater,3.5,6,AM7,Z,19.8,12.8,16.6,17,393,1.0,3.0
2020,Ford,mustang,Subcompact,2.3,4,AS10,X,11.2,7.3,9.4,30,221,5.0,5.0
2020,Ford,mustang (performance pkg),Subcompact,2.3,4,AS10,X,11.8,8.4,10.3,27,242,5.0,5.0
2020,Ford,mustang,Subcompact,2.3,4,M6,X,11.2,7.9,9.7,29,226,5.0,5.0
2020,Ford,mustang (performance pkg),Subcompact,2.3,4,M6,X,11.8,8.7,10.4,27,244,5.0,5.0
2020,Ford,mustang,Subcompact,5.0,8,AS10,X,15.0,9.1,12.3,23,289,3.0,3.0
2020,Ford,mustang,Subcompact,5.0,8,M6,X,16.1,9.9,13.3,21,312,3.0,3.0
2020,Ford,mustang bullitt,Subcompact,5.0,8,M6,X,16.4,10.2,13.6,21,319,3.0,3.0
2020,Ford,mustang convertible,Subcompact,2.3,4,AS10,X,11.8,8.4,10.3,27,242,5.0,5.0
2020,Ford,mustang convertible (performance pkg),Subcompact,2.3,4,AS10,X,11.8,8.7,10.4,27,244,5.0,5.0
2020,Ford,mustang convertible,Subcompact,2.3,4,M6,X,11.8,8.4,10.3,27,240,5.0,5.0
2020,Ford,mustang convertible (performance pkg),Subcompact,2.3,4,M6,X,12.1,9.1,10.7,26,252,4.0,5.0
2020,Ford,mustang convertible,Subcompact,5.0,8,AS10,X,15.4,9.7,12.9,22,303,3.0,3.0
2020,Ford,ranger 4wd,Pickup truck: Standard,2.3,4,AS10,X,11.8,9.8,10.9,26,256,4.0,5.0
2020,Ford,shelby gt350 mustang,Subcompact,5.2,8,M6,Z,17.1,11.4,14.5,19,342,2.0,3.0
2020,Ford,shelby gt500 mustang,Subcompact,5.2,8,AM7,Z,19.9,12.7,16.7,17,392,1.0,3.0
2020,Ford,t-150 wagon ffv,Van: Passenger,3.5,6,AS10,X,16.2,12.3,14.5,19,340,2.0,1.0
2020,Ford,t-150 wagon ffv,Van: Passenger,3.5,6,AS10,E,21.5,16.2,19.1,15,316,3.0,1.0
2020,Ford,t-150 wagon ffv 4wd,Van: Passenger,3.5,6,AS10,X,16.7,12.8,15.0,19,352,2.0,1.0
2020,Ford,t-150 wagon ffv 4wd,Van: Passenger,3.5,6,AS10,E,22.1,16.8,19.8,14,328,3.0,1.0
2020,Ford,transit connect van ffv,Special purpose vehicle,2.0,4,AS8,X,9.8,8.8,9.3,30,219,5.0,5.0
2020,Ford,transit connect van ffv,Special purpose vehicle,2.0,4,AS8,E,13.3,11.8,12.6,22,209,5.0,5.0
2020,Ford,transit connect van lwb,Special purpose vehicle,2.0,4,AS8,X,9.8,8.8,9.3,30,219,5.0,6.0
2020,Ford,transit connect van lwb,Special purpose vehicle,2.5,4,AS6,X,12.0,8.8,10.6,27,247,4.0,5.0
2020,Ford,transit connect wagon lwb,Special purpose vehicle,2.0,4,AS8,X,9.9,8.2,9.2,31,214,5.0,6.0
2020,Ford,transit connect wagon lwb ffv,Special purpose vehicle,2.0,4,AS8,X,9.9,8.2,9.2,31,214,5.0,5.0
2020,Ford,transit connect wagon lwb ffv,Special purpose vehicle,2.0,4,AS8,E,13.7,11.1,12.5,23,208,6.0,5.0
2020,Ford,transit connect wagon lwb,Special purpose vehicle,2.5,4,AS6,X,12.1,9.0,10.7,26,251,4.0,5.0
2020,Genesis,g70,Compact,2.0,4,M6,Z,12.8,8.5,10.9,26,255,4.0,3.0
2020,Genesis,g70 awd,Compact,2.0,4,AS8,Z,11.4,8.6,10.2,28,238,5.0,3.0
2020,Genesis,g70 awd,Compact,3.3,6,AS8,Z,14.1,9.5,12.0,24,284,3.0,3.0
2020,Genesis,g80 awd,Full-size,3.3,6,AS8,Z,13.8,9.7,11.9,24,282,4.0,3.0
2020,Genesis,g80 awd,Full-size,3.8,6,AS8,X,13.4,9.6,11.7,24,276,4.0,5.0
2020,Genesis,g80 awd,Full-size,5.0,8,AS8,Z,15.6,10.4,13.2,21,312,3.0,5.0
2020,Genesis,g90 awd,Full-size,3.3,6,AS8,Z,13.6,9.5,11.8,24,280,4.0,3.0
2020,Genesis,g90 awd,Full-size,5.0,8,AS8,Z,15.4,10.2,13.1,22,311,3.0,5.0
2020,GMC,acadia,Sport utility vehicle: Standard,2.0,4,A9,X,11.0,8.3,9.8,29,225,5.0,6.0
2020,GMC,acadia,Sport utility vehicle: Standard,2.5,4,A9,X,11.3,8.9,10.2,28,238,5.0,5.0
2020,GMC,acadia,Sport utility vehicle: Standard,3.6,6,A9,X,12.6,8.8,10.9,26,257,4.0,6.0
2020,GMC,acadia awd,Sport utility vehicle: Standard,2.0,4,A9,X,11.3,8.7,10.1,28,232,5.0,6.0
2020,GMC,acadia awd,Sport utility vehicle: Standard,3.6,6,A9,X,13.1,9.4,11.4,25,269,4.0,6.0
2020,GMC,canyon,Pickup truck: Small,2.5,4,A6,X,12.1,9.2,10.8,26,252,4.0,5.0
2020,GMC,canyon,Pickup truck: Small,2.8,4,A6,D,11.8,7.9,10.1,28,270,4.0,3.0
2020,GMC,canyon,Pickup truck: Small,3.6,6,A8,X,13.4,9.6,11.7,24,273,4.0,5.0
2020,GMC,canyon 4wd,Pickup truck: Small,2.5,4,A6,X,12.6,9.7,11.3,25,265,4.0,5.0
2020,GMC,canyon 4wd,Pickup truck: Small,2.8,4,A6,D,12.3,8.5,10.6,27,284,3.0,3.0
2020,GMC,canyon 4wd,Pickup truck: Small,3.6,6,A8,X,14.0,9.9,12.2,23,286,3.0,5.0
2020,GMC,sierra,Pickup truck: Standard,2.7,4,A8,X,11.9,10.3,11.1,25,262,4.0,6.0
2020,GMC,sierra wt,Pickup truck: Standard,2.7,4,A8,X,12.5,10.8,11.7,24,275,4.0,6.0
2020,GMC,sierra,Pickup truck: Standard,3.0,6,A10,D,10.2,7.8,9.1,31,245,5.0,1.0
2020,GMC,sierra,Pickup truck: Standard,4.3,6,A6,X,15.1,11.5,13.5,21,318,3.0,6.0
2020,GMC,sierra,Pickup truck: Standard,5.3,8,A6,X,15.9,11.4,13.9,20,326,3.0,5.0
2020,GMC,sierra ffv,Pickup truck: Standard,5.3,8,A6,X,16.0,12.6,14.4,20,339,2.0,3.0
2020,GMC,sierra ffv,Pickup truck: Standard,5.3,8,A6,E,22.2,16.2,19.5,14,326,3.0,3.0
2020,GMC,sierra,Pickup truck: Standard,5.3,8,A8,X,14.0,10.1,12.2,23,288,3.0,5.0
2020,GMC,sierra 4wd,Pickup truck: Standard,2.7,4,A8,X,12.5,10.8,11.7,24,275,4.0,6.0
2020,GMC,sierra wt 4wd,Pickup truck: Standard,2.7,4,A8,X,12.7,11.0,12.0,24,280,4.0,6.0
2020,GMC,sierra 4wd,Pickup truck: Standard,3.0,6,A10,D,10.5,9.1,9.9,29,265,4.0,1.0
2020,GMC,sierra 4wd at4,Pickup truck: Standard,3.0,6,A10,D,10.5,9.1,9.9,29,265,4.0,1.0
2020,GMC,sierra 4wd,Pickup truck: Standard,4.3,6,A6,X,15.7,12.0,14.1,20,331,3.0,6.0
2020,GMC,sierra 4wd,Pickup truck: Standard,5.3,8,A6,X,15.9,11.8,14.1,20,331,3.0,5.0
2020,GMC,sierra 4wd ffv,Pickup truck: Standard,5.3,8,A6,X,16.4,12.6,14.7,19,344,2.0,3.0
2020,GMC,sierra 4wd ffv,Pickup truck: Standard,5.3,8,A6,E,21.8,16.8,19.5,14,325,3.0,3.0
2020,GMC,sierra 4wd at4,Pickup truck: Standard,5.3,8,A6,X,16.7,13.1,15.1,19,354,2.0,5.0
2020,GMC,sierra 4wd,Pickup truck: Standard,5.3,8,A8,X,14.7,10.8,13.0,22,304,3.0,5.0
2020,GMC,sierra 4wd at4,Pickup truck: Standard,5.3,8,A8,X,15.1,11.4,13.4,21,314,3.0,5.0
2020,GMC,sierra 4wd,Pickup truck: Standard,5.3,8,A10,X,14.3,10.6,12.7,22,298,3.0,5.0
2020,GMC,sierra 4wd at4,Pickup truck: Standard,5.3,8,A10,X,14.7,11.2,13.1,22,307,3.0,5.0
2020,GMC,sierra 4wd,Pickup truck: Standard,6.2,8,A10,Z,15.5,11.9,13.9,20,326,3.0,3.0
2020,GMC,sierra 4wd at4,Pickup truck: Standard,6.2,8,A10,Z,15.7,12.4,14.2,20,332,3.0,3.0
2020,GMC,terrain,Sport utility vehicle: Small,1.5,4,A9,X,9.2,7.8,8.6,33,202,6.0,7.0
2020,GMC,terrain awd,Sport utility vehicle: Small,1.5,4,A9,X,9.5,8.3,9.0,31,210,5.0,7.0
2020,GMC,terrain awd,Sport utility vehicle: Small,2.0,4,A9,Z,11.2,9.0,10.2,28,239,5.0,5.0
2020,GMC,yukon,Sport utility vehicle: Standard,5.3,8,A6,X,15.7,10.5,13.4,21,314,3.0,3.0
2020,GMC,yukon ffv,Sport utility vehicle: Standard,5.3,8,A6,X,15.7,10.5,13.4,21,314,3.0,3.0
2020,GMC,yukon ffv,Sport utility vehicle: Standard,5.3,8,A6,E,21.2,13.9,17.9,16,298,3.0,3.0
2020,GMC,yukon 4wd,Sport utility vehicle: Standard,5.3,8,A6,X,16.0,11.2,13.8,20,325,3.0,3.0
2020,GMC,yukon 4wd ffv,Sport utility vehicle: Standard,5.3,8,A6,X,16.0,11.2,13.8,20,325,3.0,3.0
2020,GMC,yukon 4wd ffv,Sport utility vehicle: Standard,5.3,8,A6,E,21.7,14.3,18.4,15,305,3.0,3.0
2020,GMC,yukon 4wd,Sport utility vehicle: Standard,6.2,8,A10,Z,16.5,10.9,13.9,20,327,3.0,3.0
2020,GMC,yukon xl,Sport utility vehicle: Standard,5.3,8,A6,X,15.7,10.5,13.4,21,314,3.0,3.0
2020,GMC,yukon xl ffv,Sport utility vehicle: Standard,5.3,8,A6,X,15.7,10.5,13.4,21,314,3.0,3.0
2020,GMC,yukon xl ffv,Sport utility vehicle: Standard,5.3,8,A6,E,21.2,13.9,17.9,16,298,3.0,3.0
2020,GMC,yukon xl 4wd,Sport utility vehicle: Standard,5.3,8,A6,X,16.8,11.3,14.4,20,337,2.0,3.0
2020,GMC,yukon xl 4wd ffv,Sport utility vehicle: Standard,5.3,8,A6,X,16.8,11.3,14.4,20,337,2.0,3.0
2020,GMC,yukon xl 4wd ffv,Sport utility vehicle: Standard,5.3,8,A6,E,22.2,15.3,19.1,15,319,3.0,3.0
2020,GMC,yukon xl 4wd,Sport utility vehicle: Standard,6.2,8,A10,Z,17.2,11.4,14.6,19,343,2.0,3.0
2020,Honda,accord,Full-size,1.5,4,AV,X,7.9,6.3,7.2,39,170,7.0,7.0
2020,Honda,accord,Full-size,1.5,4,AV7,X,8.2,6.8,7.6,37,177,7.0,7.0
2020,Honda,accord,Full-size,1.5,4,M6,X,8.9,6.7,7.9,36,185,7.0,6.0
2020,Honda,accord,Full-size,2.0,4,M6,X,10.7,7.3,9.2,31,214,5.0,6.0
2020,Honda,accord sport/touring,Mid-size,2.0,4,AS10,X,10.4,7.4,9.1,31,211,5.0,7.0
2020,Honda,accord hybrid,Full-size,2.0,4,AV,X,5.0,5.0,5.0,56,117,10.0,7.0
2020,Honda,civic coupe,Compact,1.5,4,AV7,X,7.8,6.4,7.2,39,167,7.0,3.0
2020,Honda,civic coupe,Compact,2.0,4,AV,X,7.8,6.1,7.1,40,164,8.0,3.0
2020,Honda,civic coupe,Compact,2.0,4,AV7,X,8.3,6.6,7.5,38,176,7.0,3.0
2020,Honda,civic coupe,Compact,2.0,4,M6,X,9.3,6.7,8.1,35,189,6.0,3.0
2020,Honda,civic coupe si,Compact,1.5,4,M6,Z,8.9,6.4,7.8,36,183,7.0,3.0
2020,Honda,civic hatchback,Full-size,1.5,4,AV,X,7.7,6.0,6.9,41,162,8.0,3.0
2020,Honda,civic hatchback,Full-size,1.5,4,M6,X,8.0,6.2,7.2,39,167,7.0,3.0
2020,Honda,civic hatchback sport,Full-size,1.5,4,AV7,Z,8.0,6.6,7.4,38,172,7.0,3.0
2020,Honda,civic hatchback sport,Full-size,1.5,4,M6,Z,8.0,6.2,7.2,39,167,7.0,3.0
2020,Honda,civic sedan,Mid-size,1.5,4,AV7,X,7.8,6.2,7.1,40,165,7.0,3.0
2020,Honda,civic sedan,Mid-size,2.0,4,AV,X,7.9,6.1,7.1,40,167,7.0,3.0
2020,Honda,civic sedan,Mid-size,2.0,4,AV7,X,8.2,6.5,7.4,38,172,7.0,3.0
2020,Honda,civic sedan,Mid-size,2.0,4,M6,X,9.3,6.5,8.0,35,186,7.0,3.0
2020,Honda,civic sedan si,Mid-size,1.5,4,M6,Z,8.9,6.4,7.8,36,183,7.0,3.0
2020,Honda,civic type r,Full-size,2.0,4,M6,Z,10.5,8.4,9.6,29,223,5.0,3.0
2020,Honda,cr-v,Sport utility vehicle: Small,1.5,4,AV,X,8.3,7.0,7.7,37,180,7.0,6.0
2020,Honda,cr-v awd,Sport utility vehicle: Small,1.5,4,AV,X,8.7,7.4,8.1,35,189,6.0,6.0
2020,Honda,fit,Station wagon: Small,1.5,4,AV,X,7.0,5.9,6.5,43,151,8.0,7.0
2020,Honda,fit,Station wagon: Small,1.5,4,AV7,X,7.6,6.5,7.0,40,166,7.0,7.0
2020,Honda,fit,Station wagon: Small,1.5,4,M6,X,8.1,6.6,7.4,38,174,7.0,3.0
2020,Honda,hr-v,Station wagon: Small,1.8,4,AV,X,8.4,7.0,7.8,36,181,7.0,5.0
2020,Honda,hr-v awd,Station wagon: Small,1.8,4,AV,X,8.8,7.5,8.2,34,193,6.0,5.0
2020,Honda,hr-v awd,Station wagon: Small,1.8,4,AV7,X,9.1,7.7,8.5,33,200,6.0,5.0
2020,Honda,insight ex/touring,Mid-size,1.5,4,AV,X,4.6,5.3,4.9,58,115,10.0,7.0
2020,Honda,odyssey,Minivan,3.5,6,AS10,X,12.2,8.5,10.6,27,248,4.0,5.0
2020,Honda,passport awd,Sport utility vehicle: Small,3.5,6,AS9,X,12.5,9.8,11.3,25,265,4.0,3.0
2020,Honda,pilot awd,Sport utility vehicle: Small,3.5,6,A6,X,13.0,9.3,11.3,25,266,4.0,3.0
2020,Honda,pilot awd,Sport utility vehicle: Small,3.5,6,AS9,X,12.4,9.3,11.0,26,257,4.0,3.0
2020,Honda,ridgeline awd,Pickup truck: Standard,3.5,6,AS9,X,12.6,10.0,11.4,25,269,4.0,3.0
2020,Hyundai,accent,Compact,1.6,4,AV,X,7.3,6.0,6.7,42,160,8.0,3.0
2020,Hyundai,accent,Compact,1.6,4,M6,X,7.8,6.1,7.0,40,168,7.0,3.0
2020,Hyundai,elantra,Mid-size,1.6,4,AM7,X,8.9,7.0,8.1,35,192,6.0,5.0
2020,Hyundai,elantra,Mid-size,1.6,4,M6,X,10.1,7.6,9.0,31,214,5.0,5.0
2020,Hyundai,elantra,Mid-size,2.0,4,AV,X,7.8,5.6,6.8,42,161,8.0,5.0
2020,Hyundai,elantra,Mid-size,2.0,4,M6,X,9.1,6.3,7.9,36,187,7.0,5.0
2020,Hyundai,elantra gt,Full-size,1.6,4,AM7,X,9.7,7.4,8.6,33,205,6.0,5.0
2020,Hyundai,elantra gt,Full-size,1.6,4,M6,X,10.3,7.9,9.2,31,218,5.0,5.0
2020,Hyundai,elantra gt,Full-size,2.0,4,AS6,X,9.4,7.1,8.4,34,199,6.0,5.0
2020,Hyundai,elantra gt,Full-size,2.0,4,M6,X,9.8,7.4,8.7,32,207,6.0,5.0
2020,Hyundai,ioniq,Full-size,1.6,4,AM6,X,4.2,4.2,4.2,67,99,10.0,7.0
2020,Hyundai,ioniq blue,Full-size,1.6,4,AM6,X,4.2,4.0,4.1,69,96,10.0,7.0
2020,Hyundai,kona,Sport utility vehicle: Small,2.0,4,AS6,X,8.6,7.0,7.9,36,187,7.0,5.0
2020,Hyundai,kona awd,Sport utility vehicle: Small,1.6,4,AM7,X,9.0,8.0,8.6,33,201,6.0,5.0
2020,Hyundai,kona awd,Sport utility vehicle: Small,2.0,4,AS6,X,9.2,7.8,8.6,33,202,6.0,5.0
2020,Hyundai,palisade,Sport utility vehicle: Standard,3.8,6,AS8,X,11.9,8.8,10.5,27,250,4.0,5.0
2020,Hyundai,palisade awd,Sport utility vehicle: Standard,3.8,6,AS8,X,12.3,9.6,11.1,25,265,4.0,5.0
2020,Hyundai,santa fe,Sport utility vehicle: Small,2.4,4,AS8,X,10.8,8.0,9.6,29,225,5.0,5.0
2020,Hyundai,santa fe awd,Sport utility vehicle: Small,2.0,4,AS8,X,12.0,9.2,10.7,26,255,4.0,5.0
2020,Hyundai,santa fe awd,Sport utility vehicle: Small,2.4,4,AS8,X,11.3,8.8,10.1,28,238,5.0,5.0
2020,Hyundai,sonata,Full-size,1.6,4,AS8,X,8.6,6.6,7.7,37,181,7.0,5.0
2020,Hyundai,sonata,Full-size,2.5,4,AS8,X,8.8,6.4,7.7,37,182,7.0,7.0
2020,Hyundai,sonata hybrid,Full-size,2.0,4,AM6,X,5.3,4.6,5.0,56,117,10.0,7.0
2020,Hyundai,tucson,Sport utility vehicle: Small,2.0,4,AS6,X,10.0,7.9,9.1,31,216,5.0,5.0
2020,Hyundai,tucson awd,Sport utility vehicle: Small,2.0,4,AS6,X,10.8,9.2,10.1,28,239,5.0,5.0
2020,Hyundai,tucson awd,Sport utility vehicle: Small,2.4,4,AS6,X,11.0,9.1,10.1,28,241,5.0,5.0
2020,Hyundai,veloster turbo,Compact,1.6,4,AM7,X,8.5,6.9,7.8,36,184,7.0,5.0
2020,Hyundai,veloster turbo,Compact,1.6,4,M6,X,9.4,7.0,8.3,34,196,6.0,5.0
2020,Hyundai,veloster,Compact,2.0,4,AS6,X,9.1,7.1,8.2,34,193,6.0,5.0
2020,Hyundai,veloster n,Compact,2.0,4,M6,Z,10.6,8.3,9.5,30,226,5.0,3.0
2020,Hyundai,venue,Mid-size,1.6,4,AV,X,8.0,7.0,7.5,38,178,7.0,5.0
2020,Hyundai,venue,Mid-size,1.6,4,M6,X,8.6,6.8,7.8,36,184,7.0,5.0
2020,Infiniti,q50 awd,Mid-size,3.0,6,AS7,Z,12.5,8.7,10.8,26,254,4.0,3.0
2020,Infiniti,q50 awd red sport,Mid-size,3.0,6,AS7,Z,12.5,9.3,11.1,25,261,4.0,3.0
2020,Infiniti,q60 awd,Subcompact,3.0,6,AS7,Z,12.3,8.7,10.7,26,251,4.0,3.0
2020,Infiniti,q60 awd red sport,Subcompact,3.0,6,AS7,Z,12.5,9.2,11.0,26,259,4.0,3.0
2020,Infiniti,qx50 awd,Sport utility vehicle: Small,2.0,4,AV8,Z,10.8,8.3,9.7,29,228,5.0,5.0
2020,Infiniti,qx60 awd,Sport utility vehicle: Small,3.5,6,AV7,Z,12.5,9.0,10.9,26,257,4.0,3.0
2020,Infiniti,qx80 4wd,Sport utility vehicle: Standard,5.6,8,AS7,Z,17.8,12.3,15.3,18,360,2.0,3.0
2020,Jaguar,e-pace p250,Sport utility vehicle: Small,2.0,4,AS9,Z,11.0,8.4,9.8,29,231,5.0,7.0
2020,Jaguar,e-pace p300,Sport utility vehicle: Small,2.0,4,AS9,Z,11.2,8.6,10.1,28,236,5.0,7.0
2020,Jaguar,f-pace 25t,Sport utility vehicle: Small,2.0,4,AS8,Z,10.7,8.8,9.9,29,227,5.0,7.0
2020,Jaguar,f-pace 30t,Sport utility vehicle: Small,2.0,4,AS8,Z,10.9,8.7,9.9,29,232,5.0,7.0
2020,Jaguar,f-pace s,Sport utility vehicle: Small,3.0,6,AS8,Z,13.3,10.0,11.8,24,277,4.0,7.0
2020,Jaguar,f-pace svr,Sport utility vehicle: Small,5.0,8,AS8,Z,14.5,11.0,12.9,22,303,3.0,3.0
2020,Jaguar,f-type p300 convertible,Two-seater,2.0,4,AS8,Z,10.2,7.8,9.2,31,215,5.0,7.0
2020,Jaguar,f-type convertible,Two-seater,3.0,6,AS8,Z,11.9,8.5,10.4,27,242,5.0,7.0
2020,Jaguar,f-type convertible r-dynamic,Two-seater,3.0,6,AS8,Z,12.4,8.8,10.8,26,253,4.0,7.0
2020,Jaguar,f-type convertible r-dynamic awd,Two-seater,3.0,6,AS8,Z,13.0,9.2,11.3,25,265,4.0,7.0
2020,Jaguar,f-type r awd convertible,Two-seater,5.0,8,AS8,Z,15.2,9.8,12.7,22,299,3.0,3.0
2020,Jaguar,f-type svr awd convertible,Two-seater,5.0,8,AS8,Z,15.2,9.8,12.7,22,299,3.0,3.0
2020,Jaguar,f-type p300 coupe,Two-seater,2.0,4,AS8,Z,10.2,7.8,9.2,31,215,5.0,7.0
2020,Jaguar,f-type coupe,Two-seater,3.0,6,AS8,Z,11.9,8.5,10.4,27,242,5.0,7.0
2020,Jaguar,f-type coupe r-dynamic,Two-seater,3.0,6,AS8,Z,12.4,8.8,10.8,26,253,4.0,7.0
2020,Jaguar,f-type coupe r-dynamic awd,Two-seater,3.0,6,AS8,Z,13.0,9.2,11.3,25,265,4.0,7.0
2020,Jaguar,f-type r awd coupe,Two-seater,5.0,8,AS8,Z,15.2,9.8,12.7,22,299,3.0,3.0
2020,Jaguar,f-type svr awd coupe,Two-seater,5.0,8,AS8,Z,15.2,9.8,12.7,22,299,3.0,3.0
2020,Jaguar,xe p250,Compact,2.0,4,AS8,Z,9.4,7.0,8.3,34,194,6.0,7.0
2020,Jaguar,xe p250 awd,Compact,2.0,4,AS8,Z,9.8,6.9,8.5,33,200,6.0,7.0
2020,Jaguar,xe p300 awd,Compact,2.0,4,AS8,Z,10.7,7.7,9.4,30,220,5.0,7.0
2020,Jaguar,xf 25t,Mid-size,2.0,4,AS8,Z,9.4,7.0,8.3,34,194,6.0,7.0
2020,Jaguar,xf 25t awd,Mid-size,2.0,4,AS8,Z,10.1,7.2,8.8,32,207,6.0,7.0
2020,Jaguar,xf 30t,Mid-size,2.0,4,AS8,Z,9.2,7.5,8.9,32,208,6.0,7.0
2020,Jaguar,xf 30t awd,Mid-size,2.0,4,AS8,Z,10.6,7.6,9.2,31,217,5.0,7.0
2020,Jaguar,xf s awd,Mid-size,3.0,6,AS8,Z,12.0,8.4,10.4,27,243,5.0,7.0
2020,Jeep,cherokee,Sport utility vehicle: Small,2.0,4,A9,X,10.4,7.6,9.1,31,214,5.0,5.0
2020,Jeep,cherokee,Sport utility vehicle: Small,2.4,4,A9,X,10.8,7.6,9.3,30,219,5.0,6.0
2020,Jeep,cherokee,Sport utility vehicle: Small,3.2,6,A9,X,11.9,8.2,10.2,28,240,5.0,5.0
2020,Jeep,cherokee 4x4 active drive i,Sport utility vehicle: Small,2.0,4,A9,X,11.2,8.0,9.8,29,229,5.0,5.0
2020,Jeep,cherokee 4x4 active drive i,Sport utility vehicle: Small,2.4,4,A9,X,11.2,8.0,9.8,29,230,5.0,6.0
2020,Jeep,cherokee 4x4 active drive i,Sport utility vehicle: Small,3.2,6,A9,X,12.2,8.6,10.6,27,249,4.0,5.0
2020,Jeep,cherokee 4x4 active drive ii,Sport utility vehicle: Small,2.0,4,A9,X,11.5,8.6,10.2,28,240,5.0,5.0
2020,Jeep,cherokee 4x4 active drive ii,Sport utility vehicle: Small,3.2,6,A9,X,12.8,9.0,11.1,25,259,4.0,5.0
2020,Jeep,cherokee 4x4 active drive lock,Sport utility vehicle: Small,2.0,4,A9,X,11.8,9.2,10.6,27,249,4.0,5.0
2020,Jeep,cherokee 4x4 active drive lock,Sport utility vehicle: Small,3.2,6,A9,X,12.9,9.9,11.6,24,269,4.0,5.0
2020,Jeep,compass,Sport utility vehicle: Small,2.4,4,A6,X,10.6,7.6,9.3,30,218,5.0,6.0
2020,Jeep,compass,Sport utility vehicle: Small,2.4,4,M6,X,10.4,7.3,9.0,31,211,5.0,3.0
2020,Jeep,compass 4x4,Sport utility vehicle: Small,2.4,4,A9,X,10.8,7.8,9.5,30,222,5.0,6.0
2020,Jeep,compass 4x4,Sport utility vehicle: Small,2.4,4,M6,X,10.8,7.6,9.4,30,221,5.0,3.0
2020,Jeep,gladiator 4x4,Pickup truck: Standard,3.6,6,A8,X,13.7,10.7,12.3,23,290,3.0,5.0
2020,Jeep,gladiator 4x4,Pickup truck: Standard,3.6,6,M6,X,14.3,10.4,12.6,22,296,3.0,5.0
2020,Jeep,grand cherokee 4x4,Sport utility vehicle: Standard,3.6,6,A8,X,12.7,9.6,11.3,25,265,4.0,7.0
2020,Jeep,grand cherokee 4x4,Sport utility vehicle: Standard,5.7,8,A8,X,16.7,10.9,14.1,20,331,3.0,3.0
2020,Jeep,grand cherokee 4x4 srt,Sport utility vehicle: Standard,6.4,8,A8,Z,18.3,12.6,15.7,18,368,2.0,1.0
2020,Jeep,grand cherokee 4x4 trackhawk,Sport utility vehicle: Standard,6.2,8,A8,Z,20.9,13.8,17.7,16,413,1.0,1.0
2020,Jeep,renegade,Sport utility vehicle: Small,1.3,4,A9,X,9.8,7.4,8.7,32,204,6.0,6.0
2020,Jeep,renegade,Sport utility vehicle: Small,2.4,4,A9,X,10.8,7.8,9.5,30,222,5.0,6.0
2020,Jeep,renegade 4x4,Sport utility vehicle: Small,1.3,4,A9,X,10.1,8.1,9.2,31,216,5.0,6.0
2020,Jeep,renegade 4x4 trailhawk,Sport utility vehicle: Small,1.3,4,A9,X,10.8,8.7,9.9,29,230,5.0,6.0
2020,Jeep,renegade 4x4,Sport utility vehicle: Small,2.4,4,A9,X,11.2,8.2,9.8,29,230,5.0,6.0
2020,Jeep,wrangler 4x4,Sport utility vehicle: Small,2.0,4,A8,X,10.7,9.8,10.3,27,241,5.0,5.0
2020,Jeep,wrangler 4x4,Sport utility vehicle: Small,3.6,6,A8,X,12.8,10.4,11.8,24,274,4.0,5.0
2020,Jeep,wrangler 4x4 etorque,Sport utility vehicle: Small,3.6,6,A8,X,12.0,9.8,11.0,26,259,4.0,5.0
2020,Jeep,wrangler 4x4,Sport utility vehicle: Small,3.6,6,M6,X,13.7,9.6,11.8,24,277,4.0,5.0
2020,Jeep,wrangler unlimited 4x4,Sport utility vehicle: Small,2.0,4,A8,X,11.5,10.9,11.2,25,263,4.0,5.0
2020,Jeep,wrangler unlimited 4x4 etorque,Sport utility vehicle: Small,2.0,4,A8,X,11.3,10.5,10.9,26,257,4.0,5.0
2020,Jeep,wrangler unlimited 4x4 ecodiesel,Sport utility vehicle: Small,3.0,6,A8,D,10.6,8.1,9.5,30,255,4.0,1.0
2020,Jeep,wrangler unlimited 4x4,Sport utility vehicle: Small,3.6,6,A8,X,12.9,10.7,11.9,24,280,4.0,5.0
2020,Jeep,wrangler unlimited 4x4 etorque,Sport utility vehicle: Small,3.6,6,A8,X,12.6,10.7,11.8,24,276,4.0,5.0
2020,Jeep,wrangler unlimited 4x4,Sport utility vehicle: Small,3.6,6,M6,X,13.8,10.1,12.2,23,285,3.0,5.0
2020,Kia,forte,Mid-size,1.6,4,AM7,X,8.7,6.6,7.8,36,184,7.0,5.0
2020,Kia,forte,Mid-size,2.0,4,AV,X,7.9,5.9,7.0,40,165,7.0,5.0
2020,Kia,forte,Mid-size,2.0,4,M6,X,8.6,6.4,7.6,37,180,7.0,5.0
2020,Kia,forte 5,Full-size,1.6,4,AM7,X,8.9,6.9,8.0,35,190,6.0,5.0
2020,Kia,forte 5,Full-size,2.0,4,AV,X,8.0,6.0,7.1,40,169,7.0,5.0
2020,Kia,niro,Station wagon: Small,1.6,4,AM6,X,4.6,5.1,4.8,59,114,10.0,7.0
2020,Kia,niro fe,Station wagon: Small,1.6,4,AM6,X,4.5,4.8,4.7,60,110,10.0,7.0
2020,Kia,niro touring,Station wagon: Small,1.6,4,AM6,X,5.1,5.8,5.4,52,129,9.0,7.0
2020,Kia,optima,Full-size,2.4,4,AS6,X,9.5,7.1,8.4,34,199,6.0,5.0
2020,Kia,optima hybrid,Mid-size,2.0,4,AM6,X,5.9,5.2,5.6,50,132,9.0,7.0
2020,Kia,rio,Compact,1.6,4,AV,X,7.2,5.9,6.6,43,151,8.0,3.0
2020,Kia,rio,Compact,1.6,4,M6,X,7.7,6.1,7.0,40,166,7.0,3.0
2020,Kia,sedona,Minivan,3.3,6,AS8,X,12.7,9.9,11.5,25,271,4.0,5.0
2020,Kia,sorento awd,Sport utility vehicle: Small,2.4,4,AS6,X,11.2,9.0,10.2,28,242,5.0,5.0
2020,Kia,sorento awd,Sport utility vehicle: Small,3.3,6,AS8,X,12.3,9.5,11.1,25,261,4.0,5.0
2020,Kia,soul,Station wagon: Small,2.0,4,AV,X,8.6,7.1,7.9,36,188,6.0,7.0
2020,Kia,soul,Station wagon: Small,2.0,4,M6,X,9.6,7.6,8.7,32,206,6.0,5.0
2020,Kia,sportage,Sport utility vehicle: Small,2.4,4,AS6,X,10.1,7.6,9.0,31,214,5.0,5.0
2020,Kia,sportage awd,Sport utility vehicle: Small,2.0,4,AS6,X,12.1,9.6,11.0,26,261,4.0,5.0
2020,Kia,sportage awd,Sport utility vehicle: Small,2.4,4,AS6,X,10.8,9.1,10.0,28,239,5.0,5.0
2020,Kia,stinger awd,Mid-size,3.3,6,AS8,Z,13.6,9.6,11.8,24,279,4.0,3.0
2020,Kia,telluride awd,Sport utility vehicle: Small,3.8,6,AS8,X,12.5,9.6,11.2,25,264,4.0,5.0
2020,Lamborghini,aventador coupe,Two-seater,6.5,12,AM7,Z,26.2,15.5,21.4,13,485,1.0,1.0
2020,Lamborghini,aventador roadster,Two-seater,6.5,12,AM7,Z,26.6,15.8,21.7,13,493,1.0,1.0
2020,Lamborghini,aventador sian coupe,Two-seater,6.5,12,AM7,Z,28.1,16.6,22.9,12,535,1.0,1.0
2020,Lamborghini,aventador sian roadster,Two-seater,6.5,12,AM7,Z,28.1,16.6,22.9,12,535,1.0,1.0
2020,Lamborghini,huracan coupe,Two-seater,5.2,10,AM7,Z,18.0,12.9,15.7,18,370,2.0,1.0
2020,Lamborghini,huracan coupe awd,Two-seater,5.2,10,AM7,Z,18.0,12.9,15.7,18,370,2.0,1.0
2020,Lamborghini,huracan spyder,Two-seater,5.2,10,AM7,Z,18.0,12.9,15.7,18,370,2.0,1.0
2020,Lamborghini,huracan spyder awd,Two-seater,5.2,10,AM7,Z,18.0,12.9,15.7,18,370,2.0,1.0
2020,Lamborghini,urus,Sport utility vehicle: Standard,4.0,8,AS8,Z,19.2,14.1,16.9,17,384,1.0,3.0
2020,Land Rover,defender 90 p300,Sport utility vehicle: Standard,2.0,4,AS8,Z,13.2,11.3,12.3,23,289,3.0,7.0
2020,Land Rover,defender 90 p400,Sport utility vehicle: Standard,3.0,6,AS8,Z,13.5,10.8,12.3,23,287,3.0,7.0
2020,Land Rover,defender 110 p300,Sport utility vehicle: Standard,2.0,4,AS8,Z,14.2,11.7,13.0,22,306,3.0,7.0
2020,Land Rover,defender 110 p400,Sport utility vehicle: Standard,3.0,6,AS8,Z,13.5,10.8,12.3,23,287,3.0,7.0
2020,Land Rover,discovery,Sport utility vehicle: Standard,3.0,6,AS8,Z,14.8,11.4,13.3,21,311,3.0,7.0
2020,Land Rover,discovery td6 diesel,Sport utility vehicle: Standard,3.0,6,AS8,D,11.3,9.2,10.4,27,279,4.0,1.0
2020,Land Rover,discovery sport p250,Sport utility vehicle: Small,2.0,4,AS9,Z,12.6,9.7,11.3,25,266,4.0,7.0
2020,Land Rover,discovery sport p290,Sport utility vehicle: Small,2.0,4,AS9,Z,12.3,9.8,11.1,25,262,4.0,7.0
2020,Land Rover,range rover 3.0,Sport utility vehicle: Standard,3.0,6,AS8,Z,12.2,9.4,11.0,26,258,4.0,7.0
2020,Land Rover,range rover td6 diesel,Sport utility vehicle: Standard,3.0,6,AS8,D,10.7,8.3,9.6,29,256,4.0,1.0
2020,Land Rover,range rover 5.0 supercharged,Sport utility vehicle: Standard,5.0,8,AS8,Z,14.4,11.2,12.9,22,305,3.0,3.0
2020,Land Rover,range rover 5.0 supercharged lwb,Sport utility vehicle: Standard,5.0,8,AS8,Z,14.4,11.3,13.0,22,305,3.0,3.0
2020,Land Rover,range rover svautobiography dynamic,Sport utility vehicle: Standard,5.0,8,AS8,Z,17.1,12.6,15.1,19,354,2.0,3.0
2020,Land Rover,range rover svautobiography lwb,Sport utility vehicle: Standard,5.0,8,AS8,Z,17.9,12.7,15.5,18,365,2.0,3.0
2020,Land Rover,range rover sport 3.0,Sport utility vehicle: Standard,3.0,6,AS8,Z,12.6,9.6,11.3,25,264,4.0,7.0
2020,Land Rover,range rover sport td6 diesel,Sport utility vehicle: Standard,3.0,6,AS8,D,10.7,8.3,9.6,29,256,4.0,1.0
2020,Land Rover,range rover sport supercharged,Sport utility vehicle: Standard,5.0,8,AS8,Z,14.1,10.7,12.6,22,294,3.0,3.0
2020,Land Rover,range rover sport svr,Sport utility vehicle: Standard,5.0,8,AS8,Z,16.2,12.0,14.3,20,336,2.0,3.0
2020,Land Rover,range rover evoque p250,Sport utility vehicle: Small,2.0,4,AS9,Z,11.8,8.7,10.4,27,245,5.0,7.0
2020,Land Rover,range rover evoque p300,Sport utility vehicle: Small,2.0,4,AS9,Z,11.4,8.9,10.3,27,242,5.0,7.0
2020,Land Rover,range rover velar p250,Sport utility vehicle: Small,2.0,4,AS8,Z,11.2,8.9,10.2,28,238,5.0,7.0
2020,Land Rover,range rover velar p300,Sport utility vehicle: Small,2.0,4,AS8,Z,11.7,9.2,10.6,27,248,4.0,7.0
2020,Land Rover,range rover velar p340,Sport utility vehicle: Small,3.0,6,AS8,Z,13.0,10.0,11.6,24,273,4.0,7.0
2020,Land Rover,range rover velar p380,Sport utility vehicle: Small,3.0,6,AS8,Z,13.0,10.0,11.6,24,273,4.0,7.0
2020,Land Rover,range rover velar svautobiography dynamic,Sport utility vehicle: Small,5.0,8,AS8,Z,15.2,11.5,13.5,21,318,3.0,3.0
2020,Lexus,es 300h,Mid-size,2.5,4,AS6,X,5.5,5.2,5.3,53,124,10.0,7.0
2020,Lexus,es 350,Mid-size,3.5,6,AS8,X,10.7,7.2,9.1,31,213,5.0,5.0
2020,Lexus,es 350 f sport,Mid-size,3.5,6,AS8,X,10.9,7.5,9.4,30,219,5.0,5.0
2020,Lexus,gs 350 awd,Mid-size,3.5,6,AS6,Z,12.3,9.1,10.9,26,254,4.0,5.0
2020,Lexus,gs f,Compact,5.0,8,AS8,Z,14.9,9.7,12.5,23,293,3.0,5.0
2020,Lexus,gx 460,Sport utility vehicle: Standard,4.6,8,AS6,Z,16.2,12.3,14.5,19,337,2.0,3.0
2020,Lexus,is 300,Compact,2.0,4,AS8,Z,11.0,7.6,9.5,30,220,5.0,5.0
2020,Lexus,is 300 awd,Compact,3.5,6,AS6,Z,12.3,9.1,10.9,26,254,4.0,5.0
2020,Lexus,is 350 awd,Compact,3.5,6,AS6,Z,12.3,9.1,10.9,26,254,4.0,5.0
2020,Lexus,lc 500,Subcompact,5.0,8,AS10,Z,15.1,9.5,12.6,22,294,3.0,5.0
2020,Lexus,lc 500h,Subcompact,3.5,6,AV10,Z,9.0,7.1,8.1,35,189,6.0,7.0
2020,Lexus,ls 500 awd,Mid-size,3.4,6,AS10,Z,13.2,8.7,11.1,25,262,4.0,3.0
2020,Lexus,ls 500h awd,Mid-size,3.5,6,AV10,Z,10.3,7.7,9.1,31,214,5.0,7.0
2020,Lexus,lx 570,Sport utility vehicle: Standard,5.7,8,AS8,Z,19.2,14.3,16.9,17,395,1.0,3.0
2020,Lexus,nx 300 awd,Sport utility vehicle: Small,2.0,4,AS6,Z,10.7,8.5,9.7,29,226,5.0,3.0
2020,Lexus,nx 300 awd f sport,Sport utility vehicle: Small,2.0,4,AS6,Z,10.8,8.9,9.9,29,232,5.0,3.0
2020,Lexus,nx 300h awd,Sport utility vehicle: Small,2.5,4,AV6,X,7.2,7.9,7.5,38,176,7.0,7.0
2020,Lexus,rc 300 awd,Subcompact,3.5,6,AS6,Z,13.1,9.8,11.2,25,262,4.0,5.0
2020,Lexus,rc 350 awd,Subcompact,3.5,6,AS6,Z,13.1,9.8,11.2,25,262,4.0,5.0
2020,Lexus,rc f,Subcompact,5.0,8,AS8,Z,14.4,9.6,12.2,23,285,3.0,5.0
2020,Lexus,rx 350 awd,Sport utility vehicle: Small,3.5,6,AS8,X,12.2,9.0,10.8,26,252,4.0,5.0
2020,Lexus,rx 350 l awd,Sport utility vehicle: Small,3.5,6,AS8,X,13.1,9.4,11.1,25,268,4.0,5.0
2020,Lexus,rx 450h awd,Sport utility vehicle: Standard,3.5,6,AV6,Z,7.5,8.4,7.9,36,185,7.0,7.0
2020,Lexus,rx 450h l awd,Sport utility vehicle: Standard,3.5,6,AV6,Z,8.1,8.4,8.1,35,190,6.0,7.0
2020,Lexus,ux 200,Mid-size,2.0,4,AS10,X,8.0,6.3,7.2,39,168,7.0,6.0
2020,Lexus,ux 250h awd,Compact,2.0,4,AV6,X,5.7,6.2,6.0,47,140,9.0,6.0
2020,Lincoln,aviator,Sport utility vehicle: Standard,3.0,6,AS10,X,13.7,9.7,11.9,24,280,4.0,5.0
2020,Lincoln,continental awd,Full-size,2.7,6,AS6,X,14.0,9.5,12.0,24,281,4.0,5.0
2020,Lincoln,continental awd,Full-size,3.0,6,AS6,X,14.5,9.8,12.3,23,289,3.0,5.0
2020,Lincoln,continental awd,Full-size,3.7,6,AS6,X,14.3,9.7,12.2,23,287,3.0,3.0
2020,Lincoln,corsair awd,Sport utility vehicle: Small,2.0,4,AS8,X,11.1,8.1,9.8,29,229,5.0,5.0
2020,Lincoln,corsair awd,Sport utility vehicle: Small,2.3,4,AS8,X,11.1,8.2,9.8,29,230,5.0,5.0
2020,Lincoln,mkz awd,Mid-size,2.0,4,AS6,X,12.1,8.4,10.4,27,245,5.0,5.0
2020,Lincoln,mkz hybrid,Mid-size,2.0,4,AV,X,5.5,5.7,5.6,50,131,9.0,7.0
2020,Lincoln,nautilus awd,Sport utility vehicle: Small,2.0,4,AS8,X,12.0,9.6,10.7,26,250,4.0,5.0
2020,Lincoln,nautilus awd,Sport utility vehicle: Small,2.7,6,AS8,X,12.5,9.2,11.0,26,258,4.0,5.0
2020,Lincoln,navigator 4x4,Sport utility vehicle: Standard,3.5,6,AS10,X,15.0,11.5,13.4,21,315,3.0,5.0
2020,Maserati,ghibli,Mid-size,3.0,6,AS8,Z,14.1,9.8,12.2,23,286,3.0,1.0
2020,Maserati,ghibli s,Mid-size,3.0,6,AS8,Z,14.1,9.8,12.2,23,286,3.0,1.0
2020,Maserati,ghibli s q4,Mid-size,3.0,6,AS8,Z,14.7,9.9,12.6,22,295,3.0,1.0
2020,Maserati,levante,Sport utility vehicle: Standard,3.0,6,AS8,Z,15.9,11.1,13.7,21,324,3.0,1.0
2020,Maserati,levante s,Sport utility vehicle: Standard,3.0,6,AS8,Z,15.9,11.1,13.7,21,324,3.0,1.0
2020,Maserati,levante gts,Sport utility vehicle: Standard,3.8,8,AS8,Z,17.3,12.9,15.3,18,360,2.0,1.0
2020,Maserati,levante trofeo,Sport utility vehicle: Standard,3.8,8,AS8,Z,17.3,12.9,15.3,18,360,2.0,1.0
2020,Maserati,quattroporte s,Full-size,3.0,6,AS8,Z,14.1,9.8,12.2,23,286,3.0,1.0
2020,Maserati,quattroporte s q4,Full-size,3.0,6,AS8,Z,15.0,10.3,12.8,22,301,3.0,1.0
2020,Maserati,quattroporte gts,Full-size,3.8,8,AS8,Z,16.0,10.8,13.7,21,321,3.0,1.0
2020,Mazda,cx-3,Compact,2.0,4,AS6,X,8.3,6.9,7.7,37,179,7.0,3.0
2020,Mazda,cx-3 (sil),Compact,2.0,4,M6,X,8.8,7.0,8.0,35,186,7.0,3.0
2020,Mazda,cx-3 4wd,Compact,2.0,4,AS6,X,8.6,7.4,8.1,35,189,6.0,3.0
2020,Mazda,cx-30,Sport utility vehicle: Small,2.0,4,AS6,X,8.9,7.1,8.1,35,189,6.0,7.0
2020,Mazda,cx-30,Sport utility vehicle: Small,2.5,4,AS6,X,9.3,7.1,8.3,34,194,6.0,7.0
2020,Mazda,cx-30 4wd,Sport utility vehicle: Small,2.0,4,AS6,X,9.4,7.7,8.6,33,202,6.0,7.0
2020,Mazda,cx-30 4wd,Sport utility vehicle: Small,2.5,4,AS6,X,9.9,7.7,8.9,32,208,6.0,7.0
2020,Mazda,cx-30 4wd (cylinder deactivation),Sport utility vehicle: Small,2.5,4,AS6,X,9.5,7.4,8.6,33,200,6.0,7.0
2020,Mazda,cx-5,Sport utility vehicle: Small,2.5,4,AS6,X,9.7,7.8,8.8,32,206,6.0,7.0
2020,Mazda,cx-5 (cylinder deactivation),Sport utility vehicle: Small,2.5,4,AS6,X,9.3,7.6,8.5,33,201,6.0,7.0
2020,Mazda,cx-5 4wd,Sport utility vehicle: Small,2.5,4,AS6,X,10.2,8.2,9.3,30,217,5.0,7.0
2020,Mazda,cx-5 4wd (cylinder deactivation),Sport utility vehicle: Small,2.5,4,AS6,X,9.8,7.9,9.0,31,209,5.0,7.0
2020,Mazda,cx-5 turbo 4wd,Sport utility vehicle: Small,2.5,4,AS6,X,10.8,8.7,9.8,29,230,5.0,5.0
2020,Mazda,cx-9 4wd,Sport utility vehicle: Small,2.5,4,AS6,X,11.6,9.1,10.5,27,244,5.0,5.0
2020,Mazda,mazda3 4-door,Compact,2.0,4,AS6,X,8.4,6.6,7.6,37,178,7.0,7.0
2020,Mazda,mazda3 4-door (sil),Compact,2.0,4,M6,X,8.7,6.4,7.7,37,180,7.0,7.0
2020,Mazda,mazda3 4-door,Compact,2.5,4,AS6,X,8.8,6.4,7.7,37,181,7.0,7.0
2020,Mazda,mazda3 4-door (cylinder deactivation),Compact,2.5,4,AS6,X,8.8,6.6,7.8,36,183,7.0,7.0
2020,Mazda,mazda3 4-door 4wd,Compact,2.5,4,AS6,X,9.2,7.0,8.2,34,192,6.0,7.0
2020,Mazda,mazda3 5-door,Mid-size,2.0,4,AS6,X,8.6,6.7,7.7,37,181,7.0,7.0
2020,Mazda,mazda3 5-door (sil),Mid-size,2.0,4,M6,X,8.7,6.6,7.8,36,181,7.0,7.0
2020,Mazda,mazda3 5-door,Mid-size,2.5,4,AS6,X,9.0,6.8,8.0,35,187,7.0,7.0
2020,Mazda,mazda3 5-door (sil),Mid-size,2.5,4,M6,X,9.2,6.6,8.1,35,189,6.0,7.0
2020,Mazda,mazda3 5-door 4wd,Mid-size,2.5,4,AS6,X,9.8,7.4,8.7,32,204,6.0,7.0
2020,Mazda,mazda6,Mid-size,2.5,4,AS6,X,9.0,6.7,8.0,35,188,6.0,7.0
2020,Mazda,mazda6 turbo,Mid-size,2.5,4,AS6,X,10.0,7.5,8.9,32,208,6.0,3.0
2020,Mazda,mx-5,Two-seater,2.0,4,AS6,Z,9.0,6.6,7.9,36,186,7.0,3.0
2020,Mazda,mx-5 (sil),Two-seater,2.0,4,M6,Z,9.0,7.0,8.1,35,189,6.0,3.0
2020,Mercedes-Benz,a 220 4matic ,Subcompact,2.0,4,AM7,Z,9.8,7.0,8.6,33,201,6.0,5.0
2020,Mercedes-Benz,a 250 4matic hatch,Station wagon: Small,2.0,4,AM7,Z,9.4,6.9,8.3,34,195,6.0,5.0
2020,Mercedes-Benz,amg a 35 4matic,Subcompact,2.0,4,AM7,Z,9.9,7.5,8.9,32,207,6.0,5.0
2020,Mercedes-Benz,amg a 35 4matic hatch,Station wagon: Small,2.0,4,AM7,Z,10.3,7.9,9.2,31,215,5.0,5.0
2020,Mercedes-Benz,amg c 43 4matic,Compact,3.0,6,A9,Z,12.4,8.7,10.7,26,253,4.0,5.0
2020,Mercedes-Benz,amg c 43 4matic cabriolet,Subcompact,3.0,6,A9,Z,12.7,9.2,11.2,25,263,4.0,5.0
2020,Mercedes-Benz,amg c 43 4matic coupe,Subcompact,3.0,6,A9,Z,12.5,8.8,10.8,26,255,4.0,5.0
2020,Mercedes-Benz,amg c 43 4matic wagon,Station wagon: Small,3.0,6,A9,Z,12.4,8.9,10.8,26,255,4.0,5.0
2020,Mercedes-Benz,amg c 63,Compact,4.0,8,A9,Z,13.2,8.7,11.2,25,263,4.0,3.0
2020,Mercedes-Benz,amg c 63 s,Compact,4.0,8,A9,Z,13.2,8.7,11.2,25,263,4.0,3.0
2020,Mercedes-Benz,amg c 63 s cabriolet,Subcompact,4.0,8,A9,Z,13.9,9.7,12.0,24,282,4.0,3.0
2020,Mercedes-Benz,amg c 63 s coupe,Subcompact,4.0,8,A9,Z,13.9,9.2,11.8,24,277,4.0,3.0
2020,Mercedes-Benz,amg cla 35 4matic ,Compact,2.0,4,AM7,Z,10.4,8.3,9.4,30,218,5.0,5.0
2020,Mercedes-Benz,amg cla 45 4matic ,Compact,2.0,4,AM8,Z,11.7,8.1,10.1,28,237,5.0,3.0
2020,Mercedes-Benz,amg cls 53 4matic+,Compact,3.0,6,A9,Z,11.1,8.7,10.0,28,235,5.0,6.0
2020,Mercedes-Benz,amg e 53 4matic+,Mid-size,3.0,6,A9,Z,11.2,8.3,9.9,29,232,5.0,6.0
2020,Mercedes-Benz,amg e 53 4matic+ cabriolet,Subcompact,3.0,6,A9,Z,11.5,9.0,10.4,27,245,5.0,6.0
2020,Mercedes-Benz,amg e 53 4matic+ coupe,Subcompact,3.0,6,A9,Z,11.3,8.5,10.1,28,237,5.0,6.0
2020,Mercedes-Benz,amg e 53 4matic+ wagon,Station wagon: Mid-size,3.0,6,A9,Z,11.5,8.6,10.2,28,239,5.0,6.0
2020,Mercedes-Benz,amg e 63 s 4matic+,Mid-size,4.0,8,A9,Z,16.0,10.5,13.5,21,318,3.0,3.0
2020,Mercedes-Benz,amg e 63 s 4matic+ wagon,Station wagon: Mid-size,4.0,8,A9,Z,14.6,10.4,12.7,22,299,3.0,3.0
2020,Mercedes-Benz,amg g 63,Sport utility vehicle: Standard,4.0,8,A9,Z,18.1,15.6,17.0,17,396,1.0,3.0
2020,Mercedes-Benz,amg glc 43 4matic,Sport utility vehicle: Small,3.0,6,A9,Z,13.0,9.8,11.6,24,271,4.0,5.0
2020,Mercedes-Benz,amg glc 43 4matic coupe,Sport utility vehicle: Small,3.0,6,A9,Z,13.0,9.8,11.6,24,272,4.0,5.0
2020,Mercedes-Benz,amg glc 63 s 4matic+,Sport utility vehicle: Small,4.0,8,A9,Z,15.0,10.9,13.2,21,309,3.0,5.0
2020,Mercedes-Benz,amg glc 63 s 4matic+ coupe,Sport utility vehicle: Small,4.0,8,A9,Z,15.0,10.9,13.2,21,309,3.0,5.0
2020,Mercedes-Benz,amg gle 53 4matic+,Sport utility vehicle: Standard,3.0,6,A9,Z,13.2,10.8,12.1,23,285,3.0,6.0
2020,Mercedes-Benz,amg gt 53 4matic+ ,Compact,3.0,6,A9,Z,12.4,9.8,11.2,25,264,4.0,6.0
2020,Mercedes-Benz,amg gt 63 4matic+ ,Compact,4.0,8,A9,Z,15.5,11.5,13.7,21,323,3.0,5.0
2020,Mercedes-Benz,amg gt 63 s 4matic+ ,Compact,4.0,8,A9,Z,15.6,11.5,13.7,21,324,3.0,5.0
2020,Mercedes-Benz,amg gt c coupe,Two-seater,4.0,8,AM7,Z,15.2,11.3,13.5,21,315,3.0,3.0
2020,Mercedes-Benz,amg gt c roadster,Two-seater,4.0,8,AM7,Z,15.8,11.7,14.0,20,326,3.0,3.0
2020,Mercedes-Benz,amg gt r coupe,Two-seater,4.0,8,AM7,Z,15.9,11.8,14.0,20,327,3.0,3.0
2020,Mercedes-Benz,amg gt r roadster,Two-seater,4.0,8,AM7,Z,15.9,11.8,14.0,20,327,3.0,3.0
2020,Mercedes-Benz,amg s 63 4matic+,Full-size,4.0,8,A9,Z,14.1,8.9,11.8,24,275,4.0,5.0
2020,Mercedes-Benz,amg s 63 4matic+ cabriolet,Subcompact,4.0,8,A9,Z,15.8,9.8,13.1,22,306,3.0,5.0
2020,Mercedes-Benz,amg s 63 4matic+ coupe,Compact,4.0,8,A9,Z,14.0,8.7,11.6,24,271,4.0,5.0
2020,Mercedes-Benz,amg s 65,Full-size,6.0,12,A7,Z,18.6,10.9,15.1,19,356,2.0,3.0
2020,Mercedes-Benz,amg slc 43 ,Two-seater,3.0,6,A9,Z,11.8,8.2,10.2,28,238,5.0,5.0
2020,Mercedes-Benz,c 300 4matic,Compact,2.0,4,A9,Z,11.0,7.3,9.4,30,219,5.0,6.0
2020,Mercedes-Benz,c 300 4matic cabriolet,Subcompact,2.0,4,A9,Z,11.3,8.1,9.9,29,231,5.0,6.0
2020,Mercedes-Benz,c 300 4matic coupe,Subcompact,2.0,4,A9,Z,10.9,7.7,9.5,30,221,5.0,6.0
2020,Mercedes-Benz,c 300 4matic wagon,Station wagon: Small,2.0,4,A9,Z,10.9,7.7,9.5,30,221,5.0,6.0
2020,Mercedes-Benz,cla 250 4matic ,Compact,2.0,4,AM7,Z,10.1,7.2,8.8,32,204,6.0,5.0
2020,Mercedes-Benz,cls 450 4matic,Compact,3.0,6,A9,Z,10.1,7.9,9.1,31,213,5.0,6.0
2020,Mercedes-Benz,e 350 4matic,Mid-size,2.0,4,A9,Z,10.8,7.8,9.4,30,220,5.0,6.0
2020,Mercedes-Benz,e 450 4matic,Mid-size,3.0,6,A9,Z,11.8,8.5,10.4,27,243,5.0,5.0
2020,Mercedes-Benz,e 450 4matic cabriolet,Subcompact,3.0,6,A9,Z,12.7,10.1,11.6,24,271,4.0,5.0
2020,Mercedes-Benz,e 450 4matic coupe,Subcompact,3.0,6,A9,Z,12.5,9.1,11.0,26,257,4.0,5.0
2020,Mercedes-Benz,e 450 4matic wagon,Station wagon: Mid-size,3.0,6,A9,Z,12.3,8.9,10.8,26,254,4.0,5.0
2020,Mercedes-Benz,g 550,Sport utility vehicle: Standard,4.0,8,A9,Z,18.0,14.1,16.3,17,378,2.0,3.0
2020,Mercedes-Benz,gla 250 4matic,Sport utility vehicle: Small,2.0,4,AM7,Z,10.2,7.5,9.0,31,211,5.0,5.0
2020,Mercedes-Benz,glb 250 4matic,Sport utility vehicle: Small,2.0,4,AM8,Z,10.1,7.7,9.0,31,210,5.0,6.0
2020,Mercedes-Benz,glc 300 4matic,Sport utility vehicle: Small,2.0,4,A9,Z,11.2,8.5,10.0,28,234,5.0,6.0
2020,Mercedes-Benz,glc 300 4matic coupe,Sport utility vehicle: Small,2.0,4,A9,Z,11.2,8.7,10.0,28,236,5.0,6.0
2020,Mercedes-Benz,gle 350 4matic,Sport utility vehicle: Standard,2.0,4,A9,Z,12.1,8.8,10.6,27,249,4.0,5.0
2020,Mercedes-Benz,gle 450 4matic,Sport utility vehicle: Standard,3.0,6,A9,Z,12.1,9.9,11.1,25,262,4.0,6.0
2020,Mercedes-Benz,gls 450 4matic,Sport utility vehicle: Standard,3.0,6,A9,Z,12.2,10.4,11.4,25,266,4.0,6.0
2020,Mercedes-Benz,gls 580 4matic,Sport utility vehicle: Standard,4.0,8,A9,Z,14.3,11.4,13.0,22,302,3.0,5.0
2020,Mercedes-Benz,maybach s 560 4matic,Full-size,4.0,8,A9,Z,14.4,9.5,12.2,23,286,3.0,5.0
2020,Mercedes-Benz,maybach s 650,Full-size,6.0,12,A7,Z,18.4,11.1,15.1,19,355,2.0,3.0
2020,Mercedes-Benz,metris cargo,Special purpose vehicle,2.0,4,A7,Z,11.1,9.8,10.5,27,247,4.0,5.0
2020,Mercedes-Benz,metris cargo lwb,Special purpose vehicle,2.0,4,A7,Z,11.1,9.7,10.5,27,246,5.0,5.0
2020,Mercedes-Benz,metris passenger,Special purpose vehicle,2.0,4,A7,Z,11.8,9.9,11.0,26,257,4.0,5.0
2020,Mercedes-Benz,s 450 4matic swb,Mid-size,3.0,6,A9,Z,12.8,8.5,10.8,26,253,4.0,3.0
2020,Mercedes-Benz,s 560 4matic swb,Mid-size,4.0,8,A9,Z,13.7,8.8,11.5,25,268,4.0,5.0
2020,Mercedes-Benz,s 560 4matic,Full-size,4.0,8,A9,Z,13.5,8.6,11.3,25,265,4.0,5.0
2020,Mercedes-Benz,s 560 cabriolet,Subcompact,4.0,8,A9,Z,13.8,9.1,11.7,24,273,4.0,5.0
2020,Mercedes-Benz,s 560 4matic coupe,Compact,4.0,8,A9,Z,13.8,8.8,11.5,25,270,4.0,5.0
2020,Mercedes-Benz,sl 450 ,Two-seater,3.0,6,A9,Z,12.1,8.5,10.5,27,241,5.0,3.0
2020,Mercedes-Benz,sl 550,Two-seater,4.7,8,A9,Z,13.5,9.3,11.6,24,270,4.0,3.0
2020,Mercedes-Benz,slc 300,Two-seater,2.0,4,A9,Z,10.1,7.3,8.8,32,206,6.0,3.0
2020,MINI,cooper 3 door,Subcompact,1.5,3,AM7,Z,8.3,6.4,7.5,38,174,7.0,7.0
2020,MINI,cooper 5 door,Subcompact,1.5,3,AM7,Z,8.3,6.4,7.5,38,174,7.0,7.0
2020,MINI,cooper clubman all4,Mid-size,1.5,3,AS8,Z,9.7,7.0,8.5,33,197,6.0,7.0
2020,MINI,cooper convertible,Minicompact,1.5,3,AM7,Z,8.3,6.4,7.5,38,174,7.0,7.0
2020,MINI,cooper countryman all4,Mid-size,1.5,3,AS8,Z,9.8,7.1,8.6,33,200,6.0,7.0
2020,MINI,cooper s 3 door,Subcompact,2.0,4,AM7,Z,8.9,6.6,7.9,36,184,7.0,7.0
2020,MINI,cooper s 5 door,Subcompact,2.0,4,AM7,Z,8.9,6.6,7.9,36,184,7.0,7.0
2020,MINI,cooper s clubman all4,Mid-size,2.0,4,AS8,Z,10.2,7.4,8.9,32,207,6.0,7.0
2020,MINI,cooper s convertible,Minicompact,2.0,4,AM7,Z,9.2,6.9,8.1,35,191,6.0,7.0
2020,MINI,cooper s countryman all4,Mid-size,2.0,4,AS8,Z,10.4,7.5,9.1,31,212,5.0,7.0
2020,MINI,john cooper works 3 door,Subcompact,2.0,4,AS8,Z,9.2,6.9,8.1,35,190,6.0,7.0
2020,MINI,john cooper works clubman all4,Mid-size,2.0,4,AS8,Z,10.1,7.6,9.0,31,210,5.0,3.0
2020,MINI,john cooper works convertible,Minicompact,2.0,4,AS8,Z,9.4,7.1,8.3,34,194,6.0,7.0
2020,MINI,john cooper works countryman all4,Mid-size,2.0,4,AS8,Z,10.0,7.8,9.0,31,210,5.0,3.0
2020,Mitsubishi,eclipse cross 4wd,Sport utility vehicle: Small,1.5,4,AV8,X,9.6,8.9,9.3,30,216,5.0,5.0
2020,Mitsubishi,mirage,Compact,1.2,3,AV,X,6.6,5.6,6.2,46,143,9.0,5.0
2020,Mitsubishi,mirage,Compact,1.2,3,M5,X,7.1,5.8,6.5,43,151,8.0,5.0
2020,Mitsubishi,outlander 4wd,Sport utility vehicle: Small,2.4,4,AV6,X,9.9,8.1,9.1,31,212,5.0,5.0
2020,Mitsubishi,outlander 4wd,Sport utility vehicle: Small,3.0,6,A6,Z,12.0,8.8,10.6,27,246,4.0,5.0
2020,Mitsubishi,rvr,Sport utility vehicle: Small,2.0,4,AV6,X,9.7,7.8,8.8,32,206,6.0,5.0
2020,Mitsubishi,rvr 4wd,Sport utility vehicle: Small,2.0,4,AV6,X,10.1,8.2,9.2,31,213,5.0,5.0
2020,Mitsubishi,rvr 4wd,Sport utility vehicle: Small,2.4,4,AV6,X,10.3,8.3,9.4,30,218,5.0,5.0
2020,Nissan,370z,Two-seater,3.7,6,AS7,Z,12.6,9.3,11.1,25,261,4.0,3.0
2020,Nissan,370z,Two-seater,3.7,6,M6,Z,13.3,9.3,11.5,25,270,4.0,3.0
2020,Nissan,370z roadster,Two-seater,3.7,6,AS7,Z,13.0,9.7,11.5,25,271,4.0,3.0
2020,Nissan,370z roadster,Two-seater,3.7,6,M6,Z,13.6,9.7,11.8,24,279,4.0,3.0
2020,Nissan,altima awd,Mid-size,2.5,4,AV,X,9.0,6.8,8.0,35,187,7.0,7.0
2020,Nissan,altima awd sr/platinum,Mid-size,2.5,4,AV,X,9.1,7.0,8.1,35,191,6.0,7.0
2020,Nissan,armada 4wd,Sport utility vehicle: Standard,5.6,8,AS7,X,17.5,12.9,15.4,18,362,2.0,3.0
2020,Nissan,frontier,Pickup truck: Standard,3.8,6,AS9,X,13.1,9.8,11.6,24,273,4.0,5.0
2020,Nissan,frontier 4wd,Pickup truck: Standard,3.8,6,AS9,X,13.8,10.2,12.2,23,287,3.0,5.0
2020,Nissan,gt-r,Subcompact,3.8,6,AM6,Z,14.4,10.9,12.8,22,300,3.0,3.0
2020,Nissan,kicks,Mid-size,1.6,4,AV,X,7.7,6.6,7.2,39,169,7.0,7.0
2020,Nissan,maxima,Mid-size,3.5,6,AV7,Z,11.6,7.9,9.9,29,233,5.0,3.0
2020,Nissan,murano,Station wagon: Mid-size,3.5,6,AV7,X,11.7,8.3,10.2,28,240,5.0,5.0
2020,Nissan,murano awd,Station wagon: Mid-size,3.5,6,AV7,X,12.1,8.6,10.5,27,246,4.0,5.0
2020,Nissan,nv200 cargo van,Special purpose vehicle,2.0,4,AV,X,9.8,8.8,9.3,30,218,5.0,3.0
2020,Nissan,qashqai,Station wagon: Small,2.0,4,AV8,X,8.9,7.8,8.4,34,197,6.0,5.0
2020,Nissan,qashqai,Station wagon: Small,2.0,4,M6,X,10.1,8.2,9.2,31,217,5.0,5.0
2020,Nissan,qashqai awd,Station wagon: Small,2.0,4,AV8,X,9.2,8.0,8.7,32,203,6.0,5.0
2020,Nissan,pathfinder,Sport utility vehicle: Small,3.5,6,AV,X,11.6,8.5,10.2,28,240,5.0,5.0
2020,Nissan,pathfinder 4wd,Sport utility vehicle: Small,3.5,6,AV,X,12.1,8.9,10.7,26,251,4.0,5.0
2020,Nissan,pathfinder 4wd platinum,Sport utility vehicle: Small,3.5,6,AV,X,12.4,9.2,11.0,26,257,4.0,3.0
2020,Nissan,rogue,Sport utility vehicle: Small,2.5,4,AV,X,9.1,7.1,8.2,34,192,6.0,7.0
2020,Nissan,rogue awd,Sport utility vehicle: Small,2.5,4,AV,X,9.7,7.6,8.7,32,205,6.0,7.0
2020,Nissan,sentra,Mid-size,2.0,4,AV,X,8.0,6.0,7.1,40,167,7.0,7.0
2020,Nissan,sentra sr,Mid-size,2.0,4,AV,X,8.2,6.2,7.3,39,171,7.0,7.0
2020,Nissan,sentra,Mid-size,2.0,4,M6,X,9.4,6.4,8.0,35,188,6.0,7.0
2020,Nissan,titan 4wd,Pickup truck: Standard,5.6,8,AS9,Z,15.1,11.1,13.3,21,313,3.0,5.0
2020,Nissan,titan 4wd pro-4x,Pickup truck: Standard,5.6,8,AS9,Z,15.1,11.2,13.3,21,313,3.0,5.0
2020,Nissan,versa,Compact,1.6,4,AV,X,7.4,5.9,6.7,42,158,8.0,7.0
2020,Nissan,versa,Compact,1.6,4,M5,X,8.6,6.7,7.7,37,181,7.0,7.0
2020,Porsche,718 boxster,Two-seater,2.0,4,AM7,Z,11.0,8.7,10.0,28,233,5.0,1.0
2020,Porsche,718 boxster,Two-seater,2.0,4,M6,Z,11.7,8.9,10.5,27,245,5.0,1.0
2020,Porsche,718 boxster t,Two-seater,2.0,4,AM7,Z,11.2,8.7,10.1,28,236,5.0,1.0
2020,Porsche,718 boxster t,Two-seater,2.0,4,M6,Z,11.7,8.9,10.5,27,245,5.0,1.0
2020,Porsche,718 boxster s,Two-seater,2.5,4,AM7,Z,12.2,9.2,10.9,26,255,4.0,1.0
2020,Porsche,718 boxster s,Two-seater,2.5,4,M6,Z,12.5,9.6,11.2,25,263,4.0,1.0
2020,Porsche,718 cayman,Two-seater,2.0,4,AM7,Z,11.0,8.7,10.0,28,233,5.0,1.0
2020,Porsche,718 cayman,Two-seater,2.0,4,M6,Z,11.7,8.9,10.5,27,245,5.0,1.0
2020,Porsche,718 cayman t,Two-seater,2.0,4,AM7,Z,11.2,8.7,10.1,28,236,5.0,1.0
2020,Porsche,718 cayman t,Two-seater,2.0,4,M6,Z,11.7,8.9,10.5,27,245,5.0,1.0
2020,Porsche,718 cayman s,Two-seater,2.5,4,AM7,Z,12.2,9.2,10.9,26,255,4.0,1.0
2020,Porsche,718 cayman s,Two-seater,2.5,4,M6,Z,12.5,9.6,11.2,25,263,4.0,1.0
2020,Porsche,718 cayman gt4,Two-seater,4.0,6,M6,Z,14.3,10.4,12.5,23,294,3.0,3.0
2020,Porsche,718 spyder,Two-seater,4.0,6,M6,Z,14.3,10.4,12.5,23,294,3.0,3.0
2020,Porsche,911 carrera,Minicompact,3.0,6,AM8,Z,13.1,9.8,11.6,24,273,4.0,5.0
2020,Porsche,911 carrera 4,Minicompact,3.0,6,AM8,Z,13.1,9.8,11.6,24,275,4.0,5.0
2020,Porsche,911 carrera cabriolet,Minicompact,3.0,6,AM8,Z,13.6,10.0,12.0,24,282,4.0,5.0
2020,Porsche,911 carrera 4 cabriolet,Minicompact,3.0,6,AM8,Z,13.1,9.7,11.6,24,275,4.0,5.0
2020,Porsche,911 carrera s,Minicompact,3.0,6,AM8,Z,13.1,9.7,11.5,25,276,4.0,5.0
2020,Porsche,911 carrera s,Minicompact,3.0,6,M7,Z,13.8,9.3,11.8,24,275,4.0,5.0
2020,Porsche,911 carrera 4s,Minicompact,3.0,6,AM8,Z,13.1,10.2,11.8,24,277,4.0,5.0
2020,Porsche,911 carrera 4s,Minicompact,3.0,6,M7,Z,13.8,9.8,12.0,24,275,4.0,5.0
2020,Porsche,911 carrera s cabriolet,Minicompact,3.0,6,AM8,Z,12.7,10.2,11.6,24,276,4.0,5.0
2020,Porsche,911 carrera s cabriolet,Minicompact,3.0,6,M7,Z,13.8,9.3,11.8,24,275,4.0,5.0
2020,Porsche,911 carrera 4s cabriolet,Minicompact,3.0,6,AM8,Z,13.1,10.2,11.8,24,277,4.0,5.0
2020,Porsche,911 carrera 4s cabriolet,Minicompact,3.0,6,M7,Z,13.8,9.7,12.0,24,280,4.0,5.0
2020,Porsche,cayenne,Sport utility vehicle: Standard,3.0,6,AS8,Z,12.5,10.3,11.5,25,269,4.0,5.0
2020,Porsche,cayenne coupe,Sport utility vehicle: Standard,3.0,6,AS8,Z,12.7,10.3,11.6,24,271,4.0,5.0
2020,Porsche,cayenne s,Sport utility vehicle: Standard,2.9,6,AS8,Z,13.1,10.5,11.9,24,278,4.0,5.0
2020,Porsche,cayenne s coupe,Sport utility vehicle: Standard,2.9,6,AS8,Z,13.4,10.9,12.3,23,286,3.0,5.0
2020,Porsche,cayenne turbo,Sport utility vehicle: Standard,4.0,8,AS8,Z,15.6,12.4,14.1,20,329,3.0,3.0
2020,Porsche,cayenne turbo coupe,Sport utility vehicle: Standard,4.0,8,AS8,Z,15.8,12.2,14.2,20,332,3.0,3.0
2020,Porsche,macan,Sport utility vehicle: Small,2.0,4,AM7,Z,12.2,10.2,11.3,25,265,4.0,5.0
2020,Porsche,macan s,Sport utility vehicle: Small,3.0,6,AM7,Z,12.9,10.2,11.7,24,272,4.0,5.0
2020,Porsche,macan gts,Sport utility vehicle: Small,2.9,6,AM7,Z,13.5,10.5,12.2,23,285,3.0,5.0
2020,Porsche,macan turbo,Sport utility vehicle: Small,2.9,6,AM7,Z,13.5,10.7,12.3,23,288,3.0,5.0
2020,Porsche,panamera,Full-size,3.0,6,AM8,Z,12.4,8.7,10.7,26,250,4.0,5.0
2020,Porsche,panamera 4,Full-size,3.0,6,AM8,Z,12.4,9.0,10.9,26,253,4.0,5.0
2020,Porsche,panamera 4 executive,Full-size,3.0,6,AM8,Z,12.4,9.0,10.9,26,253,4.0,5.0
2020,Porsche,panamera 4 st,Full-size,3.0,6,AM8,Z,12.2,8.9,10.7,26,250,4.0,5.0
2020,Porsche,panamera 4s,Full-size,2.9,6,AM8,Z,13.1,8.9,11.2,25,260,4.0,5.0
2020,Porsche,panamera 4s executive,Full-size,2.9,6,AM8,Z,13.1,8.9,11.2,25,260,4.0,5.0
2020,Porsche,panamera 4s st,Full-size,2.9,6,AM8,Z,13.1,9.8,11.6,24,273,4.0,5.0
2020,Porsche,panamera gts,Full-size,4.0,8,AM8,Z,14.5,10.2,12.6,22,295,3.0,3.0
2020,Porsche,panamera gts st,Full-size,4.0,8,AM8,Z,15.7,10.5,13.4,21,313,3.0,3.0
2020,Porsche,panamera turbo,Full-size,4.0,8,AM8,Z,12.8,9.2,11.2,25,261,4.0,3.0
2020,Porsche,panamera turbo executive,Full-size,4.0,8,AM8,Z,12.8,9.2,11.2,25,261,4.0,3.0
2020,Porsche,panamera turbo st,Full-size,4.0,8,AM8,Z,13.4,10.1,11.9,24,279,4.0,3.0
2020,Ram,1500 ecodiesel,Pickup truck: Standard,3.0,6,A8,D,10.5,7.3,9.0,31,243,5.0,1.0
2020,Ram,1500 etorque,Pickup truck: Standard,3.6,6,A8,X,11.9,9.4,10.8,26,253,4.0,5.0
2020,Ram,1500 hfe etorque,Pickup truck: Standard,3.6,6,A8,X,11.6,9.0,10.4,27,245,5.0,5.0
2020,Ram,1500,Pickup truck: Standard,5.7,8,A8,X,16.2,10.5,13.6,21,320,3.0,3.0
2020,Ram,1500 etorque,Pickup truck: Standard,5.7,8,A8,X,14.1,10.3,12.4,23,290,3.0,3.0
2020,Ram,1500 4x4 ecodiesel,Pickup truck: Standard,3.0,6,A8,D,11.1,8.0,9.7,29,260,4.0,1.0
2020,Ram,1500 4x4 etorque,Pickup truck: Standard,3.6,6,A8,X,12.2,9.7,11.1,25,260,4.0,5.0
2020,Ram,1500 4x4,Pickup truck: Standard,5.7,8,A8,X,16.1,11.0,13.8,20,325,3.0,3.0
2020,Ram,1500 4x4 etorque,Pickup truck: Standard,5.7,8,A8,X,14.2,10.9,12.8,22,299,3.0,3.0
2020,Ram,1500 classic,Pickup truck: Standard,3.6,6,A8,X,13.9,9.6,11.9,24,280,4.0,3.0
2020,Ram,1500 classic,Pickup truck: Standard,5.7,8,A8,X,15.7,11.0,13.6,21,319,3.0,3.0
2020,Ram,1500 classic 4x4,Pickup truck: Standard,3.6,6,A8,X,14.5,10.2,12.6,22,294,3.0,3.0
2020,Ram,1500 classic 4x4,Pickup truck: Standard,5.7,8,A8,X,16.2,11.6,14.1,20,330,3.0,3.0
2020,Ram,promaster city,Special purpose vehicle,2.4,4,A9,X,11.2,8.3,9.9,29,232,5.0,6.0
2020,Rolls-Royce,cullinan,Station wagon: Mid-size,6.7,12,AS8,Z,20.1,12.1,16.5,17,386,1.0,3.0
2020,Rolls-Royce,cullinan black badge,Station wagon: Mid-size,6.7,12,AS8,Z,20.1,12.1,16.5,17,386,1.0,3.0
2020,Rolls-Royce,dawn,Compact,6.6,12,AS8,Z,20.4,13.1,17.1,17,400,1.0,3.0
2020,Rolls-Royce,dawn black badge,Compact,6.6,12,AS8,Z,20.4,13.1,17.1,17,400,1.0,3.0
2020,Rolls-Royce,ghost,Full-size,6.6,12,AS8,Z,20.4,13.1,17.1,17,400,1.0,3.0
2020,Rolls-Royce,ghost ewb,Full-size,6.6,12,AS8,Z,20.4,13.1,17.1,17,400,1.0,3.0
2020,Rolls-Royce,phantom,Full-size,6.7,12,AS8,Z,20.0,11.8,16.3,17,382,1.0,3.0
2020,Rolls-Royce,phantom ewb,Full-size,6.7,12,AS8,Z,20.0,11.8,16.3,17,382,1.0,3.0
2020,Rolls-Royce,wraith,Mid-size,6.6,12,AS8,Z,19.6,12.8,16.5,17,387,1.0,3.0
2020,Rolls-Royce,wraith black badge,Mid-size,6.6,12,AS8,Z,19.6,12.8,16.5,17,387,1.0,3.0
2020,Subaru,ascent awd,Sport utility vehicle: Standard,2.4,4,AV8,X,11.6,9.0,10.4,27,244,5.0,3.0
2020,Subaru,brz,Minicompact,2.0,4,AS6,Z,9.7,7.2,8.6,33,200,6.0,1.0
2020,Subaru,brz,Minicompact,2.0,4,M6,Z,11.2,8.2,9.9,29,231,5.0,1.0
2020,Subaru,brz ts,Minicompact,2.0,4,M6,Z,11.6,8.6,10.2,28,239,5.0,1.0
2020,Subaru,crosstrek awd,Sport utility vehicle: Small,2.0,4,AV8,X,8.5,7.0,7.9,36,185,7.0,6.0
2020,Subaru,crosstrek awd,Sport utility vehicle: Small,2.0,4,M6,X,10.5,8.1,9.4,30,220,5.0,6.0
2020,Subaru,forester awd,Sport utility vehicle: Small,2.5,4,AV7,X,9.0,7.2,8.2,34,192,6.0,6.0
2020,Subaru,impreza 4-door awd,Mid-size,2.0,4,AV7,X,8.3,6.4,7.5,38,174,7.0,6.0
2020,Subaru,impreza 4-door awd,Mid-size,2.0,4,M5,X,10.1,7.6,9.0,31,210,5.0,6.0
2020,Subaru,impreza 5-door awd,Station wagon: Small,2.0,4,AV7,X,8.4,6.6,7.6,37,178,7.0,6.0
2020,Subaru,impreza 5-door awd,Station wagon: Small,2.0,4,M5,X,10.1,7.7,9.0,31,211,5.0,6.0
2020,Subaru,legacy awd,Full-size,2.4,4,AV8,X,9.9,7.3,8.7,32,205,6.0,3.0
2020,Subaru,legacy awd,Full-size,2.5,4,AV8,X,8.8,6.7,7.9,36,185,7.0,6.0
2020,Subaru,outback awd,Sport utility vehicle: Small,2.4,4,AV8,X,10.1,7.9,9.1,31,213,5.0,3.0
2020,Subaru,outback awd,Sport utility vehicle: Small,2.5,4,AV8,X,9.0,7.1,8.2,34,192,6.0,6.0
2020,Subaru,wrx awd,Compact,2.0,4,AV8,Z,12.9,9.7,11.5,25,263,4.0,1.0
2020,Subaru,wrx awd,Compact,2.0,4,M6,Z,11.3,8.5,10.1,28,236,5.0,1.0
2020,Subaru,wrx sti awd,Compact,2.5,4,M6,Z,14.3,10.8,12.7,22,297,3.0,1.0
2020,Toyota,4runner 4wd,Sport utility vehicle: Standard,4.0,6,AS5,X,14.8,12.5,13.8,20,321,3.0,5.0
2020,Toyota,4runner 4wd (part-time 4wd),Sport utility vehicle: Standard,4.0,6,AS5,X,14.8,12.5,13.8,20,321,3.0,5.0
2020,Toyota,86,Minicompact,2.0,4,AS6,Z,9.9,7.3,8.7,32,204,6.0,1.0
2020,Toyota,86,Minicompact,2.0,4,M6,Z,11.2,8.3,9.9,29,232,5.0,1.0
2020,Toyota,avalon,Mid-size,3.5,6,AS8,X,10.9,7.6,9.4,30,220,5.0,5.0
2020,Toyota,c-hr,Compact,2.0,4,AS7,X,8.7,7.5,8.2,34,189,6.0,3.0
2020,Toyota,camry,Mid-size,2.5,4,AS8,X,8.1,5.7,6.9,41,164,8.0,7.0
2020,Toyota,camry le/se,Mid-size,2.5,4,AS8,X,8.5,6.1,7.4,38,173,7.0,7.0
2020,Toyota,camry xle/xse,Mid-size,2.5,4,AS8,X,8.6,6.3,7.6,37,177,7.0,7.0
2020,Toyota,camry,Mid-size,3.5,6,AS8,X,10.5,7.1,9.0,31,210,5.0,5.0
2020,Toyota,camry xse,Mid-size,3.5,6,AS8,X,10.7,7.4,9.2,31,215,5.0,5.0
2020,Toyota,camry trd,Mid-size,3.5,6,AS8,X,10.8,7.6,9.4,30,220,5.0,5.0
2020,Toyota,camry awd le/se,Mid-size,2.5,4,AS8,X,9.3,6.8,8.2,34,190,6.0,6.0
2020,Toyota,camry awd xle/xse,Mid-size,2.5,4,AS8,X,9.5,7.0,8.4,34,197,6.0,6.0
2020,Toyota,camry hybrid le,Mid-size,2.5,4,AV,X,4.9,4.8,4.9,58,113,10.0,7.0
2020,Toyota,camry hybrid xle/se,Mid-size,2.5,4,AV,X,5.3,5.0,5.1,55,121,10.0,7.0
2020,Toyota,corolla,Compact,1.8,4,AV,X,7.9,6.1,7.1,40,165,7.0,5.0
2020,Toyota,corolla xle,Compact,1.8,4,AV,X,8.1,6.3,7.3,39,170,7.0,5.0
2020,Toyota,corolla,Compact,1.8,4,M6,X,8.0,6.0,7.1,40,165,7.0,5.0
2020,Toyota,corolla,Compact,2.0,4,AV10,X,7.6,5.8,6.7,42,158,8.0,6.0
2020,Toyota,corolla xse,Compact,2.0,4,AV10,X,7.7,6.1,7.0,40,164,8.0,6.0
2020,Toyota,corolla,Compact,2.0,4,M6,X,8.2,6.5,7.4,38,173,7.0,6.0
2020,Toyota,corolla hatchback,Compact,2.0,4,AV10,X,7.5,5.8,6.7,42,158,8.0,6.0
2020,Toyota,corolla hatchback,Compact,2.0,4,M6,X,8.4,6.3,7.5,38,174,7.0,6.0
2020,Toyota,corolla hybrid,Compact,1.8,4,AV,X,4.4,4.5,4.5,63,106,10.0,7.0
2020,Toyota,gr supra,Two-seater,3.0,6,AS8,Z,9.9,7.7,8.9,32,208,6.0,3.0
2020,Toyota,highlander,Sport utility vehicle: Small,3.5,6,AS8,X,11.9,8.3,10.3,27,240,5.0,5.0
2020,Toyota,highlander awd,Sport utility vehicle: Small,3.5,6,AS8,X,11.7,8.6,10.3,27,240,5.0,5.0
2020,Toyota,highlander hybrid awd,Sport utility vehicle: Standard,2.5,4,AV,X,6.7,6.8,6.7,42,158,8.0,7.0
2020,Toyota,highlander hybrid awd limited/platinum,Sport utility vehicle: Standard,2.5,4,AV,X,6.6,6.8,6.7,42,156,8.0,7.0
2020,Toyota,prius,Mid-size,1.8,4,AV,X,4.4,4.7,4.5,63,106,10.0,7.0
2020,Toyota,prius awd,Mid-size,1.8,4,AV,X,4.5,4.9,4.7,60,109,10.0,7.0
2020,Toyota,prius c,Compact,1.5,4,AV,X,4.9,5.5,5.1,55,120,10.0,7.0
2020,Toyota,rav4,Sport utility vehicle: Small,2.5,4,AS8,X,8.8,6.8,7.9,36,184,7.0,6.0
2020,Toyota,rav4 awd,Sport utility vehicle: Small,2.5,4,AS8,X,9.2,7.1,8.2,34,194,6.0,6.0
2020,Toyota,rav4 awd trd off-road,Sport utility vehicle: Small,2.5,4,AS8,X,9.5,7.5,8.6,33,200,6.0,6.0
2020,Toyota,rav4 hybrid awd,Sport utility vehicle: Small,2.5,4,AV,X,5.7,6.3,6.0,47,139,9.0,7.0
2020,Toyota,sequoia 4wd,Sport utility vehicle: Standard,5.7,8,AS6,X,18.5,13.9,16.4,17,385,1.0,5.0
2020,Toyota,sienna,Minivan,3.5,6,AS8,X,12.6,9.1,11.0,26,259,4.0,5.0
2020,Toyota,sienna awd,Minivan,3.5,6,AS8,X,13.4,9.6,11.7,24,274,4.0,5.0
2020,Toyota,tacoma,Pickup truck: Small,2.7,4,AS6,X,12.1,10.1,11.2,25,263,4.0,5.0
2020,Toyota,tacoma 4wd,Pickup truck: Small,2.7,4,AS6,X,12.7,10.6,11.7,24,274,4.0,5.0
2020,Toyota,tacoma 4wd,Pickup truck: Small,3.5,6,AS6,X,13.0,10.5,11.9,24,278,4.0,5.0
2020,Toyota,tacoma 4wd,Pickup truck: Small,3.5,6,M6,X,13.8,11.4,12.7,22,299,3.0,5.0
2020,Toyota,tacoma 4wd d-cab trd off-road/pro,Pickup truck: Small,3.5,6,M6,X,13.8,11.7,12.9,22,300,3.0,5.0
2020,Toyota,tundra,Pickup truck: Standard,5.7,8,AS6,X,17.7,13.6,15.9,18,371,2.0,5.0
2020,Toyota,tundra 4wd,Pickup truck: Standard,5.7,8,AS6,X,18.0,14.2,16.3,17,381,1.0,5.0
2020,Toyota,yaris,Compact,1.5,4,AS6,X,7.3,5.9,6.6,43,155,8.0,3.0
2020,Toyota,yaris (sil),Compact,1.5,4,M6,X,7.8,6.1,6.9,41,165,8.0,3.0
2020,Volkswagen,arteon 4motion,Full-size,2.0,4,AS8,Z,11.5,8.2,10.0,28,234,5.0,3.0
2020,Volkswagen,atlas cross sport 4motion,Sport utility vehicle: Small,2.0,4,AS8,X,12.8,10.4,11.7,24,273,4.0,3.0
2020,Volkswagen,atlas cross sport 4motion,Sport utility vehicle: Small,3.6,6,AS8,X,14.3,10.7,12.7,22,297,3.0,5.0
2020,Volkswagen,golf,Compact,1.4,4,AS8,X,8.1,6.6,7.4,38,174,7.0,7.0
2020,Volkswagen,golf,Compact,1.4,4,M6,X,8.4,6.6,7.6,37,177,7.0,7.0
2020,Volkswagen,golf gti,Compact,2.0,4,AM7,X,9.7,7.5,8.7,32,203,6.0,7.0
2020,Volkswagen,golf gti,Compact,2.0,4,M6,X,9.8,7.3,8.7,32,203,6.0,7.0
2020,Volkswagen,jetta,Compact,1.4,4,AS8,X,7.8,5.9,7.0,40,162,8.0,5.0
2020,Volkswagen,jetta,Compact,1.4,4,M6,X,7.9,5.9,7.0,40,163,8.0,7.0
2020,Volkswagen,jetta gli,Compact,2.0,4,AM7,X,9.3,7.2,8.4,34,196,6.0,7.0
2020,Volkswagen,jetta gli,Compact,2.0,4,M6,X,9.6,7.1,8.5,33,198,6.0,7.0
2020,Volkswagen,passat,Mid-size,2.0,4,AS6,X,10.2,6.9,8.7,32,205,6.0,7.0
2020,Volkswagen,tiguan,Sport utility vehicle: Small,2.0,4,AS8,X,10.5,8.1,9.4,30,221,5.0,7.0
2020,Volkswagen,tiguan 4motion,Sport utility vehicle: Small,2.0,4,AS8,X,11.5,8.7,10.2,28,241,5.0,7.0
2020,Volvo,s60 t5,Compact,2.0,4,AS8,Z,10.5,7.1,8.9,32,208,6.0,5.0
2020,Volvo,s60 t6 awd,Compact,2.0,4,AS8,Z,11.0,7.4,9.4,30,219,5.0,7.0
2020,Volvo,s90 t6 awd,Mid-size,2.0,4,AS8,Z,11.3,7.5,9.6,29,223,5.0,7.0
2020,Volvo,v60 t5,Station wagon: Small,2.0,4,AS8,Z,10.5,7.1,8.9,32,208,6.0,5.0
2020,Volvo,v60 t6 awd,Station wagon: Small,2.0,4,AS8,Z,11.0,7.4,9.4,30,219,5.0,7.0
2020,Volvo,v60 cc t5 awd,Station wagon: Small,2.0,4,AS8,Z,10.8,7.7,9.4,30,220,5.0,5.0
2020,Volvo,xc40 t4,Sport utility vehicle: Small,2.0,4,AS8,X,10.1,7.2,8.8,32,205,6.0,5.0
2020,Volvo,xc40 t4 awd,Sport utility vehicle: Small,2.0,4,AS8,X,10.2,7.5,9.0,31,210,5.0,5.0
2020,Volvo,xc40 t5 awd,Sport utility vehicle: Small,2.0,4,AS8,Z,10.7,7.7,9.4,30,219,5.0,5.0
2020,Volvo,xc60 t5 awd,Sport utility vehicle: Small,2.0,4,AS8,Z,11.2,8.3,9.9,29,232,5.0,5.0
2020,Volvo,xc60 t6 awd,Sport utility vehicle: Small,2.0,4,AS8,Z,11.7,8.6,10.3,27,240,5.0,7.0
2020,Volvo,xc90 t5 awd,Sport utility vehicle: Standard,2.0,4,AS8,Z,11.2,8.3,9.9,29,232,5.0,5.0
2020,Volvo,xc90 t6 awd,Sport utility vehicle: Standard,2.0,4,AS8,Z,12.2,8.7,10.7,26,248,4.0,7.0
2021,Acura,ilx,Compact,2.4,4,AM8,Z,9.9,7.0,8.6,33,199,6.0,3.0
2021,Acura,nsx,Two-seater,3.5,6,AM9,Z,11.1,10.8,11.0,26,256,4.0,3.0
2021,Acura,rdx sh-awd,Sport utility vehicle: Small,2.0,4,AS10,Z,11.0,8.6,9.9,29,232,5.0,6.0
2021,Acura,rdx sh-awd a-spec,Sport utility vehicle: Small,2.0,4,AS10,Z,11.3,9.1,10.3,27,242,5.0,6.0
2021,Acura,tlx sh-awd,Compact,2.0,4,AS10,Z,11.2,8.0,9.8,29,230,5.0,7.0
2021,Acura,tlx sh-awd a-spec,Compact,2.0,4,AS10,Z,11.3,8.1,9.8,29,231,5.0,7.0
2021,Acura,tlx type s,Compact,3.0,6,AS10,Z,12.3,9.4,11.0,26,256,4.0,5.0
2021,Acura,tlx type s (performance tire),Compact,3.0,6,AS10,Z,12.3,9.8,11.2,25,261,4.0,5.0
2021,Alfa Romeo,giulia,Mid-size,2.0,4,A8,Z,10.0,7.2,8.7,32,205,6.0,3.0
2021,Alfa Romeo,giulia awd,Mid-size,2.0,4,A8,Z,10.5,7.7,9.2,31,217,5.0,3.0
2021,Alfa Romeo,giulia quadrifoglio,Mid-size,2.9,6,A8,Z,13.5,9.3,11.6,24,271,4.0,3.0
2021,Alfa Romeo,stelvio,Sport utility vehicle: Small,2.0,4,A8,Z,10.3,8.1,9.3,30,218,5.0,3.0
2021,Alfa Romeo,stelvio awd,Sport utility vehicle: Small,2.0,4,A8,Z,10.8,8.3,9.6,29,226,5.0,3.0
2021,Alfa Romeo,stelvio awd quadrifoglio,Sport utility vehicle: Small,2.9,6,A8,Z,13.9,10.3,12.3,23,288,3.0,3.0
2021,Aston Martin,db11 v8,Minicompact,4.0,8,A8,Z,13.0,9.8,11.5,25,271,4.0,3.0
2021,Aston Martin,db11 amr,Minicompact,5.2,12,A8,Z,15.5,10.6,13.3,21,312,3.0,3.0
2021,Aston Martin,dbs superleggera,Minicompact,5.2,12,A8,Z,16.4,10.7,13.8,20,324,3.0,3.0
2021,Aston Martin,dbx v8,Sport utility vehicle: Standard,4.0,8,A9,Z,17.1,12.8,15.2,19,357,2.0,3.0
2021,Aston Martin,vantage v8,Two-seater,4.0,8,A8,Z,13.1,9.6,11.5,25,270,4.0,3.0
2021,Aston Martin,vantage v8,Two-seater,4.0,8,M7,Z,16.7,11.2,14.2,20,333,3.0,3.0
2021,Audi,a4 sedan 40 tfsi quattro,Compact,2.0,4,AM7,Z,9.3,7.0,8.3,34,194,6.0,5.0
2021,Audi,a4 sedan 45 tfsi quattro,Compact,2.0,4,AM7,Z,9.8,7.6,8.8,32,205,6.0,5.0
2021,Audi,a4 allroad 45 tfsi quattro,Station wagon: Small,2.0,4,AM7,Z,9.8,7.9,8.9,32,208,6.0,5.0
2021,Audi,a5 cabriolet 45 tfsi quattro,Subcompact,2.0,4,AM7,Z,10.4,7.5,9.1,31,212,5.0,5.0
2021,Audi,a5 coupe 45 tfsi quattro,Subcompact,2.0,4,AM7,Z,9.8,7.6,8.8,32,205,6.0,5.0
2021,Audi,a5 sportback 45 tfsi quattro,Mid-size,2.0,4,AM7,Z,9.8,7.6,8.8,32,205,6.0,5.0
2021,Audi,a6 sedan 45 tfsi quattro,Mid-size,2.0,4,AM7,Z,10.3,7.8,9.2,31,214,5.0,5.0
2021,Audi,a6 sedan 55 tfsi quattro,Mid-size,3.0,6,AM7,Z,10.9,8.2,9.7,29,227,5.0,5.0
2021,Audi,a6 allroad 55 tfsi quattro,Station wagon: Mid-size,3.0,6,AM7,Z,11.8,9.1,10.6,27,247,4.0,5.0
2021,Audi,a7 sportback 55 tfsi quattro,Mid-size,3.0,6,AM7,Z,10.9,8.2,9.7,29,227,5.0,5.0
2021,Audi,a8 l sedan 55 tfsi quattro,Full-size,3.0,6,AS8,Z,13.5,8.9,11.5,25,267,4.0,5.0
2021,Audi,a8 l sedan 60 tfsi quattro,Full-size,4.0,8,AS8,Z,15.4,10.4,13.2,21,308,3.0,3.0
2021,Audi,q3 40 tfsi quattro,Sport utility vehicle: Small,2.0,4,AS8,X,10.6,7.7,9.3,30,218,5.0,7.0
2021,Audi,q3 45 tfsi quattro,Sport utility vehicle: Small,2.0,4,AS8,X,11.7,8.4,10.2,28,239,5.0,7.0
2021,Audi,q5 45 tfsi quattro,Sport utility vehicle: Small,2.0,4,AM7,Z,10.1,8.3,9.3,30,217,5.0,5.0
2021,Audi,q5 sportback 45 tfsi quattro,Sport utility vehicle: Small,2.0,4,AM7,Z,10.1,8.3,9.3,30,217,5.0,5.0
2021,Audi,q7 45 tfsi quattro,Sport utility vehicle: Standard,2.0,4,AS8,Z,12.4,10.1,11.3,25,264,4.0,3.0
2021,Audi,q7 55 tfsi quattro,Sport utility vehicle: Standard,3.0,6,AS8,Z,13.4,10.4,12.0,24,281,4.0,5.0
2021,Audi,q8 55 tfsi quattro,Sport utility vehicle: Standard,3.0,6,AS8,Z,13.4,10.4,12.0,24,281,4.0,5.0
2021,Audi,r8 coupe,Two-seater,5.2,10,AM7,Z,17.2,10.2,14.1,20,329,3.0,1.0
2021,Audi,r8 coupe quattro,Two-seater,5.2,10,AM7,Z,17.6,12.0,15.1,19,353,2.0,1.0
2021,Audi,r8 spyder,Two-seater,5.2,10,AM7,Z,17.2,10.2,14.1,20,329,3.0,1.0
2021,Audi,r8 spyder quattro,Two-seater,5.2,10,AM7,Z,17.6,12.0,15.1,19,353,2.0,1.0
2021,Audi,rs 5 coupe quattro,Subcompact,2.9,6,AS8,Z,13.1,9.5,11.5,25,269,4.0,5.0
2021,Audi,rs 5 sportback quattro,Mid-size,2.9,6,AS8,Z,13.1,9.3,11.4,25,266,4.0,5.0
2021,Audi,rs 6 avant quattro,Station wagon: Mid-size,4.0,8,AS8,Z,16.1,10.7,13.7,21,319,3.0,3.0
2021,Audi,rs 7 sportback quattro,Mid-size,4.0,8,AS8,Z,16.0,10.5,13.5,21,315,3.0,3.0
2021,Audi,rs q8 quattro,Sport utility vehicle: Standard,4.0,8,AS8,Z,18.0,12.3,15.4,18,360,2.0,3.0
2021,Audi,s4 sedan quattro,Compact,3.0,6,AS8,Z,11.5,8.5,10.1,28,237,5.0,5.0
2021,Audi,s5 cabriolet quattro,Subcompact,3.0,6,AS8,Z,11.7,8.9,10.5,27,244,5.0,5.0
2021,Audi,s5 coupe quattro,Subcompact,3.0,6,AS8,Z,11.5,8.5,10.1,28,237,5.0,5.0
2021,Audi,s5 sportback quattro,Mid-size,3.0,6,AS8,Z,11.5,8.5,10.1,28,237,5.0,5.0
2021,Audi,s6 sedan quattro,Mid-size,2.9,6,AS8,Z,12.9,8.5,10.9,26,255,4.0,5.0
2021,Audi,s7 sportback quattro,Mid-size,2.9,6,AS8,Z,12.9,8.5,10.9,26,255,4.0,5.0
2021,Audi,s8 sedan quattro,Full-size,4.0,8,AS8,Z,17.6,10.7,14.5,19,339,2.0,3.0
2021,Audi,sq5 quattro,Sport utility vehicle: Small,3.0,6,AS8,Z,13.1,9.9,11.6,24,274,4.0,5.0
2021,Audi,sq5 sportback quattro,Sport utility vehicle: Small,3.0,6,AS8,Z,13.1,9.9,11.6,24,274,4.0,5.0
2021,Audi,sq7 quattro,Sport utility vehicle: Standard,4.0,8,AS8,Z,16.0,11.4,13.9,20,324,3.0,3.0
2021,Audi,sq8 quattro,Sport utility vehicle: Standard,4.0,8,AS8,Z,16.0,11.4,13.9,20,324,3.0,3.0
2021,Audi,tt coupe 45 tfsi quattro,Subcompact,2.0,4,AM7,X,10.4,7.8,9.2,31,216,5.0,7.0
2021,Audi,tt roadster 45 tfsi quattro,Two-seater,2.0,4,AM7,X,10.4,7.8,9.2,31,216,5.0,7.0
2021,Audi,tt rs coupe quattro,Subcompact,2.5,5,AM7,Z,11.6,8.0,10.0,28,232,5.0,3.0
2021,Audi,tts coupe quattro,Subcompact,2.0,4,AM7,Z,10.4,8.2,9.4,30,220,5.0,3.0
2021,Bentley,bentayga,Sport utility vehicle: Standard,4.0,8,AS8,Z,15.8,9.9,13.2,21,309,3.0,3.0
2021,Bentley,bentayga,Sport utility vehicle: Standard,6.0,12,AS8,Z,19.0,13.0,16.3,17,383,1.0,3.0
2021,Bentley,continental gt,Subcompact,4.0,8,AM8,Z,15.0,9.0,12.3,23,290,3.0,3.0
2021,Bentley,continental gt,Subcompact,6.0,12,AM8,Z,19.0,11.6,15.7,18,364,2.0,3.0
2021,Bentley,continental gt convertible,Minicompact,4.0,8,AM8,Z,15.0,9.0,12.3,23,290,3.0,3.0
2021,Bentley,continental gt convertible,Minicompact,6.0,12,AM8,Z,19.2,12.2,16.0,18,373,2.0,3.0
2021,Bentley,flying spur,Mid-size,4.0,8,AM8,Z,15.5,11.6,13.7,21,323,3.0,3.0
2021,Bentley,flying spur,Mid-size,6.0,12,AM8,Z,19.2,12.2,16.0,18,373,2.0,3.0
2021,BMW,228i xdrive gran coupe,Compact,2.0,4,AS8,Z,10.2,7.2,8.8,32,206,6.0,7.0
2021,BMW,230i xdrive cabriolet,Subcompact,2.0,4,AS8,Z,11.2,7.7,9.6,29,225,5.0,7.0
2021,BMW,230i xdrive coupe,Subcompact,2.0,4,AS8,Z,11.2,7.7,9.6,29,225,5.0,7.0
2021,BMW,330i xdrive sedan,Compact,2.0,4,AS8,Z,9.5,6.9,8.3,34,195,6.0,7.0
2021,BMW,430i xdrive coupe,Subcompact,2.0,4,AS8,Z,10.0,7.1,8.7,32,202,6.0,7.0
2021,BMW,530i xdrive sedan,Mid-size,2.0,4,AS8,Z,10.1,7.5,8.9,32,206,6.0,7.0
2021,BMW,540i xdrive sedan,Full-size,3.0,6,AS8,Z,10.3,7.6,9.1,31,211,5.0,5.0
2021,BMW,750i xdrive sedan,Full-size,4.4,8,AS8,Z,14.0,9.7,12.0,24,281,4.0,3.0
2021,BMW,750li xdrive sedan,Full-size,4.4,8,AS8,Z,14.0,9.7,12.0,24,281,4.0,3.0
2021,BMW,alpina b7 xdrive,Full-size,4.4,8,AS8,Z,14.0,9.7,12.0,24,281,4.0,3.0
2021,BMW,alpina xb7,Sport utility vehicle: Standard,4.4,8,AS8,Z,15.7,11.5,13.8,20,321,3.0,3.0
2021,BMW,m2 competition,Subcompact,3.0,6,AM7,Z,14.3,10.4,12.6,22,293,3.0,3.0
2021,BMW,m2 competition,Subcompact,3.0,6,M6,Z,13.4,9.6,11.7,24,273,4.0,3.0
2021,BMW,m235i xdrive gran coupe,Compact,2.0,4,AS8,Z,10.4,7.7,9.2,31,213,5.0,7.0
2021,BMW,m240i xdrive cabriolet,Subcompact,3.0,6,AS8,Z,11.3,7.9,9.8,29,228,5.0,3.0
2021,BMW,m240i xdrive coupe,Subcompact,3.0,6,AS8,Z,11.3,7.9,9.8,29,228,5.0,3.0
2021,BMW,m340i xdrive sedan,Compact,3.0,6,AS8,Z,10.5,7.7,9.2,31,214,5.0,5.0
2021,BMW,m440i xdrive coupe,Subcompact,3.0,6,AS8,Z,10.5,7.7,9.2,31,214,5.0,5.0
2021,BMW,m5 sedan,Mid-size,4.4,8,AS8,Z,16.0,11.0,13.8,20,323,3.0,3.0
2021,BMW,m5 competition,Mid-size,4.4,8,AS8,Z,16.0,11.0,13.8,20,323,3.0,3.0
2021,BMW,m550i xdrive sedan,Mid-size,4.4,8,AS8,Z,13.5,9.5,11.7,24,272,4.0,3.0
2021,BMW,m760i xdrive sedan,Full-size,6.6,12,AS8,Z,17.8,11.9,15.1,19,354,2.0,3.0
2021,BMW,m8 cabriolet,Subcompact,4.4,8,AS8,Z,16.0,11.0,13.8,20,323,3.0,3.0
2021,BMW,m8 cabriolet competition,Subcompact,4.4,8,AS8,Z,16.0,11.0,13.8,20,323,3.0,3.0
2021,BMW,m8 coupe,Subcompact,4.4,8,AS8,Z,16.0,11.0,13.8,20,323,3.0,3.0
2021,BMW,m8 coupe competition,Subcompact,4.4,8,AS8,Z,16.0,11.0,13.8,20,323,3.0,3.0
2021,BMW,m8 gran coupe,Mid-size,4.4,8,AS8,Z,16.0,11.0,13.8,20,323,3.0,3.0
2021,BMW,m8 gran coupe competition,Mid-size,4.4,8,AS8,Z,16.0,11.0,13.8,20,323,3.0,3.0
2021,BMW,m850i xdrive cabriolet,Subcompact,4.4,8,AS8,Z,14.0,9.7,12.0,24,281,4.0,3.0
2021,BMW,m850i xdrive coupe,Subcompact,4.4,8,AS8,Z,13.5,9.5,11.7,24,272,4.0,3.0
2021,BMW,m850i xdrive gran coupe,Mid-size,4.4,8,AS8,Z,14.0,9.7,12.0,24,281,4.0,3.0
2021,BMW,x1 xdrive28i,Sport utility vehicle: Small,2.0,4,AS8,Z,10.3,7.7,9.1,31,213,5.0,7.0
2021,BMW,x2 xdrive28i,Sport utility vehicle: Small,2.0,4,AS8,Z,9.8,7.5,8.8,32,205,6.0,7.0
2021,BMW,x2 m35i,Sport utility vehicle: Small,2.0,4,AS8,Z,10.0,7.7,8.9,32,209,5.0,7.0
2021,BMW,x3 xdrive30i,Sport utility vehicle: Small,2.0,4,AS8,Z,10.2,8.2,9.3,30,217,5.0,7.0
2021,BMW,x3 m,Sport utility vehicle: Small,3.0,6,AS8,Z,16.6,12.1,14.6,19,339,2.0,3.0
2021,BMW,x3 m competition,Sport utility vehicle: Small,3.0,6,AS8,Z,16.6,12.1,14.6,19,339,2.0,3.0
2021,BMW,x3 m40i,Sport utility vehicle: Small,3.0,6,AS8,Z,11.3,8.7,10.1,28,235,5.0,5.0
2021,BMW,x4 xdrive30i,Sport utility vehicle: Small,2.0,4,AS8,Z,10.2,8.2,9.3,30,217,5.0,7.0
2021,BMW,x4 m,Sport utility vehicle: Small,3.0,6,AS8,Z,16.6,12.1,14.6,19,339,2.0,3.0
2021,BMW,x4 m competition,Sport utility vehicle: Small,3.0,6,AS8,Z,16.6,12.1,14.6,19,339,2.0,3.0
2021,BMW,x4 m40i,Sport utility vehicle: Small,3.0,6,AS8,Z,11.3,8.7,10.1,28,235,5.0,5.0
2021,BMW,x5 xdrive40i,Sport utility vehicle: Standard,3.0,6,AS8,Z,11.4,9.2,10.4,27,242,5.0,3.0
2021,BMW,x5 m,Sport utility vehicle: Standard,4.4,8,AS8,Z,17.9,13.0,15.7,18,364,2.0,3.0
2021,BMW,x5 m competition,Sport utility vehicle: Standard,4.4,8,AS8,Z,17.9,13.0,15.7,18,364,2.0,3.0
2021,BMW,x5 m50i,Sport utility vehicle: Standard,4.4,8,AS8,Z,14.4,10.6,12.7,22,302,3.0,3.0
2021,BMW,x6 xdrive40i,Sport utility vehicle: Standard,3.0,6,AS8,Z,11.4,9.2,10.4,27,242,5.0,3.0
2021,BMW,x6 m,Sport utility vehicle: Standard,4.4,8,AS8,Z,17.9,13.0,15.7,18,364,2.0,3.0
2021,BMW,x6 m competition,Sport utility vehicle: Standard,4.4,8,AS8,Z,17.9,13.0,15.7,18,364,2.0,3.0
2021,BMW,x6 m50i,Sport utility vehicle: Standard,4.4,8,AS8,Z,14.4,10.6,12.7,22,302,3.0,3.0
2021,BMW,x7 xdrive40i,Sport utility vehicle: Standard,3.0,6,AS8,Z,12.1,9.8,11.1,25,256,4.0,3.0
2021,BMW,x7 m50i,Sport utility vehicle: Standard,4.4,8,AS8,Z,15.7,11.5,13.8,20,321,3.0,3.0
2021,BMW,z4 sdrive30i,Two-seater,2.0,4,AS8,Z,9.4,7.3,8.4,34,197,6.0,7.0
2021,BMW,z4 m40i,Two-seater,3.0,6,AS8,Z,10.7,8.0,9.5,30,221,5.0,5.0
2021,Bugatti,chiron,Two-seater,8.0,16,AM7,Z,26.8,16.6,22.2,13,522,1.0,1.0
2021,Bugatti,chiron pur sport,Two-seater,8.0,16,AM7,Z,30.3,20.9,26.1,11,608,1.0,1.0
2021,Buick,enclave,Sport utility vehicle: Standard,3.6,6,A9,X,13.0,9.1,11.2,25,264,4.0,6.0
2021,Buick,enclave awd,Sport utility vehicle: Standard,3.6,6,A9,X,13.6,9.6,11.8,24,277,4.0,6.0
2021,Buick,encore,Sport utility vehicle: Small,1.4,4,AS6,X,9.4,7.8,8.7,32,204,6.0,5.0
2021,Buick,encore (sidi),Sport utility vehicle: Small,1.4,4,AS6,X,9.7,7.3,8.6,33,203,6.0,7.0
2021,Buick,encore awd,Sport utility vehicle: Small,1.4,4,AS6,X,10.0,8.0,9.1,31,214,5.0,5.0
2021,Buick,encore awd (sidi),Sport utility vehicle: Small,1.4,4,AS6,X,10.2,7.7,9.1,31,214,5.0,7.0
2021,Buick,encore gx,Sport utility vehicle: Small,1.2,3,AV,X,8.4,7.5,8.0,35,188,6.0,7.0
2021,Buick,encore gx awd,Sport utility vehicle: Small,1.3,3,A9,X,9.0,8.0,8.5,33,199,6.0,7.0
2021,Buick,envision,Sport utility vehicle: Small,2.0,4,AS9,X,10.0,7.6,8.9,32,209,5.0,7.0
2021,Buick,envision awd,Sport utility vehicle: Small,2.0,4,AS9,X,10.5,8.2,9.5,30,222,5.0,7.0
2021,Cadillac,ct4,Compact,2.0,4,AS8,Z,10.1,6.8,8.7,32,203,6.0,6.0
2021,Cadillac,ct4,Compact,2.7,4,AS10,Z,11.0,7.6,9.5,30,221,5.0,6.0
2021,Cadillac,ct4 awd,Compact,2.0,4,AS8,Z,10.4,7.4,9.1,31,213,5.0,6.0
2021,Cadillac,ct4 awd,Compact,2.7,4,AS10,Z,11.4,8.2,9.9,29,232,5.0,6.0
2021,Cadillac,ct4-v,Compact,2.7,4,AS10,Z,11.5,8.2,10.0,28,234,5.0,6.0
2021,Cadillac,ct4-v awd,Compact,2.7,4,AS10,Z,11.7,8.4,10.2,28,239,5.0,6.0
2021,Cadillac,ct5,Mid-size,2.0,4,AS10,Z,10.4,7.3,9.0,31,209,5.0,6.0
2021,Cadillac,ct5,Mid-size,3.0,6,AS10,Z,12.3,8.5,10.6,27,249,4.0,5.0
2021,Cadillac,ct5 awd,Mid-size,2.0,4,AS10,Z,11.0,7.7,9.5,30,242,5.0,6.0
2021,Cadillac,ct5 awd,Mid-size,3.0,6,AS10,Z,12.7,9.1,11.1,25,260,4.0,5.0
2021,Cadillac,ct5-v,Mid-size,3.0,6,AS10,Z,12.7,8.7,10.9,26,256,4.0,5.0
2021,Cadillac,ct5-v awd,Mid-size,3.0,6,AS10,Z,12.7,9.1,11.1,25,260,4.0,5.0
2021,Cadillac,escalade 4wd,Sport utility vehicle: Standard,3.0,6,A10,D,12.0,8.9,10.6,27,277,4.0,3.0
2021,Cadillac,escalade 4wd,Sport utility vehicle: Standard,6.2,8,A10,Z,16.8,12.4,14.8,19,347,2.0,3.0
2021,Cadillac,escalade 4wd (without stop-start),Sport utility vehicle: Standard,6.2,8,A10,Z,17.5,12.6,15.3,18,357,2.0,3.0
2021,Cadillac,xt4,Sport utility vehicle: Small,2.0,4,AS9,Z,9.9,7.8,8.9,32,209,5.0,7.0
2021,Cadillac,xt4 awd,Sport utility vehicle: Small,2.0,4,AS9,Z,10.9,8.2,9.7,29,227,5.0,7.0
2021,Cadillac,xt5,Sport utility vehicle: Small,2.0,4,AS9,Z,10.7,8.0,9.5,30,222,5.0,7.0
2021,Cadillac,xt5 awd,Sport utility vehicle: Small,2.0,4,AS9,Z,11.2,8.7,10.1,28,237,5.0,7.0
2021,Cadillac,xt5 awd,Sport utility vehicle: Small,3.6,6,AS9,X,12.9,9.2,11.2,25,263,4.0,6.0
2021,Cadillac,xt6 awd,Sport utility vehicle: Small,2.0,4,AS9,Z,11.2,9.0,10.2,28,239,5.0,7.0
2021,Cadillac,xt6 awd,Sport utility vehicle: Small,3.6,6,AS9,X,13.1,9.5,11.5,25,269,4.0,6.0
2021,Chevrolet,blazer,Sport utility vehicle: Small,2.0,4,A9,X,10.6,8.0,9.4,30,221,5.0,7.0
2021,Chevrolet,blazer,Sport utility vehicle: Small,2.5,4,A9,X,11.3,8.9,10.2,28,238,5.0,5.0
2021,Chevrolet,blazer,Sport utility vehicle: Small,3.6,6,A9,X,12.0,8.7,10.5,27,247,4.0,6.0
2021,Chevrolet,blazer awd,Sport utility vehicle: Small,2.0,4,A9,X,10.6,8.7,9.7,29,227,5.0,7.0
2021,Chevrolet,blazer awd,Sport utility vehicle: Small,3.6,6,A9,X,12.5,9.0,10.9,26,256,4.0,6.0
2021,Chevrolet,camaro,Subcompact,2.0,4,AS8,Z,10.9,7.8,9.5,30,222,5.0,5.0
2021,Chevrolet,camaro,Subcompact,2.0,4,M6,Z,12.6,8.0,10.5,27,247,4.0,5.0
2021,Chevrolet,camaro,Subcompact,3.6,6,AS10,X,12.8,8.1,10.7,26,251,4.0,6.0
2021,Chevrolet,camaro,Subcompact,3.6,6,M6,X,14.4,9.0,12.0,24,281,4.0,6.0
2021,Chevrolet,camaro ss,Subcompact,6.2,8,AS10,Z,14.6,8.9,12.0,24,281,4.0,1.0
2021,Chevrolet,camaro ss,Subcompact,6.2,8,M6,Z,14.9,9.9,12.6,22,296,3.0,1.0
2021,Chevrolet,camaro zl1,Subcompact,6.2,8,AS10,Z,18.3,11.2,15.1,19,355,2.0,1.0
2021,Chevrolet,camaro zl1,Subcompact,6.2,8,M6,Z,17.2,12.0,14.8,19,349,2.0,1.0
2021,Chevrolet,colorado,Pickup truck: Small,2.5,4,A6,X,12.2,9.4,10.9,26,257,4.0,6.0
2021,Chevrolet,colorado,Pickup truck: Small,2.8,4,A6,D,11.8,7.9,10.1,28,294,3.0,3.0
2021,Chevrolet,colorado,Pickup truck: Small,3.6,6,A8,X,12.9,9.3,11.3,25,263,4.0,6.0
2021,Chevrolet,colorado 4wd,Pickup truck: Small,2.5,4,A6,X,12.7,9.9,11.4,25,268,4.0,6.0
2021,Chevrolet,colorado 4wd,Pickup truck: Small,2.8,4,A6,D,12.2,8.4,10.5,27,294,3.0,3.0
2021,Chevrolet,colorado 4wd,Pickup truck: Small,3.6,6,A8,X,14.0,9.9,12.1,23,284,3.0,6.0
2021,Chevrolet,colorado zr2 4wd,Pickup truck: Small,2.8,4,A6,D,13.3,10.6,12.1,23,326,3.0,3.0
2021,Chevrolet,colorado zr2 4wd,Pickup truck: Small,3.6,6,A8,X,15.0,13.0,14.1,20,329,3.0,6.0
2021,Chevrolet,corvette,Two-seater,6.2,8,AS8,Z,15.4,8.7,12.4,23,290,3.0,3.0
2021,Chevrolet,equinox,Sport utility vehicle: Small,1.5,4,A6,X,8.9,7.7,8.4,34,198,6.0,7.0
2021,Chevrolet,equinox awd,Sport utility vehicle: Small,1.5,4,A6,X,9.4,8.0,8.8,32,207,6.0,7.0
2021,Chevrolet,malibu,Mid-size,1.5,4,AV,X,8.2,6.6,7.5,38,175,7.0,7.0
2021,Chevrolet,malibu,Mid-size,2.0,4,A9,Z,10.7,7.1,9.1,31,213,5.0,5.0
2021,Chevrolet,silverado,Pickup truck: Standard,2.7,4,A8,X,11.9,10.3,11.2,25,263,4.0,6.0
2021,Chevrolet,silverado custom/wt,Pickup truck: Standard,2.7,4,A8,X,11.9,10.3,11.2,25,263,4.0,6.0
2021,Chevrolet,silverado,Pickup truck: Standard,3.0,6,A10,D,10.2,7.2,8.8,32,238,5.0,3.0
2021,Chevrolet,silverado,Pickup truck: Standard,4.3,6,A6,X,15.1,11.5,13.5,21,318,3.0,6.0
2021,Chevrolet,silverado,Pickup truck: Standard,5.3,8,A6,X,15.8,11.4,13.8,20,325,3.0,5.0
2021,Chevrolet,silverado (without afm),Pickup truck: Standard,5.3,8,A6,X,16.7,11.4,14.3,20,336,2.0,5.0
2021,Chevrolet,silverado ffv,Pickup truck: Standard,5.3,8,A6,X,16.2,12.3,14.5,19,340,2.0,3.0
2021,Chevrolet,silverado ffv,Pickup truck: Standard,5.3,8,A6,E,21.5,16.0,19.0,15,315,3.0,3.0
2021,Chevrolet,silverado,Pickup truck: Standard,5.3,8,A8,X,13.9,10.1,12.2,23,286,3.0,5.0
2021,Chevrolet,silverado (without dfm),Pickup truck: Standard,5.3,8,A8,X,15.9,10.8,13.6,21,319,3.0,5.0
2021,Chevrolet,silverado 4wd,Pickup truck: Standard,2.7,4,A8,X,12.5,10.8,11.7,24,275,4.0,6.0
2021,Chevrolet,silverado 4wd custom/wt,Pickup truck: Standard,2.7,4,A8,X,12.5,10.8,11.7,24,275,4.0,6.0
2021,Chevrolet,silverado 4wd,Pickup truck: Standard,3.0,6,A10,D,10.6,9.2,10.0,28,268,4.0,3.0
2021,Chevrolet,silverado 4wd,Pickup truck: Standard,4.3,6,A6,X,15.8,11.9,14.0,20,329,3.0,6.0
2021,Chevrolet,silverado 4wd trail boss,Pickup truck: Standard,4.3,6,A6,X,16.3,13.0,14.8,19,347,2.0,6.0
2021,Chevrolet,silverado 4wd,Pickup truck: Standard,5.3,8,A6,X,16.0,11.8,14.1,20,331,3.0,5.0
2021,Chevrolet,silverado 4wd (without afm),Pickup truck: Standard,5.3,8,A6,X,17.3,11.8,14.8,19,348,2.0,5.0
2021,Chevrolet,silverado 4wd ffv,Pickup truck: Standard,5.3,8,A6,X,16.5,12.8,14.8,19,347,2.0,3.0
2021,Chevrolet,silverado 4wd ffv,Pickup truck: Standard,5.3,8,A6,E,22.0,16.4,19.5,14,326,3.0,3.0
2021,Chevrolet,silverado 4wd trail boss,Pickup truck: Standard,5.3,8,A6,X,16.5,13.1,15.0,19,350,2.0,5.0
2021,Chevrolet,silverado 4wd trail boss (without afm),Pickup truck: Standard,5.3,8,A6,X,17.8,13.2,15.7,18,368,2.0,5.0
2021,Chevrolet,silverado 4wd,Pickup truck: Standard,5.3,8,A8,X,14.4,10.6,12.7,22,299,3.0,5.0
2021,Chevrolet,silverado 4wd (without dfm),Pickup truck: Standard,5.3,8,A8,X,16.8,11.4,14.4,20,339,2.0,5.0
2021,Chevrolet,silverado 4wd,Pickup truck: Standard,5.3,8,A10,X,14.3,10.7,12.7,22,298,3.0,5.0
2021,Chevrolet,silverado 4wd (without stop-start),Pickup truck: Standard,5.3,8,A10,X,15.3,11.0,13.3,21,313,3.0,5.0
2021,Chevrolet,silverado 4wd trail boss,Pickup truck: Standard,5.3,8,A10,X,14.7,11.2,13.1,22,307,3.0,5.0
2021,Chevrolet,silverado 4wd trail boss (without stop-start),Pickup truck: Standard,5.3,8,A10,X,15.6,11.4,13.7,21,321,3.0,5.0
2021,Chevrolet,silverado 4wd,Pickup truck: Standard,6.2,8,A10,Z,14.7,11.0,13.1,22,306,3.0,3.0
2021,Chevrolet,silverado 4wd (without stop-start),Pickup truck: Standard,6.2,8,A10,Z,15.6,11.6,13.8,20,324,3.0,3.0
2021,Chevrolet,silverado 4wd trail boss,Pickup truck: Standard,6.2,8,A10,Z,15.7,12.4,14.2,20,332,3.0,3.0
2021,Chevrolet,silverado 4wd trail boss (without stop-start),Pickup truck: Standard,6.2,8,A10,Z,16.8,12.7,15.0,19,352,2.0,3.0
2021,Chevrolet,spark,Subcompact,1.4,4,AV,X,7.7,6.2,7.0,40,165,7.0,5.0
2021,Chevrolet,spark,Subcompact,1.4,4,M5,X,8.0,6.2,7.2,39,170,7.0,5.0
2021,Chevrolet,suburban,Sport utility vehicle: Standard,3.0,6,A10,D,11.3,8.6,10.1,28,272,4.0,3.0
2021,Chevrolet,suburban,Sport utility vehicle: Standard,5.3,8,A10,X,14.3,11.8,13.2,21,309,3.0,5.0
2021,Chevrolet,suburban (without stop-start),Sport utility vehicle: Standard,5.3,8,A10,X,15.3,12.0,13.8,20,325,3.0,5.0
2021,Chevrolet,suburban 4wd,Sport utility vehicle: Standard,3.0,6,A10,D,12.0,8.9,10.6,27,277,4.0,3.0
2021,Chevrolet,suburban 4wd,Sport utility vehicle: Standard,5.3,8,A10,X,15.3,12.4,14.0,20,328,3.0,5.0
2021,Chevrolet,suburban 4wd (without stop-start),Sport utility vehicle: Standard,5.3,8,A10,X,16.0,12.6,14.5,19,341,2.0,5.0
2021,Chevrolet,suburban 4wd,Sport utility vehicle: Standard,6.2,8,A10,Z,16.8,12.4,14.8,19,347,2.0,3.0
2021,Chevrolet,suburban 4wd (without stop-start),Sport utility vehicle: Standard,6.2,8,A10,Z,17.5,12.6,15.3,18,357,2.0,3.0
2021,Chevrolet,tahoe,Sport utility vehicle: Standard,3.0,6,A10,D,11.0,8.4,9.8,29,263,4.0,3.0
2021,Chevrolet,tahoe,Sport utility vehicle: Standard,5.3,8,A10,X,14.3,11.8,13.2,21,309,3.0,5.0
2021,Chevrolet,tahoe (without stop-start),Sport utility vehicle: Standard,5.3,8,A10,X,15.3,12.0,13.8,20,325,3.0,5.0
2021,Chevrolet,tahoe 4wd,Sport utility vehicle: Standard,3.0,6,A10,D,12.0,8.9,10.6,27,277,4.0,3.0
2021,Chevrolet,tahoe 4wd,Sport utility vehicle: Standard,5.3,8,A10,X,14.8,11.8,13.5,21,317,3.0,5.0
2021,Chevrolet,tahoe 4wd (without stop-start),Sport utility vehicle: Standard,5.3,8,A10,X,15.5,12.0,13.9,20,327,3.0,5.0
2021,Chevrolet,tahoe 4wd,Sport utility vehicle: Standard,6.2,8,A10,Z,16.8,12.4,14.8,19,347,2.0,3.0
2021,Chevrolet,tahoe 4wd (without stop-start),Sport utility vehicle: Standard,6.2,8,A10,Z,17.5,12.6,15.3,18,357,2.0,3.0
2021,Chevrolet,trailblazer,Sport utility vehicle: Small,1.2,3,AV,X,8.4,7.5,8.0,35,188,6.0,7.0
2021,Chevrolet,trailblazer,Sport utility vehicle: Small,1.3,3,AV,X,8.0,7.2,7.6,37,179,7.0,7.0
2021,Chevrolet,trailblazer awd,Sport utility vehicle: Small,1.3,3,A9,X,8.9,7.8,8.4,34,196,6.0,7.0
2021,Chevrolet,traverse,Sport utility vehicle: Standard,3.6,6,A9,X,13.0,8.8,11.1,25,261,4.0,6.0
2021,Chevrolet,traverse awd,Sport utility vehicle: Standard,3.6,6,A9,X,13.6,9.6,11.8,24,277,4.0,6.0
2021,Chevrolet,trax,Sport utility vehicle: Small,1.4,4,AS6,X,9.1,7.6,8.4,34,196,6.0,5.0
2021,Chevrolet,trax (sidi),Sport utility vehicle: Small,1.4,4,AS6,X,9.7,7.3,8.6,33,203,6.0,7.0
2021,Chevrolet,trax 4wd,Sport utility vehicle: Small,1.4,4,AS6,X,10.0,8.0,9.1,31,214,5.0,5.0
2021,Chevrolet,trax 4wd (sidi),Sport utility vehicle: Small,1.4,4,AS6,X,10.2,7.7,9.1,31,214,5.0,7.0
2021,Chrysler,300,Full-size,3.6,6,A8,X,12.4,7.8,10.3,27,242,5.0,3.0
2021,Chrysler,300,Full-size,5.7,8,A8,X,14.7,9.4,12.3,23,289,3.0,3.0
2021,Chrysler,300 awd,Full-size,3.6,6,A8,X,12.8,8.7,11.0,26,258,4.0,3.0
2021,Chrysler,grand caravan,Minivan,3.6,6,A9,X,12.4,8.4,10.6,27,249,4.0,7.0
2021,Chrysler,pacifica,Minivan,3.6,6,A9,X,12.4,8.4,10.6,27,249,4.0,7.0
2021,Chrysler,pacifica awd,Minivan,3.6,6,A9,X,14.1,9.4,12.0,24,279,4.0,7.0
2021,Dodge,challenger,Mid-size,3.6,6,A8,X,12.4,7.8,10.3,27,242,5.0,3.0
2021,Dodge,challenger (mds),Mid-size,5.7,8,A8,X,14.7,9.4,12.3,23,289,3.0,3.0
2021,Dodge,challenger,Mid-size,5.7,8,M6,Z,15.6,10.1,13.1,22,307,3.0,1.0
2021,Dodge,challenger (mds),Mid-size,6.4,8,A8,Z,15.9,9.6,13.1,22,306,3.0,1.0
2021,Dodge,challenger,Mid-size,6.4,8,M6,Z,16.7,10.4,13.9,20,325,3.0,1.0
2021,Dodge,challenger awd,Mid-size,3.6,6,A8,X,12.8,8.7,11.0,26,258,4.0,3.0
2021,Dodge,challenger widebody (mds),Mid-size,6.4,8,A8,Z,15.9,9.6,13.1,22,306,3.0,1.0
2021,Dodge,challenger widebody,Mid-size,6.4,8,M6,Z,16.7,10.4,13.9,20,325,3.0,1.0
2021,Dodge,challenger srt hellcat,Mid-size,6.2,8,A8,Z,17.6,10.7,14.5,19,339,2.0,1.0
2021,Dodge,challenger srt hellcat,Mid-size,6.2,8,M6,Z,18.1,11.4,15.1,19,352,2.0,1.0
2021,Dodge,challenger srt hellcat widebody,Mid-size,6.2,8,A8,Z,18.6,11.3,15.3,18,359,2.0,1.0
2021,Dodge,challenger srt hellcat widebody,Mid-size,6.2,8,M6,Z,18.1,11.4,15.1,19,352,2.0,1.0
2021,Dodge,charger,Full-size,3.6,6,A8,X,12.4,7.8,10.3,27,242,5.0,3.0
2021,Dodge,charger (mds),Full-size,5.7,8,A8,X,14.7,9.4,12.3,23,289,3.0,3.0
2021,Dodge,charger (mds),Full-size,6.4,8,A8,Z,15.9,9.6,13.1,22,306,3.0,1.0
2021,Dodge,charger awd,Full-size,3.6,6,A8,X,12.8,8.7,11.0,26,258,4.0,3.0
2021,Dodge,charger widebody (mds),Full-size,6.4,8,A8,Z,15.9,9.6,13.1,22,306,3.0,1.0
2021,Dodge,charger srt hellcat widebody,Full-size,6.2,8,A8,Z,19.0,11.5,15.6,18,368,2.0,1.0
2021,Dodge,durango awd,Sport utility vehicle: Standard,3.6,6,A8,X,12.7,9.6,11.3,25,265,4.0,7.0
2021,Dodge,durango awd,Sport utility vehicle: Standard,5.7,8,A8,X,16.7,10.9,14.1,20,331,3.0,5.0
2021,Dodge,durango awd srt,Sport utility vehicle: Standard,6.4,8,A8,Z,18.3,12.2,15.6,18,363,2.0,1.0
2021,Dodge,durango awd srt hellcat,Sport utility vehicle: Standard,6.2,8,A8,Z,20.5,13.8,17.4,16,410,1.0,1.0
2021,FIAT,500x awd,Sport utility vehicle: Small,1.3,4,A9,X,10.0,7.9,9.1,31,221,5.0,6.0
2021,Ford,bronco 4wd,Sport utility vehicle: Small,2.3,4,AS10,X,11.7,10.7,11.2,25,264,4.0,5.0
2021,Ford,bronco 4wd,Sport utility vehicle: Small,2.3,4,M7,X,11.6,10.9,11.3,25,265,4.0,5.0
2021,Ford,bronco 4wd,Sport utility vehicle: Small,2.7,6,AS10,X,12.8,11.6,12.2,23,287,3.0,6.0
2021,Ford,bronco badlands 4wd,Sport utility vehicle: Small,2.3,4,AS10,X,13.5,13.7,13.6,21,318,3.0,5.0
2021,Ford,bronco badlands 4wd,Sport utility vehicle: Small,2.3,4,M7,X,14.7,13.3,14.1,20,330,3.0,5.0
2021,Ford,bronco badlands 4wd,Sport utility vehicle: Small,2.7,6,AS10,X,13.7,13.1,13.4,21,315,3.0,6.0
2021,Ford,bronco black diamond 4wd,Sport utility vehicle: Small,2.3,4,AS10,X,13.1,13.1,13.1,22,308,3.0,5.0
2021,Ford,bronco black diamond 4wd,Sport utility vehicle: Small,2.3,4,M7,X,13.8,12.4,13.2,21,310,3.0,5.0
2021,Ford,bronco sasquatch 4wd,Sport utility vehicle: Small,2.3,4,AS10,X,13.1,13.1,13.1,22,308,3.0,5.0
2021,Ford,bronco sasquatch 4wd,Sport utility vehicle: Small,2.7,6,AS10,X,14.0,13.9,13.9,20,327,3.0,6.0
2021,Ford,bronco sport 4wd,Sport utility vehicle: Small,1.5,3,A8,X,9.3,8.3,8.9,32,209,5.0,7.0
2021,Ford,bronco sport 4wd,Sport utility vehicle: Small,2.0,4,AS8,X,11.1,8.9,10.1,28,238,5.0,5.0
2021,Ford,ecosport,Sport utility vehicle: Small,1.0,3,AS6,X,8.6,8.1,8.4,34,197,6.0,5.0
2021,Ford,ecosport awd,Sport utility vehicle: Small,2.0,4,AS6,X,10.2,8.0,9.2,31,217,5.0,5.0
2021,Ford,edge,Sport utility vehicle: Small,2.0,4,A8,X,11.2,8.1,9.8,29,229,5.0,5.0
2021,Ford,edge awd,Sport utility vehicle: Small,2.0,4,A8,X,11.5,8.3,10.0,28,236,5.0,5.0
2021,Ford,edge awd,Sport utility vehicle: Small,2.0,4,AS8,X,11.5,8.3,10.1,28,237,5.0,5.0
2021,Ford,edge awd,Sport utility vehicle: Small,2.7,6,AS8,X,12.6,9.3,11.1,25,262,4.0,5.0
2021,Ford,escape,Sport utility vehicle: Small,1.5,3,A8,X,8.5,6.8,7.8,36,182,6.0,7.0
2021,Ford,escape awd,Sport utility vehicle: Small,1.5,3,A8,X,9.0,7.6,8.4,34,198,6.0,7.0
2021,Ford,escape awd,Sport utility vehicle: Small,2.0,4,A8,X,10.4,7.5,9.1,31,213,5.0,5.0
2021,Ford,escape hybrid,Sport utility vehicle: Small,2.5,4,AV,X,5.4,6.3,5.8,49,136,8.0,7.0
2021,Ford,escape hybrid awd,Sport utility vehicle: Small,2.5,4,AV,X,5.5,6.4,5.9,48,139,8.0,7.0
2021,Ford,expedition 4x4,Sport utility vehicle: Standard,3.5,6,AS10,X,14.1,10.7,12.6,22,295,3.0,5.0
2021,Ford,expedition max 4x4,Sport utility vehicle: Standard,3.5,6,AS10,X,14.7,11.2,13.1,22,308,3.0,5.0
2021,Ford,explorer awd,Sport utility vehicle: Standard,2.3,4,A10,X,11.7,8.6,10.3,27,242,5.0,5.0
2021,Ford,explorer awd,Sport utility vehicle: Standard,2.3,4,AS10,X,11.7,8.6,10.3,27,242,5.0,5.0
2021,Ford,explorer awd,Sport utility vehicle: Standard,3.0,6,AS10,X,13.4,9.8,11.8,24,277,4.0,5.0
2021,Ford,explorer timberline awd,Sport utility vehicle: Standard,2.3,4,AS10,X,12.2,10.4,11.4,25,268,4.0,5.0
2021,Ford,explorer hybrid awd,Sport utility vehicle: Standard,3.3,6,AS10,X,10.1,9.0,9.6,29,225,5.0,5.0
2021,Ford,f-150,Pickup truck: Standard,2.7,6,AS10,X,12.0,9.3,10.8,26,253,4.0,6.0
2021,Ford,f-150 ffv,Pickup truck: Standard,3.3,6,AS10,X,12.0,9.8,11.0,26,259,4.0,6.0
2021,Ford,f-150 ffv,Pickup truck: Standard,3.3,6,AS10,E,16.6,12.6,14.8,19,242,5.0,6.0
2021,Ford,f-150,Pickup truck: Standard,3.5,6,AS10,X,13.1,10.0,11.7,24,274,4.0,6.0
2021,Ford,f-150 ffv,Pickup truck: Standard,5.0,8,AS10,X,14.0,10.0,12.2,23,287,3.0,5.0
2021,Ford,f-150 ffv,Pickup truck: Standard,5.0,8,AS10,E,20.9,13.6,17.6,16,291,3.0,5.0
2021,Ford,f-150 ffv (without stop-start),Pickup truck: Standard,5.0,8,AS10,X,14.5,10.3,12.6,22,296,3.0,5.0
2021,Ford,f-150 ffv (without stop-start),Pickup truck: Standard,5.0,8,AS10,E,19.8,13.7,17.1,17,284,3.0,5.0
2021,Ford,f-150 4x4,Pickup truck: Standard,2.7,6,AS10,X,12.8,10.0,11.5,25,271,4.0,6.0
2021,Ford,f-150 4x4 (without stop-start),Pickup truck: Standard,2.7,6,AS10,X,13.5,10.0,11.9,24,280,4.0,6.0
2021,Ford,f-150 4x4,Pickup truck: Standard,3.0,6,AS10,D,11.9,9.1,10.7,26,287,3.0,1.0
2021,Ford,f-150 ffv 4x4,Pickup truck: Standard,3.3,6,AS10,X,12.5,10.7,11.7,24,275,4.0,6.0
2021,Ford,f-150 ffv 4x4,Pickup truck: Standard,3.3,6,AS10,E,17.2,13.1,15.4,18,252,4.0,6.0
2021,Ford,f-150 4x4,Pickup truck: Standard,3.5,6,AS10,X,13.5,10.2,12.0,24,282,4.0,6.0
2021,Ford,f-150 ffv 4x4,Pickup truck: Standard,5.0,8,AS10,X,14.8,10.9,13.1,22,307,3.0,5.0
2021,Ford,f-150 ffv 4x4,Pickup truck: Standard,5.0,8,AS10,E,21.5,14.5,18.3,15,303,3.0,5.0
2021,Ford,f-150 ffv 4x4 (without stop-start),Pickup truck: Standard,5.0,8,AS10,X,15.4,11.0,13.4,21,315,3.0,5.0
2021,Ford,f-150 ffv 4x4 (without stop-start),Pickup truck: Standard,5.0,8,AS10,E,21.0,14.7,18.1,16,301,3.0,5.0
2021,Ford,f-150 raptor 4x4,Pickup truck: Standard,3.5,6,AS10,X,15.8,13.2,14.6,19,344,2.0,6.0
2021,Ford,f-150 raptor 4x4 (without stop-start),Pickup truck: Standard,3.5,6,AS10,X,16.8,13.2,15.2,19,357,2.0,6.0
2021,Ford,f-150 raptor 37 4x4,Pickup truck: Standard,3.5,6,AS10,X,16.0,14.4,15.3,18,359,2.0,6.0
2021,Ford,f-150 raptor 37 4x4 (without stop-start),Pickup truck: Standard,3.5,6,AS10,X,16.6,14.8,15.8,18,370,2.0,6.0
2021,Ford,f-150 tremor 4x4,Pickup truck: Standard,3.5,6,AS10,X,14.3,11.8,13.2,21,310,3.0,6.0
2021,Ford,f-150 tremor 4x4 (without stop-start),Pickup truck: Standard,3.5,6,AS10,X,14.7,11.7,13.3,21,313,3.0,6.0
2021,Ford,f-150 hybrid,Pickup truck: Standard,3.5,6,AS10,X,9.5,9.1,9.3,30,217,5.0,5.0
2021,Ford,f-150 hybrid 4x4,Pickup truck: Standard,3.5,6,AS10,X,9.8,9.7,9.8,29,229,5.0,5.0
2021,Ford,gt,Two-seater,3.5,6,AM7,Z,19.8,12.8,16.6,17,393,1.0,3.0
2021,Ford,mustang,Subcompact,2.3,4,A10,X,11.0,7.5,9.4,30,221,5.0,5.0
2021,Ford,mustang,Subcompact,2.3,4,AS10,X,11.0,7.5,9.4,30,222,5.0,5.0
2021,Ford,mustang (high performance),Subcompact,2.3,4,AS10,X,11.7,8.6,10.3,27,242,5.0,5.0
2021,Ford,mustang,Subcompact,2.3,4,M6,X,11.4,8.1,9.9,29,233,5.0,5.0
2021,Ford,mustang (high performance),Subcompact,2.3,4,M6,X,11.9,8.7,10.5,27,246,4.0,5.0
2021,Ford,mustang,Subcompact,5.0,8,AS10,X,15.3,9.8,12.8,22,300,3.0,3.0
2021,Ford,mustang,Subcompact,5.0,8,M6,X,16.2,10.0,13.4,21,314,3.0,3.0
2021,Ford,mustang convertible,Subcompact,2.3,4,A10,X,12.0,8.5,10.4,27,244,5.0,5.0
2021,Ford,mustang convertible,Subcompact,2.3,4,AS10,X,11.9,8.4,10.3,27,241,5.0,5.0
2021,Ford,mustang convertible (high performance),Subcompact,2.3,4,AS10,X,12.1,8.9,10.7,26,251,4.0,5.0
2021,Ford,mustang convertible,Subcompact,2.3,4,M6,X,11.8,8.6,10.4,27,244,5.0,5.0
2021,Ford,mustang convertible (high performance),Subcompact,2.3,4,M6,X,12.4,9.3,11.0,26,258,4.0,5.0
2021,Ford,mustang convertible,Subcompact,5.0,8,AS10,X,15.8,10.4,13.3,21,312,3.0,3.0
2021,Ford,mustang mach 1,Subcompact,5.0,8,AS10,X,15.3,10.1,12.9,22,303,3.0,3.0
2021,Ford,mustang mach 1,Subcompact,5.0,8,M6,X,16.6,10.5,13.9,20,325,3.0,3.0
2021,Ford,ranger 4wd,Pickup truck: Standard,2.3,4,AS10,X,11.8,9.8,10.9,26,256,4.0,5.0
2021,Ford,ranger 4wd tremor,Pickup truck: Standard,2.3,4,AS10,X,12.1,12.3,12.2,23,287,3.0,3.0
2021,Ford,shelby gt500 mustang,Subcompact,5.2,8,AM7,Z,19.9,12.8,16.7,17,393,1.0,3.0
2021,Ford,t-150 wagon ffv,Van: Passenger,3.5,6,AS10,X,16.2,12.4,14.5,19,341,2.0,1.0
2021,Ford,t-150 wagon ffv,Van: Passenger,3.5,6,AS10,E,21.6,16.4,19.3,15,321,3.0,1.0
2021,Ford,t-150 wagon ffv 4wd,Van: Passenger,3.5,6,AS10,X,16.8,13.0,15.1,19,354,2.0,1.0
2021,Ford,t-150 wagon ffv 4wd,Van: Passenger,3.5,6,AS10,E,22.3,17.0,19.9,14,331,3.0,1.0
2021,Ford,transit connect van,Special purpose vehicle,2.0,4,AS8,X,9.8,8.8,9.3,30,217,5.0,6.0
2021,Ford,transit connect van ffv,Special purpose vehicle,2.0,4,AS8,X,9.8,8.8,9.3,30,217,5.0,5.0
2021,Ford,transit connect van ffv,Special purpose vehicle,2.0,4,AS8,E,13.3,11.8,12.6,22,209,5.0,5.0
2021,Ford,transit connect van,Special purpose vehicle,2.5,4,AS6,X,12.0,8.8,10.6,27,247,4.0,5.0
2021,Ford,transit connect wagon lwb,Special purpose vehicle,2.0,4,AS8,X,9.9,8.2,9.2,31,214,5.0,6.0
2021,Ford,transit connect wagon lwb ffv,Special purpose vehicle,2.0,4,AS8,X,9.9,8.2,9.2,31,214,5.0,5.0
2021,Ford,transit connect wagon lwb ffv,Special purpose vehicle,2.0,4,AS8,E,13.7,11.1,12.5,23,208,6.0,5.0
2021,Ford,transit connect wagon lwb,Special purpose vehicle,2.5,4,AS6,X,12.1,9.0,10.7,26,251,4.0,5.0
2021,Genesis,g70,Compact,2.0,4,M6,Z,12.8,8.5,10.9,26,255,4.0,3.0
2021,Genesis,g70 awd,Compact,2.0,4,AS8,Z,11.4,8.5,10.1,28,236,5.0,3.0
2021,Genesis,g70 awd,Compact,3.3,6,AS8,Z,14.1,9.5,12.0,24,284,3.0,3.0
2021,Genesis,g80 awd,Full-size,2.5,4,AS8,Z,10.8,7.9,9.5,30,225,5.0,5.0
2021,Genesis,g80 awd,Full-size,3.5,6,AS8,Z,12.9,9.0,11.2,25,262,4.0,5.0
2021,Genesis,g90 awd,Full-size,5.0,8,AS8,Z,15.0,10.1,12.8,22,303,3.0,5.0
2021,Genesis,gv80 awd,Sport utility vehicle: Standard,2.5,4,AS8,Z,11.3,9.5,10.5,27,248,4.0,5.0
2021,Genesis,gv80 awd,Sport utility vehicle: Standard,3.5,6,AS8,Z,12.9,10.4,11.8,24,279,4.0,5.0
2021,GMC,acadia,Sport utility vehicle: Standard,2.0,4,A9,X,10.6,8.0,9.4,30,221,5.0,7.0
2021,GMC,acadia,Sport utility vehicle: Standard,2.5,4,A9,X,11.3,8.9,10.2,28,238,5.0,5.0
2021,GMC,acadia,Sport utility vehicle: Standard,3.6,6,A9,X,12.2,8.8,10.7,26,250,4.0,6.0
2021,GMC,acadia awd,Sport utility vehicle: Standard,2.0,4,A9,X,10.6,8.7,9.7,29,227,5.0,7.0
2021,GMC,acadia awd,Sport utility vehicle: Standard,3.6,6,A9,X,12.5,9.0,10.9,26,256,4.0,6.0
2021,GMC,canyon,Pickup truck: Small,2.5,4,A6,X,12.2,9.4,10.9,26,257,4.0,6.0
2021,GMC,canyon,Pickup truck: Small,2.8,4,A6,D,11.8,7.9,10.1,28,294,3.0,3.0
2021,GMC,canyon,Pickup truck: Small,3.6,6,A8,X,12.9,9.3,11.3,25,263,4.0,6.0
2021,GMC,canyon 4wd,Pickup truck: Small,2.5,4,A6,X,12.7,9.9,11.4,25,268,4.0,6.0
2021,GMC,canyon 4wd,Pickup truck: Small,2.8,4,A6,D,12.2,8.4,10.5,27,294,3.0,3.0
2021,GMC,canyon 4wd,Pickup truck: Small,3.6,6,A8,X,14.9,10.9,13.1,22,306,3.0,6.0
2021,GMC,sierra,Pickup truck: Standard,2.7,4,A8,X,11.9,10.3,11.2,25,263,4.0,6.0
2021,GMC,sierra wt,Pickup truck: Standard,2.7,4,A8,X,11.9,10.3,11.2,25,263,4.0,6.0
2021,GMC,sierra,Pickup truck: Standard,3.0,6,A10,D,10.2,7.8,9.1,31,245,5.0,3.0
2021,GMC,sierra,Pickup truck: Standard,4.3,6,A6,X,15.1,11.5,13.5,21,318,3.0,6.0
2021,GMC,sierra,Pickup truck: Standard,5.3,8,A6,X,15.8,11.4,13.8,20,325,3.0,5.0
2021,GMC,sierra (without afm),Pickup truck: Standard,5.3,8,A6,X,16.7,11.4,14.3,20,336,2.0,5.0
2021,GMC,sierra ffv,Pickup truck: Standard,5.3,8,A6,X,16.2,12.3,14.5,19,340,2.0,3.0
2021,GMC,sierra ffv,Pickup truck: Standard,5.3,8,A6,E,21.5,16.0,19.0,15,315,3.0,3.0
2021,GMC,sierra,Pickup truck: Standard,5.3,8,A8,X,14.0,10.1,12.3,23,288,3.0,5.0
2021,GMC,sierra (without dfm),Pickup truck: Standard,5.3,8,A8,X,16.0,10.9,13.7,21,321,3.0,5.0
2021,GMC,sierra 4wd,Pickup truck: Standard,2.7,4,A8,X,13.0,11.4,12.3,23,288,3.0,6.0
2021,GMC,sierra 4wd wt,Pickup truck: Standard,2.7,4,A8,X,13.3,11.8,12.6,22,295,3.0,6.0
2021,GMC,sierra 4wd,Pickup truck: Standard,3.0,6,A10,D,10.6,9.2,10.0,28,268,4.0,3.0
2021,GMC,sierra 4wd at4,Pickup truck: Standard,3.0,6,A10,D,10.6,9.2,10.0,28,268,4.0,3.0
2021,GMC,sierra 4wd,Pickup truck: Standard,4.3,6,A6,X,15.8,11.9,14.0,20,329,3.0,6.0
2021,GMC,sierra 4wd,Pickup truck: Standard,5.3,8,A6,X,16.0,11.8,14.1,20,331,3.0,5.0
2021,GMC,sierra 4wd (without afm),Pickup truck: Standard,5.3,8,A6,X,17.3,11.8,14.8,19,348,2.0,5.0
2021,GMC,sierra 4wd ffv,Pickup truck: Standard,5.3,8,A6,X,16.5,12.8,14.8,19,347,2.0,3.0
2021,GMC,sierra 4wd ffv,Pickup truck: Standard,5.3,8,A6,E,22.0,16.4,19.5,14,326,3.0,3.0
2021,GMC,sierra 4wd at4,Pickup truck: Standard,5.3,8,A6,X,16.7,13.1,15.1,19,355,2.0,5.0
2021,GMC,sierra 4wd,Pickup truck: Standard,5.3,8,A8,X,15.2,11.1,13.3,21,313,3.0,5.0
2021,GMC,sierra 4wd (without dfm),Pickup truck: Standard,5.3,8,A8,X,17.4,11.7,14.8,19,349,2.0,5.0
2021,GMC,sierra 4wd at4,Pickup truck: Standard,5.3,8,A8,X,15.2,11.1,13.3,21,312,3.0,5.0
2021,GMC,sierra 4wd at4 (without dfm),Pickup truck: Standard,5.3,8,A8,X,17.4,11.7,14.8,19,348,2.0,5.0
2021,GMC,sierra 4wd,Pickup truck: Standard,5.3,8,A10,X,14.3,10.7,12.7,22,298,3.0,5.0
2021,GMC,sierra 4wd (without stop-start),Pickup truck: Standard,5.3,8,A10,X,15.3,11.0,13.3,21,313,3.0,5.0
2021,GMC,sierra 4wd at4,Pickup truck: Standard,5.3,8,A10,X,14.7,11.2,13.1,22,307,3.0,5.0
2021,GMC,sierra 4wd at4 (without stop-start),Pickup truck: Standard,5.3,8,A10,X,15.6,11.4,13.7,21,321,3.0,5.0
2021,GMC,sierra 4wd,Pickup truck: Standard,6.2,8,A10,Z,15.1,11.5,13.5,21,316,3.0,3.0
2021,GMC,sierra 4wd (without stop-start),Pickup truck: Standard,6.2,8,A10,Z,16.2,12.0,14.3,20,335,3.0,3.0
2021,GMC,sierra 4wd at4,Pickup truck: Standard,6.2,8,A10,Z,15.7,12.4,14.2,20,332,3.0,3.0
2021,GMC,sierra 4wd at4 (without stop-start),Pickup truck: Standard,6.2,8,A10,Z,16.8,12.7,15.0,19,352,2.0,3.0
2021,GMC,terrain,Sport utility vehicle: Small,1.5,4,A9,X,9.2,7.8,8.6,33,201,6.0,7.0
2021,GMC,terrain awd,Sport utility vehicle: Small,1.5,4,A9,X,9.6,8.3,9.0,31,211,5.0,7.0
2021,GMC,yukon,Sport utility vehicle: Standard,3.0,6,A10,D,11.3,8.6,10.1,28,272,4.0,3.0
2021,GMC,yukon,Sport utility vehicle: Standard,5.3,8,A10,X,14.3,11.8,13.2,21,309,3.0,5.0
2021,GMC,yukon (without stop-start),Sport utility vehicle: Standard,5.3,8,A10,X,15.3,12.0,13.8,20,325,3.0,5.0
2021,GMC,yukon 4wd,Sport utility vehicle: Standard,3.0,6,A10,D,12.0,8.9,10.6,27,277,4.0,3.0
2021,GMC,yukon 4wd,Sport utility vehicle: Standard,5.3,8,A10,X,14.8,11.8,13.5,21,317,3.0,5.0
2021,GMC,yukon 4wd (without stop-start),Sport utility vehicle: Standard,5.3,8,A10,X,15.5,12.0,13.9,20,327,3.0,5.0
2021,GMC,yukon 4wd,Sport utility vehicle: Standard,6.2,8,A10,Z,16.8,12.4,14.8,19,347,2.0,3.0
2021,GMC,yukon 4wd (without stop-start),Sport utility vehicle: Standard,6.2,8,A10,Z,17.5,12.6,15.3,18,357,2.0,3.0
2021,GMC,yukon xl,Sport utility vehicle: Standard,3.0,6,A10,D,11.3,8.6,10.1,28,272,4.0,3.0
2021,GMC,yukon xl,Sport utility vehicle: Standard,5.3,8,A10,X,14.3,11.8,13.2,21,309,3.0,5.0
2021,GMC,yukon xl (without stop-start),Sport utility vehicle: Standard,5.3,8,A10,X,15.3,12.0,13.8,20,325,3.0,5.0
2021,GMC,yukon xl 4wd,Sport utility vehicle: Standard,3.0,6,A10,D,12.0,8.9,10.6,27,277,4.0,3.0
2021,GMC,yukon xl 4wd,Sport utility vehicle: Standard,5.3,8,A10,X,15.3,12.4,14.0,20,328,3.0,5.0
2021,GMC,yukon xl 4wd (without stop-start),Sport utility vehicle: Standard,5.3,8,A10,X,16.0,12.6,14.5,19,341,2.0,5.0
2021,GMC,yukon xl 4wd,Sport utility vehicle: Standard,6.2,8,A10,Z,16.8,12.4,14.8,19,347,2.0,3.0
2021,GMC,yukon xl 4wd (without stop-start),Sport utility vehicle: Standard,6.2,8,A10,Z,17.5,12.6,15.3,18,357,2.0,3.0
2021,Honda,accord,Full-size,1.5,4,AV,X,7.8,6.5,7.2,39,168,7.0,7.0
2021,Honda,accord sport/touring,Full-size,1.5,4,AV7,X,8.1,6.8,7.5,38,176,7.0,7.0
2021,Honda,accord sport/touring,Full-size,2.0,4,AS10,X,10.4,7.4,9.1,31,211,5.0,7.0
2021,Honda,accord hybrid,Full-size,2.0,4,AV,X,5.0,5.0,5.0,56,117,9.0,7.0
2021,Honda,accord hybrid sport/touring,Full-size,2.0,4,AV,X,5.3,5.7,5.5,51,129,9.0,7.0
2021,Honda,civic hatchback,Full-size,1.5,4,M6,X,8.1,6.4,7.3,39,171,7.0,3.0
2021,Honda,civic hatchback sport,Full-size,1.5,4,AV7,Z,8.0,6.6,7.4,38,172,7.0,3.0
2021,Honda,civic hatchback sport,Full-size,1.5,4,M6,Z,8.1,6.4,7.3,39,171,7.0,3.0
2021,Honda,civic sedan,Mid-size,1.5,4,AV7,X,7.8,6.2,7.1,40,165,7.0,3.0
2021,Honda,civic sedan,Mid-size,2.0,4,AV,X,7.9,6.1,7.1,40,167,7.0,3.0
2021,Honda,civic sedan,Mid-size,2.0,4,AV7,X,8.2,6.5,7.4,38,172,7.0,3.0
2021,Honda,civic type r,Full-size,2.0,4,M6,Z,10.5,8.4,9.6,29,223,5.0,3.0
2021,Honda,cr-v,Sport utility vehicle: Small,1.5,4,AV,X,8.3,7.0,7.7,37,180,7.0,6.0
2021,Honda,cr-v awd,Sport utility vehicle: Small,1.5,4,AV,X,8.7,7.4,8.1,35,189,6.0,6.0
2021,Honda,hr-v,Station wagon: Small,1.8,4,AV,X,8.4,7.0,7.8,36,181,6.0,5.0
2021,Honda,hr-v awd,Station wagon: Small,1.8,4,AV,X,8.8,7.5,8.2,34,193,6.0,5.0
2021,Honda,hr-v awd,Station wagon: Small,1.8,4,AV7,X,9.1,7.7,8.5,33,200,6.0,5.0
2021,Honda,insight ex,Mid-size,1.5,4,AV,X,4.6,5.3,4.9,58,115,9.0,7.0
2021,Honda,insight touring,Compact,1.5,4,AV,X,4.6,5.3,4.9,58,115,9.0,7.0
2021,Honda,odyssey,Minivan,3.5,6,AS10,X,12.2,8.5,10.6,27,248,4.0,5.0
2021,Honda,passport awd,Sport utility vehicle: Small,3.5,6,AS9,X,12.5,9.8,11.3,25,265,4.0,3.0
2021,Honda,pilot awd,Sport utility vehicle: Small,3.5,6,AS9,X,12.4,9.3,11.0,26,256,4.0,3.0
2021,Honda,ridgeline awd,Pickup truck: Standard,3.5,6,AS9,X,12.8,9.9,11.5,25,271,4.0,3.0
2021,Hyundai,elantra,Mid-size,1.6,4,AM7,X,8.4,6.6,7.6,37,179,7.0,5.0
2021,Hyundai,elantra,Mid-size,2.0,4,AV1,X,7.5,5.7,6.7,42,157,7.0,5.0
2021,Hyundai,elantra (isg),Mid-size,2.0,4,AV1,X,7.1,5.5,6.4,44,152,8.0,5.0
2021,Hyundai,elantra,Mid-size,2.0,4,M6,X,9.1,6.3,7.8,36,185,6.0,5.0
2021,Hyundai,elantra hybrid blue,Mid-size,1.6,4,AM6,X,4.5,4.2,4.4,64,103,10.0,7.0
2021,Hyundai,ioniq,Full-size,1.6,4,AM6,X,4.3,4.1,4.2,67,99,10.0,7.0
2021,Hyundai,ioniq blue,Full-size,1.6,4,AM6,X,4.0,3.9,4.0,71,94,10.0,7.0
2021,Hyundai,kona,Sport utility vehicle: Small,2.0,4,AS6,X,8.6,7.0,7.9,36,187,6.0,5.0
2021,Hyundai,kona awd,Sport utility vehicle: Small,1.6,4,AM7,X,9.0,8.0,8.6,33,201,6.0,5.0
2021,Hyundai,kona awd,Sport utility vehicle: Small,2.0,4,AS6,X,9.2,7.8,8.6,33,202,6.0,5.0
2021,Hyundai,palisade,Sport utility vehicle: Standard,3.8,6,AS8,X,11.9,8.8,10.5,27,250,4.0,5.0
2021,Hyundai,palisade awd,Sport utility vehicle: Standard,3.8,6,AS8,X,12.3,9.6,11.1,25,265,4.0,5.0
2021,Hyundai,santa fe,Sport utility vehicle: Small,2.5,4,AS8,X,9.6,8.5,9.1,31,214,5.0,7.0
2021,Hyundai,santa fe awd,Sport utility vehicle: Small,2.5,4,AM8,X,11.0,8.5,9.9,29,233,5.0,5.0
2021,Hyundai,santa fe awd,Sport utility vehicle: Small,2.5,4,AS8,X,10.6,9.3,10.0,28,235,5.0,7.0
2021,Hyundai,santa fe hybrid,Sport utility vehicle: Small,1.6,4,AM6,X,7.1,7.9,7.4,38,176,7.0,7.0
2021,Hyundai,sonata,Full-size,1.6,4,AS8,X,8.8,6.4,7.7,37,182,6.0,5.0
2021,Hyundai,sonata,Full-size,2.5,4,AM8,X,10.1,7.2,8.8,32,208,6.0,5.0
2021,Hyundai,sonata,Full-size,2.5,4,AS8,X,8.8,6.4,7.7,37,182,6.0,7.0
2021,Hyundai,sonata hybrid,Full-size,2.0,4,AM6,X,5.3,4.6,5.0,56,117,9.0,7.0
2021,Hyundai,tucson,Sport utility vehicle: Small,2.0,4,AS6,X,10.0,7.9,9.1,31,216,5.0,5.0
2021,Hyundai,tucson awd,Sport utility vehicle: Small,2.0,4,AS6,X,10.8,9.2,10.1,28,239,5.0,5.0
2021,Hyundai,tucson awd,Sport utility vehicle: Small,2.4,4,AS6,X,11.0,9.1,10.1,28,241,5.0,5.0
2021,Hyundai,veloster n,Compact,2.0,4,AM8,Z,12.0,8.6,10.5,27,248,4.0,3.0
2021,Hyundai,veloster n,Compact,2.0,4,M6,Z,10.6,8.3,9.5,30,226,5.0,3.0
2021,Hyundai,venue,Mid-size,1.6,4,AV1,X,7.9,7.0,7.5,38,178,7.0,5.0
2021,Hyundai,venue,Mid-size,1.6,4,M6,X,8.6,6.8,7.8,36,184,6.0,5.0
2021,Infiniti,q50 awd,Mid-size,3.0,6,AS7,Z,12.5,8.7,10.8,26,254,4.0,3.0
2021,Infiniti,q50 awd red sport,Mid-size,3.0,6,AS7,Z,12.5,9.3,11.1,25,261,4.0,3.0
2021,Infiniti,q60 awd,Subcompact,3.0,6,AS7,Z,12.3,8.7,10.7,26,252,4.0,3.0
2021,Infiniti,q60 awd red sport,Subcompact,3.0,6,AS7,Z,12.5,9.2,11.0,26,259,4.0,3.0
2021,Infiniti,qx50 awd,Sport utility vehicle: Small,2.0,4,AV8,Z,10.8,8.3,9.7,29,229,5.0,6.0
2021,Infiniti,qx80 4wd,Sport utility vehicle: Standard,5.6,8,AS7,Z,17.6,12.2,15.1,19,356,2.0,3.0
2021,Jaguar,e-pace p250,Sport utility vehicle: Small,2.0,4,AS9,Z,11.5,9.2,10.4,27,247,4.0,7.0
2021,Jaguar,e-pace p300,Sport utility vehicle: Small,2.0,4,AS9,Z,11.3,9.2,10.3,27,245,5.0,7.0
2021,Jaguar,f-pace p250,Sport utility vehicle: Small,2.0,4,AS8,Z,10.7,8.8,9.9,29,227,5.0,7.0
2021,Jaguar,f-pace p340,Sport utility vehicle: Small,3.0,6,AS8,Z,12.0,8.8,10.6,27,250,4.0,7.0
2021,Jaguar,f-pace p400,Sport utility vehicle: Small,3.0,6,AS8,Z,12.1,9.0,10.7,26,252,4.0,7.0
2021,Jaguar,f-pace svr,Sport utility vehicle: Small,5.0,8,AS8,Z,15.4,10.9,13.4,21,316,3.0,3.0
2021,Jaguar,f-type p300 convertible,Two-seater,2.0,4,AS8,Z,10.2,7.8,9.2,31,215,5.0,7.0
2021,Jaguar,f-type p300 coupe,Two-seater,2.0,4,AS8,Z,10.2,7.8,9.2,31,215,5.0,7.0
2021,Jaguar,f-type p380 convertible awd,Two-seater,3.0,6,AS8,Z,13.0,9.2,11.3,25,265,4.0,7.0
2021,Jaguar,f-type p380 coupe awd,Two-seater,3.0,6,AS8,Z,13.0,9.2,11.3,25,265,4.0,7.0
2021,Jaguar,f-type r convertible awd,Two-seater,5.0,8,AS8,Z,15.2,9.8,12.7,22,299,3.0,3.0
2021,Jaguar,f-type r coupe awd,Two-seater,5.0,8,AS8,Z,15.2,9.8,12.7,22,299,3.0,3.0
2021,Jaguar,xf p250,Mid-size,2.0,4,AS8,Z,9.4,7.1,8.4,34,197,6.0,7.0
2021,Jaguar,xf p300 awd,Mid-size,2.0,4,AS8,Z,10.6,7.7,9.3,30,219,5.0,7.0
2021,Jeep,cherokee,Sport utility vehicle: Small,2.0,4,A9,X,10.4,7.6,9.1,31,214,5.0,5.0
2021,Jeep,cherokee,Sport utility vehicle: Small,2.4,4,A9,X,10.8,7.5,9.3,30,219,5.0,6.0
2021,Jeep,cherokee,Sport utility vehicle: Small,3.2,6,A9,X,11.9,8.2,10.2,28,240,5.0,5.0
2021,Jeep,cherokee 4x4 active drive i,Sport utility vehicle: Small,2.0,4,A9,X,11.2,8.0,9.8,29,229,5.0,5.0
2021,Jeep,cherokee 4x4 active drive i,Sport utility vehicle: Small,2.4,4,A9,X,11.2,8.0,9.8,29,230,5.0,6.0
2021,Jeep,cherokee 4x4 active drive i,Sport utility vehicle: Small,3.2,6,A9,X,12.2,8.6,10.6,27,249,4.0,5.0
2021,Jeep,cherokee 4x4 active drive ii,Sport utility vehicle: Small,2.0,4,A9,X,11.5,8.6,10.2,28,240,5.0,5.0
2021,Jeep,cherokee 4x4 active drive ii,Sport utility vehicle: Small,3.2,6,A9,X,12.8,9.0,11.1,25,259,4.0,5.0
2021,Jeep,cherokee 4x4 active drive lock,Sport utility vehicle: Small,3.2,6,A9,X,12.9,9.7,11.5,25,268,4.0,5.0
2021,Jeep,compass,Sport utility vehicle: Small,2.4,4,A6,X,10.6,7.6,9.3,30,218,5.0,6.0
2021,Jeep,compass 4x4,Sport utility vehicle: Small,2.4,4,A9,X,10.8,7.8,9.5,30,222,5.0,6.0
2021,Jeep,gladiator 4x4 ecodiesel,Pickup truck: Standard,3.0,6,A8,D,10.8,8.5,9.8,29,263,4.0,1.0
2021,Jeep,gladiator 4x4 rubicon ecodiesel,Pickup truck: Standard,3.0,6,A8,D,11.0,8.7,10.0,28,271,4.0,1.0
2021,Jeep,gladiator 4x4,Pickup truck: Standard,3.6,6,A8,X,13.7,10.7,12.3,23,290,3.0,7.0
2021,Jeep,gladiator 4x4,Pickup truck: Standard,3.6,6,M6,X,14.3,10.4,12.6,22,296,3.0,7.0
2021,Jeep,grand cherokee 4x4,Sport utility vehicle: Standard,3.6,6,A8,X,12.7,9.6,11.3,25,265,4.0,7.0
2021,Jeep,grand cherokee 4x4,Sport utility vehicle: Standard,5.7,8,A8,X,16.7,10.9,14.1,20,331,3.0,3.0
2021,Jeep,grand cherokee 4x4 srt,Sport utility vehicle: Standard,6.4,8,A8,Z,18.3,12.6,15.7,18,368,2.0,1.0
2021,Jeep,grand cherokee 4x4 trackhawk,Sport utility vehicle: Standard,6.2,8,A8,Z,20.9,13.8,17.7,16,413,1.0,1.0
2021,Jeep,grand cherokee l 4x4,Sport utility vehicle: Standard,3.6,6,A8,X,13.0,9.4,11.3,25,266,4.0,7.0
2021,Jeep,grand cherokee l 4x4,Sport utility vehicle: Standard,5.7,8,A8,X,16.7,10.9,14.1,20,331,3.0,5.0
2021,Jeep,renegade,Sport utility vehicle: Small,1.3,4,A9,X,9.8,7.4,8.7,32,204,6.0,6.0
2021,Jeep,renegade,Sport utility vehicle: Small,2.4,4,A9,X,10.8,7.8,9.5,30,222,5.0,6.0
2021,Jeep,renegade 4x4,Sport utility vehicle: Small,1.3,4,A9,X,10.1,8.1,9.2,31,222,5.0,6.0
2021,Jeep,renegade 4x4 trailhawk,Sport utility vehicle: Small,1.3,4,A9,X,10.8,8.7,9.9,29,231,5.0,6.0
2021,Jeep,renegade 4x4,Sport utility vehicle: Small,2.4,4,A9,X,11.2,8.2,9.8,29,230,5.0,6.0
2021,Jeep,wrangler jl 4x4,Sport utility vehicle: Small,2.0,4,A8,X,10.7,9.8,10.3,27,241,5.0,5.0
2021,Jeep,wrangler jl 4x4,Sport utility vehicle: Small,3.6,6,A8,X,12.8,10.4,11.8,24,274,4.0,7.0
2021,Jeep,wrangler jl 4x4 etorque,Sport utility vehicle: Small,3.6,6,A8,X,12.0,9.8,11.0,26,258,4.0,5.0
2021,Jeep,wrangler jl 4x4,Sport utility vehicle: Small,3.6,6,M6,X,13.7,9.6,11.8,24,277,4.0,7.0
2021,Jeep,wrangler jl unlimited 4x4,Sport utility vehicle: Small,2.0,4,A8,X,11.5,9.9,10.8,26,251,4.0,5.0
2021,Jeep,wrangler jl unlimited 4x4 ecodiesel,Sport utility vehicle: Small,3.0,6,A8,D,10.6,8.1,9.5,30,255,4.0,1.0
2021,Jeep,wrangler jl unlimited 4x4 rubicon ecodiesel,Sport utility vehicle: Small,3.0,6,A8,D,11.2,9.0,10.2,28,275,4.0,1.0
2021,Jeep,wrangler jl unlimited 4x4,Sport utility vehicle: Small,3.6,6,A8,X,12.9,10.7,11.9,24,280,4.0,7.0
2021,Jeep,wrangler jl unlimited 4x4 etorque,Sport utility vehicle: Small,3.6,6,A8,X,12.3,9.9,11.2,25,262,4.0,5.0
2021,Jeep,wrangler jl unlimited 4x4,Sport utility vehicle: Small,3.6,6,M6,X,13.8,10.1,12.2,23,285,3.0,7.0
2021,Kia,forte,Mid-size,1.6,4,AM7,X,8.7,6.6,7.8,36,184,6.0,5.0
2021,Kia,forte,Mid-size,2.0,4,AV,X,7.8,5.9,6.9,41,164,7.0,5.0
2021,Kia,forte,Mid-size,2.0,4,M6,X,8.6,6.4,7.6,37,180,7.0,5.0
2021,Kia,forte 5,Full-size,1.6,4,AM7,X,8.9,6.9,8.0,35,190,6.0,5.0
2021,Kia,forte 5,Full-size,1.6,4,M6,X,9.9,7.6,8.8,32,209,5.0,5.0
2021,Kia,forte 5,Full-size,2.0,4,AV,X,8.0,6.0,7.1,40,169,7.0,5.0
2021,Kia,k5,Full-size,2.5,4,AM8,X,9.9,7.3,8.7,32,207,6.0,5.0
2021,Kia,k5 awd,Full-size,1.6,4,AS8,X,9.2,6.9,8.2,34,193,6.0,5.0
2021,Kia,niro,Station wagon: Small,1.6,4,AM6,X,4.4,4.9,4.6,61,110,9.0,7.0
2021,Kia,niro fe,Station wagon: Small,1.6,4,AM6,X,4.4,4.9,4.6,61,110,9.0,7.0
2021,Kia,niro touring,Station wagon: Small,1.6,4,AM6,X,5.0,5.6,5.3,53,124,9.0,7.0
2021,Kia,rio,Compact,1.6,4,AV1,X,7.2,6.0,6.7,42,159,7.0,3.0
2021,Kia,rio,Compact,1.6,4,M6,X,7.7,6.1,7.0,40,166,7.0,3.0
2021,Kia,sedona,Minivan,3.3,6,AS8,X,12.7,10.0,11.5,25,272,4.0,5.0
2021,Kia,seltos,Sport utility vehicle: Small,2.0,4,AV8,X,8.2,7.1,7.7,37,182,6.0,5.0
2021,Kia,seltos awd,Sport utility vehicle: Small,1.6,4,AM7,X,9.4,7.9,8.7,32,205,6.0,5.0
2021,Kia,seltos awd,Sport utility vehicle: Small,2.0,4,AV8,X,8.8,7.6,8.2,34,195,6.0,5.0
2021,Kia,sorento awd,Sport utility vehicle: Small,2.5,4,AM8,X,11.1,8.4,9.9,29,233,5.0,5.0
2021,Kia,sorento awd,Sport utility vehicle: Small,2.5,4,AS8,X,10.1,9.2,9.7,29,227,5.0,5.0
2021,Kia,soul,Station wagon: Small,2.0,4,AV,X,8.5,7.0,7.9,36,187,6.0,7.0
2021,Kia,sportage,Sport utility vehicle: Small,2.4,4,AS6,X,10.1,7.6,9.0,31,214,5.0,5.0
2021,Kia,sportage awd,Sport utility vehicle: Small,2.0,4,AS6,X,12.1,9.6,11.0,26,261,4.0,5.0
2021,Kia,sportage awd,Sport utility vehicle: Small,2.4,4,AS6,X,10.7,9.0,10.0,28,237,5.0,5.0
2021,Kia,stinger awd,Mid-size,3.3,6,AS8,Z,13.6,9.6,11.8,24,279,4.0,3.0
2021,Kia,telluride awd,Sport utility vehicle: Small,3.8,6,AS8,X,12.6,9.7,11.3,25,265,4.0,5.0
2021,Lamborghini,aventador coupe s,Two-seater,6.5,12,AM7,Z,27.9,15.7,22.4,13,520,1.0,1.0
2021,Lamborghini,aventador coupe svj,Two-seater,6.5,12,AM7,Z,27.9,15.7,22.4,13,520,1.0,1.0
2021,Lamborghini,aventador roadster s,Two-seater,6.5,12,AM7,Z,27.3,15.9,22.2,13,515,1.0,1.0
2021,Lamborghini,aventador roadster svj,Two-seater,6.5,12,AM7,Z,27.3,15.9,22.2,13,515,1.0,1.0
2021,Lamborghini,aventador sian coupe,Two-seater,6.5,12,AM7,Z,28.3,16.8,23.1,12,539,1.0,1.0
2021,Lamborghini,aventador sian roadster,Two-seater,6.5,12,AM7,Z,28.3,16.8,23.1,12,539,1.0,1.0
2021,Lamborghini,huracan,Two-seater,5.2,10,AM7,Z,18.0,12.9,15.7,18,370,2.0,1.0
2021,Lamborghini,huracan awd,Two-seater,5.2,10,AM7,Z,18.0,12.9,15.7,18,371,2.0,1.0
2021,Lamborghini,huracan spyder,Two-seater,5.2,10,AM7,Z,18.0,12.9,15.7,18,370,2.0,1.0
2021,Lamborghini,huracan spyder awd,Two-seater,5.2,10,AM7,Z,18.0,12.9,15.7,18,371,2.0,1.0
2021,Lamborghini,huracan sto,Two-seater,5.2,10,AM7,Z,18.0,12.9,15.7,18,370,2.0,1.0
2021,Lamborghini,urus,Sport utility vehicle: Standard,4.0,8,AS8,Z,19.2,14.1,16.9,17,384,1.0,3.0
2021,Land Rover,defender 90 p300,Sport utility vehicle: Standard,2.0,4,AS8,Z,13.2,11.3,12.3,23,289,3.0,7.0
2021,Land Rover,defender 90 p400,Sport utility vehicle: Standard,3.0,6,AS8,Z,13.5,10.8,12.3,23,287,3.0,7.0
2021,Land Rover,defender 110 p300,Sport utility vehicle: Standard,2.0,4,AS8,Z,14.2,11.7,13.0,22,306,3.0,7.0
2021,Land Rover,defender 110 p400,Sport utility vehicle: Standard,3.0,6,AS8,Z,13.5,10.8,12.3,23,287,3.0,7.0
2021,Land Rover,discovery p300,Sport utility vehicle: Standard,2.0,4,AS8,Z,12.2,10.6,11.5,25,271,4.0,7.0
2021,Land Rover,discovery p360,Sport utility vehicle: Standard,3.0,6,AS8,Z,12.8,9.8,11.4,25,270,4.0,7.0
2021,Land Rover,discovery sport p250,Sport utility vehicle: Small,2.0,4,AS9,Z,12.7,10.0,11.5,25,271,4.0,7.0
2021,Land Rover,range rover p360/p400,Sport utility vehicle: Standard,3.0,6,AS8,Z,13.3,10.2,11.9,24,279,4.0,7.0
2021,Land Rover,range rover td6 diesel,Sport utility vehicle: Standard,3.0,6,AS8,D,10.6,8.2,9.5,30,256,4.0,1.0
2021,Land Rover,range rover p525 supercharged,Sport utility vehicle: Standard,5.0,8,AS8,Z,14.4,11.3,13.0,22,305,3.0,3.0
2021,Land Rover,range rover p525 supercharged lwb,Sport utility vehicle: Standard,5.0,8,AS8,Z,14.4,11.3,13.0,22,305,3.0,3.0
2021,Land Rover,range rover svautobiography,Sport utility vehicle: Standard,5.0,8,AS8,Z,17.1,12.6,15.1,19,354,2.0,3.0
2021,Land Rover,range rover svautobiography lwb,Sport utility vehicle: Standard,5.0,8,AS8,Z,17.9,12.7,15.6,18,365,2.0,3.0
2021,Land Rover,range rover sport p360/p400,Sport utility vehicle: Standard,3.0,6,AS8,Z,12.7,9.9,11.4,25,269,4.0,7.0
2021,Land Rover,range rover sport td6 diesel,Sport utility vehicle: Standard,3.0,6,AS8,D,10.6,8.2,9.5,30,256,4.0,1.0
2021,Land Rover,range rover sport p525 supercharged,Sport utility vehicle: Standard,5.0,8,AS8,Z,14.0,10.6,12.5,23,293,3.0,3.0
2021,Land Rover,range rover sport svr,Sport utility vehicle: Standard,5.0,8,AS8,Z,16.2,12.0,14.3,20,336,2.0,3.0
2021,Land Rover,range rover evoque p250,Sport utility vehicle: Small,2.0,4,AS9,Z,11.9,8.8,10.5,27,247,4.0,7.0
2021,Land Rover,range rover velar p250,Sport utility vehicle: Small,2.0,4,AS8,Z,11.5,9.0,10.4,27,244,5.0,7.0
2021,Land Rover,range rover velar p340,Sport utility vehicle: Small,3.0,6,AS8,Z,11.8,9.0,10.5,27,248,4.0,7.0
2021,Land Rover,range rover velar p400,Sport utility vehicle: Small,3.0,6,AS8,Z,12.6,9.6,11.3,25,265,4.0,7.0
2021,Lexus,es 250 awd,Mid-size,2.5,4,AS8,X,9.5,7.0,8.4,34,197,6.0,6.0
2021,Lexus,es 300h,Mid-size,2.5,4,AV6,X,5.5,5.2,5.3,53,124,9.0,7.0
2021,Lexus,es 350,Mid-size,3.5,6,AS8,X,10.7,7.2,9.1,31,213,5.0,5.0
2021,Lexus,es 350 f sport,Mid-size,3.5,6,AS8,X,10.9,7.5,9.4,30,219,5.0,5.0
2021,Lexus,gx 460,Sport utility vehicle: Standard,4.6,8,AS6,Z,16.2,12.3,14.5,19,337,2.0,3.0
2021,Lexus,is 300,Compact,2.0,4,AS8,Z,11.0,7.6,9.5,30,221,5.0,5.0
2021,Lexus,is 300 awd,Compact,3.5,6,AS6,Z,12.2,9.0,10.8,26,253,4.0,5.0
2021,Lexus,is 350 awd,Compact,3.5,6,AS6,Z,12.2,9.0,10.8,26,253,4.0,5.0
2021,Lexus,lc 500,Subcompact,5.0,8,AS10,Z,15.1,9.6,12.6,22,294,3.0,5.0
2021,Lexus,lc 500 convertible,Minicompact,5.0,8,AS10,Z,16.0,9.5,13.0,22,304,3.0,5.0
2021,Lexus,lc 500h,Subcompact,3.5,6,AV10,Z,9.0,7.1,8.1,35,189,6.0,7.0
2021,Lexus,ls 500 awd,Mid-size,3.5,6,AS10,Z,13.8,8.7,11.1,25,269,4.0,5.0
2021,Lexus,ls 500h awd,Mid-size,3.5,6,AV10,Z,10.1,8.1,9.2,31,213,5.0,7.0
2021,Lexus,lx 570,Sport utility vehicle: Standard,5.7,8,AS8,Z,19.2,14.3,16.9,17,395,1.0,3.0
2021,Lexus,nx 300 awd,Sport utility vehicle: Small,2.0,4,AS6,Z,10.7,8.5,9.7,29,226,5.0,3.0
2021,Lexus,nx 300 awd f sport,Sport utility vehicle: Small,2.0,4,AS6,Z,10.8,8.9,9.9,29,232,5.0,3.0
2021,Lexus,nx 300h awd,Sport utility vehicle: Small,2.5,4,AV6,X,7.2,7.9,7.5,38,175,7.0,7.0
2021,Lexus,rc 300 awd,Subcompact,3.5,6,AS6,Z,12.2,9.0,10.8,26,253,4.0,5.0
2021,Lexus,rc 350 awd,Subcompact,3.5,6,AS6,Z,12.2,9.0,10.8,26,253,4.0,5.0
2021,Lexus,rc f,Subcompact,5.0,8,AS8,Z,14.4,9.6,12.2,23,285,3.0,5.0
2021,Lexus,rx 350 awd,Sport utility vehicle: Small,3.5,6,AS8,X,12.2,9.0,10.8,26,252,4.0,5.0
2021,Lexus,rx 350 l awd,Sport utility vehicle: Small,3.5,6,AS8,X,13.1,9.4,11.1,25,268,4.0,5.0
2021,Lexus,rx 450h awd,Sport utility vehicle: Standard,3.5,6,AV6,Z,7.5,8.4,7.9,36,185,6.0,7.0
2021,Lexus,rx 450h l awd,Sport utility vehicle: Standard,3.5,6,AV6,Z,8.1,8.4,8.1,35,190,6.0,7.0
2021,Lexus,ux 200,Mid-size,2.0,4,AS10,X,8.0,6.3,7.2,39,168,7.0,6.0
2021,Lexus,ux 250h,Compact,2.0,4,AV6,X,5.5,5.7,5.6,50,130,9.0,7.0
2021,Lexus,ux 250h awd,Compact,2.0,4,AV6,X,5.7,6.2,6.0,47,140,8.0,7.0
2021,Lincoln,aviator awd,Sport utility vehicle: Standard,3.0,6,AS10,X,13.7,9.7,11.9,24,280,4.0,5.0
2021,Lincoln,corsair awd,Sport utility vehicle: Small,2.0,4,AS8,X,11.1,8.1,9.8,29,229,5.0,5.0
2021,Lincoln,corsair awd,Sport utility vehicle: Small,2.3,4,AS8,X,11.1,8.3,9.9,29,232,5.0,5.0
2021,Lincoln,nautilus awd,Sport utility vehicle: Small,2.0,4,A8,X,12.0,9.6,10.7,26,252,4.0,5.0
2021,Lincoln,nautilus awd,Sport utility vehicle: Small,2.0,4,AS8,X,12.0,9.6,10.7,26,252,4.0,5.0
2021,Lincoln,nautilus awd,Sport utility vehicle: Small,2.7,6,AS8,X,12.6,9.3,11.1,25,262,4.0,5.0
2021,Lincoln,navigator 4x4,Sport utility vehicle: Standard,3.5,6,AS10,X,15.0,11.5,13.5,21,316,3.0,5.0
2021,Maserati,ghibli,Mid-size,3.0,6,A8,Z,13.8,9.5,11.9,24,277,4.0,3.0
2021,Maserati,ghibli s,Mid-size,3.0,6,A8,Z,13.8,9.5,11.9,24,277,4.0,3.0
2021,Maserati,ghibli s q4,Mid-size,3.0,6,A8,Z,14.8,9.8,12.6,22,293,3.0,3.0
2021,Maserati,ghibli trofeo,Mid-size,3.8,8,A8,Z,17.4,11.9,14.9,19,348,2.0,1.0
2021,Maserati,levante,Sport utility vehicle: Standard,3.0,6,A8,Z,15.1,10.9,13.2,21,308,3.0,3.0
2021,Maserati,levante s,Sport utility vehicle: Standard,3.0,6,A8,Z,15.1,10.9,13.2,21,308,3.0,3.0
2021,Maserati,levante gts,Sport utility vehicle: Standard,3.8,8,A8,Z,17.4,12.0,15.0,19,349,2.0,1.0
2021,Maserati,levante trofeo,Sport utility vehicle: Standard,3.8,8,A8,Z,17.4,12.0,15.0,19,349,2.0,1.0
2021,Maserati,quattroporte s,Full-size,3.0,6,A8,Z,14.6,9.9,12.5,23,291,3.0,3.0
2021,Maserati,quattroporte s q4,Full-size,3.0,6,A8,Z,14.8,9.8,12.6,22,293,3.0,3.0
2021,Maserati,quattroporte trofeo,Full-size,3.8,8,A8,Z,17.4,11.9,14.9,19,348,2.0,1.0
2021,Mazda,cx-3,Compact,2.0,4,AS6,X,8.3,6.9,7.7,37,179,7.0,3.0
2021,Mazda,cx-3 (sil),Compact,2.0,4,M6,X,8.8,7.0,8.0,35,186,6.0,3.0
2021,Mazda,cx-3 4wd,Compact,2.0,4,AS6,X,8.6,7.4,8.1,35,189,6.0,3.0
2021,Mazda,cx-30,Sport utility vehicle: Small,2.0,4,AS6,X,8.9,7.1,8.1,35,189,6.0,7.0
2021,Mazda,cx-30,Sport utility vehicle: Small,2.5,4,AS6,X,9.3,7.1,8.3,34,194,6.0,7.0
2021,Mazda,cx-30 4wd,Sport utility vehicle: Small,2.0,4,AS6,X,9.4,7.7,8.6,33,202,6.0,7.0
2021,Mazda,cx-30 4wd,Sport utility vehicle: Small,2.5,4,AS6,X,9.9,7.7,8.9,32,208,6.0,7.0
2021,Mazda,cx-30 turbo 4wd,Sport utility vehicle: Small,2.5,4,AS6,X,10.5,7.9,9.3,30,220,5.0,3.0
2021,Mazda,cx-5,Sport utility vehicle: Small,2.5,4,AS6,X,9.7,7.8,8.8,32,206,6.0,7.0
2021,Mazda,cx-5 (cylinder deactivation),Sport utility vehicle: Small,2.5,4,AS6,X,9.3,7.6,8.5,33,201,6.0,7.0
2021,Mazda,cx-5 4wd,Sport utility vehicle: Small,2.5,4,AS6,X,10.2,8.2,9.3,30,217,5.0,7.0
2021,Mazda,cx-5 4wd (cylinder deactivation),Sport utility vehicle: Small,2.5,4,AS6,X,9.8,7.9,9.0,31,209,5.0,7.0
2021,Mazda,cx-5 turbo 4wd,Sport utility vehicle: Small,2.5,4,AS6,X,10.8,8.7,9.8,29,230,5.0,5.0
2021,Mazda,cx-9 4wd,Sport utility vehicle: Small,2.5,4,AS6,X,11.6,9.1,10.5,27,244,5.0,5.0
2021,Mazda,mazda3 4-door,Compact,2.0,4,AS6,X,8.4,6.6,7.6,37,178,7.0,7.0
2021,Mazda,mazda3 4-door (sil),Compact,2.0,4,M6,X,8.7,6.4,7.7,37,180,7.0,7.0
2021,Mazda,mazda3 4-door,Compact,2.5,4,AS6,X,8.9,6.5,7.8,36,184,6.0,7.0
2021,Mazda,mazda3 4-door 4wd,Compact,2.5,4,AS6,X,9.3,7.0,8.2,34,193,6.0,7.0
2021,Mazda,mazda3 4-door turbo 4wd,Compact,2.5,4,AS6,X,10.1,7.3,8.8,32,207,6.0,3.0
2021,Mazda,mazda3 5-door,Mid-size,2.0,4,AS6,X,8.6,6.7,7.7,37,181,7.0,7.0
2021,Mazda,mazda3 5-door (sil),Mid-size,2.0,4,M6,X,8.7,6.6,7.8,36,181,6.0,7.0
2021,Mazda,mazda3 5-door,Mid-size,2.5,4,AS6,X,9.2,6.9,8.1,35,190,6.0,7.0
2021,Mazda,mazda3 5-door (sil),Mid-size,2.5,4,M6,X,9.5,7.0,8.4,34,197,6.0,7.0
2021,Mazda,mazda3 5-door 4wd,Mid-size,2.5,4,AS6,X,9.5,7.4,8.5,33,200,6.0,7.0
2021,Mazda,mazda3 5-door turbo 4wd,Mid-size,2.5,4,AS6,X,10.1,7.5,8.9,32,209,5.0,3.0
2021,Mazda,mazda6,Mid-size,2.5,4,AS6,X,9.1,6.7,8.0,35,187,6.0,7.0
2021,Mazda,mazda6 turbo,Mid-size,2.5,4,AS6,X,10.0,7.5,8.9,32,208,6.0,3.0
2021,Mazda,mx-5,Two-seater,2.0,4,AS6,Z,9.0,6.6,7.9,36,186,6.0,3.0
2021,Mazda,mx-5 (sil),Two-seater,2.0,4,M6,Z,9.0,7.0,8.1,35,189,6.0,3.0
2021,Mercedes-Benz,a 220 4matic sedan,Subcompact,2.0,4,AM7,Z,9.6,6.9,8.4,34,197,6.0,5.0
2021,Mercedes-Benz,a 250 4matic hatch,Station wagon: Small,2.0,4,AM7,Z,9.4,6.8,8.2,34,193,6.0,5.0
2021,Mercedes-Benz,amg a 35 4matic sedan,Subcompact,2.0,4,AM7,Z,10.7,8.2,9.5,30,224,5.0,5.0
2021,Mercedes-Benz,amg a 35 4matic hatch,Station wagon: Small,2.0,4,AM7,Z,10.6,8.2,9.5,30,224,5.0,5.0
2021,Mercedes-Benz,amg c 43 4matic sedan,Compact,3.0,6,A9,Z,13.4,8.7,11.3,25,266,4.0,5.0
2021,Mercedes-Benz,amg c 43 4matic cabriolet,Subcompact,3.0,6,A9,Z,12.3,8.7,10.7,26,251,4.0,5.0
2021,Mercedes-Benz,amg c 43 4matic coupe,Subcompact,3.0,6,A9,Z,12.5,8.8,10.8,26,254,4.0,5.0
2021,Mercedes-Benz,amg c 43 4matic wagon,Station wagon: Small,3.0,6,A9,Z,12.3,8.5,10.6,27,249,4.0,5.0
2021,Mercedes-Benz,amg c 63 sedan,Compact,4.0,8,A9,Z,13.5,8.9,11.4,25,269,4.0,3.0
2021,Mercedes-Benz,amg c 63 s sedan,Compact,4.0,8,A9,Z,13.5,8.9,11.4,25,269,4.0,3.0
2021,Mercedes-Benz,amg c 63 s cabriolet,Subcompact,4.0,8,A9,Z,13.9,9.6,12.0,24,281,4.0,3.0
2021,Mercedes-Benz,amg c 63 s coupe,Subcompact,4.0,8,A9,Z,13.7,9.1,11.6,24,273,4.0,3.0
2021,Mercedes-Benz,amg cla 35 4matic coupe,Compact,2.0,4,AM7,Z,10.7,8.2,9.5,30,224,5.0,5.0
2021,Mercedes-Benz,amg cla 45 4matic coupe,Compact,2.0,4,AM8,Z,12.0,8.2,10.3,27,242,5.0,3.0
2021,Mercedes-Benz,amg cls 53 4matic+ coupe,Compact,3.0,6,A9,Z,11.3,9.0,10.3,27,242,5.0,6.0
2021,Mercedes-Benz,amg e 53 4matic+ sedan,Mid-size,3.0,6,A9,Z,10.7,8.2,9.5,30,225,5.0,6.0
2021,Mercedes-Benz,amg e 53 4matic+ cabriolet,Subcompact,3.0,6,A9,Z,11.3,8.8,10.2,28,239,5.0,6.0
2021,Mercedes-Benz,amg e 53 4matic+ coupe,Subcompact,3.0,6,A9,Z,11.2,8.5,10.0,28,235,5.0,6.0
2021,Mercedes-Benz,amg e 53 4matic+ wagon,Station wagon: Mid-size,3.0,6,A9,Z,11.3,8.7,10.1,28,238,5.0,6.0
2021,Mercedes-Benz,amg e 63 s 4matic+ sedan,Mid-size,4.0,8,A9,Z,15.0,10.1,12.8,22,301,3.0,3.0
2021,Mercedes-Benz,amg e 63 s 4matic+ wagon,Station wagon: Mid-size,4.0,8,A9,Z,14.7,10.4,12.8,22,300,3.0,3.0
2021,Mercedes-Benz,amg g 63 suv,Sport utility vehicle: Standard,4.0,8,A9,Z,18.6,15.5,17.2,16,396,1.0,3.0
2021,Mercedes-Benz,amg gla 35 4matic suv,Sport utility vehicle: Small,2.0,4,AM8,Z,10.4,8.1,9.4,30,219,5.0,5.0
2021,Mercedes-Benz,amg gla 45 4matic suv,Sport utility vehicle: Small,2.0,4,AM8,Z,11.6,8.8,10.4,27,243,5.0,3.0
2021,Mercedes-Benz,amg glb 35 suv,Sport utility vehicle: Small,2.0,4,AM8,Z,11.1,8.9,10.1,28,237,5.0,5.0
2021,Mercedes-Benz,amg glc 43 4matic suv,Sport utility vehicle: Small,3.0,6,A9,Z,13.1,9.6,11.6,24,272,4.0,5.0
2021,Mercedes-Benz,amg glc 43 4matic coupe,Sport utility vehicle: Small,3.0,6,A9,Z,13.5,9.6,11.7,24,277,4.0,5.0
2021,Mercedes-Benz,amg glc 63 s 4matic+ suv,Sport utility vehicle: Small,4.0,8,A9,Z,15.7,10.9,13.5,21,319,3.0,5.0
2021,Mercedes-Benz,amg glc 63 s 4matic+ coupe,Sport utility vehicle: Small,4.0,8,A9,Z,15.2,10.8,13.2,21,311,3.0,5.0
2021,Mercedes-Benz,amg gle 53 4matic+ suv,Sport utility vehicle: Standard,3.0,6,A9,Z,13.2,10.8,12.1,23,285,3.0,6.0
2021,Mercedes-Benz,amg gle 53 4matic+ coupe,Sport utility vehicle: Standard,3.0,6,A9,Z,12.7,10.4,11.7,24,273,4.0,6.0
2021,Mercedes-Benz,amg gle 63 s 4matic+ suv,Sport utility vehicle: Standard,4.0,8,A9,Z,16.2,12.5,14.5,19,340,2.0,3.0
2021,Mercedes-Benz,amg gle 63 s 4matic+ coupe,Sport utility vehicle: Standard,4.0,8,A9,Z,16.3,12.8,14.7,19,347,2.0,3.0
2021,Mercedes-Benz,amg gls 63 4matic+ suv,Sport utility vehicle: Standard,4.0,8,A9,Z,16.3,12.9,14.8,19,347,2.0,3.0
2021,Mercedes-Benz,amg gt 53 4matic+ coupe,Compact,3.0,6,A9,Z,11.9,9.6,10.9,26,255,4.0,6.0
2021,Mercedes-Benz,amg gt 63 4matic+ coupe,Compact,4.0,8,A9,Z,15.6,11.5,13.7,21,322,3.0,5.0
2021,Mercedes-Benz,amg gt 63 s 4matic+ coupe,Compact,4.0,8,A9,Z,15.1,11.1,13.3,21,312,3.0,5.0
2021,Mercedes-Benz,amg gt black series coupe,Two-seater,4.0,8,AM7,Z,15.6,12.0,13.9,20,328,3.0,3.0
2021,Mercedes-Benz,amg gt c coupe,Two-seater,4.0,8,AM7,Z,15.9,12.1,14.2,20,332,3.0,3.0
2021,Mercedes-Benz,amg gt c roadster,Two-seater,4.0,8,AM7,Z,15.8,12.0,14.1,20,330,3.0,3.0
2021,Mercedes-Benz,amg gt r coupe,Two-seater,4.0,8,AM7,Z,16.4,12.0,14.4,20,339,2.0,3.0
2021,Mercedes-Benz,amg s 63 4matic+ cabriolet,Subcompact,4.0,8,A9,Z,16.3,10.0,13.5,21,317,3.0,5.0
2021,Mercedes-Benz,amg s 63 4matic+ coupe,Compact,4.0,8,A9,Z,15.1,9.2,12.4,23,293,3.0,5.0
2021,Mercedes-Benz,c 300 4matic sedan,Compact,2.0,4,A9,Z,10.1,7.1,8.7,32,204,6.0,6.0
2021,Mercedes-Benz,c 300 4matic cabriolet,Subcompact,2.0,4,A9,Z,10.8,7.9,9.5,30,223,5.0,6.0
2021,Mercedes-Benz,c 300 4matic coupe,Subcompact,2.0,4,A9,Z,10.2,7.4,9.0,31,210,5.0,6.0
2021,Mercedes-Benz,c 300 4matic wagon,Station wagon: Small,2.0,4,A9,Z,10.5,7.5,9.1,31,214,5.0,6.0
2021,Mercedes-Benz,cla 250 4matic coupe,Compact,2.0,4,AM7,Z,9.8,7.1,8.6,33,201,6.0,5.0
2021,Mercedes-Benz,cls 450 4matic coupe,Compact,3.0,6,A9,Z,10.5,8.1,9.4,30,222,5.0,6.0
2021,Mercedes-Benz,e 350 4matic sedan,Mid-size,2.0,4,A9,Z,10.7,7.8,9.4,30,221,5.0,6.0
2021,Mercedes-Benz,e 450 4matic sedan,Mid-size,3.0,6,A9,Z,10.4,7.8,9.2,31,217,5.0,6.0
2021,Mercedes-Benz,e 450 4matic cabriolet,Subcompact,3.0,6,A9,Z,10.4,8.0,9.3,30,219,5.0,6.0
2021,Mercedes-Benz,e 450 4matic coupe,Subcompact,3.0,6,A9,Z,10.3,7.9,9.3,30,218,5.0,6.0
2021,Mercedes-Benz,e 450 4matic all-terrain wagon,Station wagon: Mid-size,3.0,6,A9,Z,10.6,8.4,9.6,29,226,5.0,6.0
2021,Mercedes-Benz,g 550 suv,Sport utility vehicle: Standard,4.0,8,A9,Z,13.6,12.4,13.1,22,307,3.0,3.0
2021,Mercedes-Benz,gla 250 4matic suv,Sport utility vehicle: Small,2.0,4,AM8,Z,9.8,7.2,8.7,32,203,6.0,5.0
2021,Mercedes-Benz,glb 250 4matic suv,Sport utility vehicle: Small,2.0,4,AM8,Z,10.3,7.8,9.2,31,216,5.0,5.0
2021,Mercedes-Benz,glc 300 4matic suv,Sport utility vehicle: Small,2.0,4,A9,Z,11.3,8.5,10.0,28,235,5.0,6.0
2021,Mercedes-Benz,glc 300 4matic coupe,Sport utility vehicle: Small,2.0,4,A9,Z,10.6,8.4,9.6,29,226,5.0,6.0
2021,Mercedes-Benz,gle 350 4matic suv,Sport utility vehicle: Standard,2.0,4,A9,Z,12.4,9.0,10.8,26,254,4.0,5.0
2021,Mercedes-Benz,gle 450 4matic suv,Sport utility vehicle: Standard,3.0,6,A9,Z,11.4,9.2,10.4,27,244,5.0,6.0
2021,Mercedes-Benz,gls 450 4matic suv,Sport utility vehicle: Standard,3.0,6,A9,Z,12.0,9.8,11.0,26,257,4.0,6.0
2021,Mercedes-Benz,gls 580 4matic suv,Sport utility vehicle: Standard,4.0,8,A9,Z,14.5,11.2,13.0,22,305,3.0,5.0
2021,Mercedes-Benz,maybach gls 600 4matic suv,Sport utility vehicle: Standard,4.0,8,A9,Z,16.6,12.5,14.8,19,346,2.0,3.0
2021,Mercedes-Benz,maybach s 580 4matic sedan,Full-size,4.0,8,A9,Z,15.5,9.8,12.9,22,301,3.0,5.0
2021,Mercedes-Benz,metris cargo van,Special purpose vehicle,2.0,4,A9,Z,12.6,10.0,11.5,25,268,4.0,5.0
2021,Mercedes-Benz,metris cargo van lwb,Special purpose vehicle,2.0,4,A9,Z,12.6,10.0,11.5,25,268,4.0,5.0
2021,Mercedes-Benz,metris passenger van,Special purpose vehicle,2.0,4,A9,Z,13.3,10.8,12.2,23,284,3.0,5.0
2021,Mercedes-Benz,s 500 4matic swb sedan,Full-size,3.0,6,A9,Z,11.3,8.0,9.8,29,230,5.0,6.0
2021,Mercedes-Benz,s 560 cabriolet,Subcompact,4.0,8,A9,Z,14.5,9.0,12.0,24,282,4.0,5.0
2021,Mercedes-Benz,s 560 4matic coupe,Compact,4.0,8,A9,Z,14.5,9.0,12.0,24,282,4.0,5.0
2021,Mercedes-Benz,s 580 4matic lwb sedan,Full-size,4.0,8,A9,Z,14.4,9.4,12.2,23,285,3.0,5.0
2021,MINI,cooper 3 door,Subcompact,1.5,3,AM7,Z,8.4,6.5,7.5,38,176,7.0,7.0
2021,MINI,cooper 3 door,Subcompact,1.5,3,M6,Z,8.8,6.4,7.7,37,180,7.0,7.0
2021,MINI,cooper 5 door,Subcompact,1.5,3,AM7,Z,8.4,6.5,7.5,38,176,7.0,7.0
2021,MINI,cooper 5 door,Subcompact,1.5,3,M6,Z,8.8,6.4,7.7,37,180,7.0,7.0
2021,MINI,cooper clubman all4,Mid-size,1.5,3,AS8,Z,9.7,7.0,8.5,33,198,6.0,7.0
2021,MINI,cooper convertible,Minicompact,1.5,3,AM7,Z,8.4,6.5,7.5,38,176,7.0,7.0
2021,MINI,cooper convertible,Minicompact,1.5,3,M6,Z,8.8,6.4,7.7,37,180,7.0,7.0
2021,MINI,cooper countryman all4,Mid-size,1.5,3,AS8,Z,10.0,7.4,8.8,32,206,6.0,7.0
2021,MINI,cooper s 3 door,Subcompact,2.0,4,AM7,Z,8.9,6.6,7.9,36,184,6.0,7.0
2021,MINI,cooper s 3 door,Subcompact,2.0,4,M6,Z,10.2,7.1,8.8,32,206,6.0,7.0
2021,MINI,cooper s 5 door,Subcompact,2.0,4,AM7,Z,8.9,6.6,7.9,36,184,6.0,7.0
2021,MINI,cooper s 5 door,Subcompact,2.0,4,M6,Z,10.2,7.1,8.8,32,206,6.0,7.0
2021,MINI,cooper s clubman all4,Mid-size,2.0,4,AS8,Z,10.1,7.4,8.9,32,207,6.0,7.0
2021,MINI,cooper s convertible,Minicompact,2.0,4,AM7,Z,9.1,6.9,8.1,35,191,6.0,7.0
2021,MINI,cooper s convertible,Minicompact,2.0,4,M6,Z,10.3,7.3,9.0,31,209,5.0,7.0
2021,MINI,cooper s countryman all4,Mid-size,2.0,4,AS8,Z,10.4,7.5,9.1,31,212,5.0,7.0
2021,MINI,john cooper works 3 door,Subcompact,2.0,4,AS8,Z,9.2,6.9,8.1,35,190,6.0,7.0
2021,MINI,john cooper works 3 door,Subcompact,2.0,4,M6,Z,10.2,7.1,8.8,32,206,6.0,7.0
2021,MINI,john cooper works clubman all4,Mid-size,2.0,4,AS8,Z,10.1,7.6,9.0,31,210,5.0,3.0
2021,MINI,john cooper works convertible,Minicompact,2.0,4,AS8,Z,9.4,7.1,8.3,34,194,6.0,7.0
2021,MINI,john cooper works countryman all4,Mid-size,2.0,4,AS8,Z,10.0,7.8,9.0,31,210,5.0,3.0
2021,MINI,john cooper works gp,Subcompact,2.0,4,AS8,Z,9.9,7.8,8.9,32,208,6.0,3.0
2021,Mitsubishi,mirage,Compact,1.2,3,AV,X,6.6,5.6,6.2,46,143,8.0,5.0
2021,Mitsubishi,mirage,Compact,1.2,3,M5,X,7.1,5.8,6.5,43,151,8.0,5.0
2021,Mitsubishi,rvr,Sport utility vehicle: Small,2.0,4,AV6,X,9.7,7.8,8.8,32,206,6.0,5.0
2021,Mitsubishi,rvr 4wd,Sport utility vehicle: Small,2.0,4,AV6,X,10.1,8.2,9.2,31,213,5.0,5.0
2021,Mitsubishi,rvr 4wd,Sport utility vehicle: Small,2.4,4,AV6,X,10.3,8.3,9.4,30,218,5.0,5.0
2021,Nissan,altima awd,Mid-size,2.5,4,AV,X,9.0,6.7,8.0,35,188,6.0,7.0
2021,Nissan,altima awd sr/platinum,Mid-size,2.5,4,AV,X,9.3,6.9,8.2,34,194,6.0,7.0
2021,Nissan,armada 4wd,Sport utility vehicle: Standard,5.6,8,AS7,Z,17.5,12.9,15.4,18,362,2.0,3.0
2021,Nissan,gt-r,Subcompact,3.8,6,AM6,Z,14.4,10.9,12.8,22,300,3.0,3.0
2021,Nissan,kicks,Mid-size,1.6,4,AV,X,7.7,6.6,7.2,39,169,7.0,7.0
2021,Nissan,maxima,Mid-size,3.5,6,AV7,Z,11.6,7.9,9.9,29,233,5.0,3.0
2021,Nissan,murano,Station wagon: Mid-size,3.5,6,AV7,X,11.7,8.3,10.2,28,240,5.0,5.0
2021,Nissan,murano awd,Station wagon: Mid-size,3.5,6,AV7,X,12.1,8.6,10.5,27,248,4.0,5.0
2021,Nissan,nv200 cargo van,Special purpose vehicle,2.0,4,AV,X,9.9,9.1,9.5,30,223,5.0,3.0
2021,Nissan,qashqai,Station wagon: Small,2.0,4,AV8,X,8.9,7.7,8.3,34,196,6.0,5.0
2021,Nissan,qashqai,Station wagon: Small,2.0,4,M6,X,9.9,8.0,9.0,31,212,5.0,5.0
2021,Nissan,qashqai awd,Station wagon: Small,2.0,4,AV8,X,9.2,7.9,8.6,33,202,6.0,5.0
2021,Nissan,rogue,Sport utility vehicle: Small,2.5,4,AV8,X,9.1,7.2,8.3,34,194,6.0,7.0
2021,Nissan,rogue awd,Sport utility vehicle: Small,2.5,4,AV8,X,9.2,7.2,8.3,34,195,6.0,7.0
2021,Nissan,sentra,Mid-size,2.0,4,AV,X,8.0,6.0,7.1,40,167,7.0,7.0
2021,Nissan,sentra sr,Mid-size,2.0,4,AV,X,8.2,6.2,7.3,39,171,7.0,7.0
2021,Nissan,sentra,Mid-size,2.0,4,M6,X,9.3,6.3,8.0,35,187,6.0,7.0
2021,Nissan,sentra sr,Mid-size,2.0,4,M6,X,9.4,6.5,8.1,35,190,6.0,7.0
2021,Nissan,titan 4wd,Pickup truck: Standard,5.6,8,AS9,Z,15.2,11.1,13.4,21,314,3.0,5.0
2021,Nissan,titan 4wd pro-4x,Pickup truck: Standard,5.6,8,AS9,Z,15.4,11.4,13.6,21,321,3.0,5.0
2021,Nissan,versa,Compact,1.6,4,AV,X,7.4,5.9,6.7,42,158,7.0,7.0
2021,Nissan,versa,Compact,1.6,4,M5,X,8.6,6.7,7.7,37,181,7.0,7.0
2021,Porsche,718 boxster,Two-seater,2.0,4,AM7,Z,11.0,8.7,10.0,28,233,5.0,1.0
2021,Porsche,718 boxster,Two-seater,2.0,4,M6,Z,11.7,8.9,10.5,27,245,5.0,1.0
2021,Porsche,718 boxster t,Two-seater,2.0,4,AM7,Z,11.2,8.7,10.1,28,236,5.0,1.0
2021,Porsche,718 boxster t,Two-seater,2.0,4,M6,Z,11.7,8.9,10.5,27,245,5.0,1.0
2021,Porsche,718 boxster s,Two-seater,2.5,4,AM7,Z,12.2,9.2,10.9,26,255,4.0,1.0
2021,Porsche,718 boxster s,Two-seater,2.5,4,M6,Z,12.5,9.6,11.2,25,263,4.0,1.0
2021,Porsche,718 boxster gts 4.0,Two-seater,4.0,6,AM7,Z,12.3,9.8,11.1,25,260,4.0,5.0
2021,Porsche,718 boxster gts 4.0,Two-seater,4.0,6,M6,Z,14.0,10.0,12.2,23,284,3.0,5.0
2021,Porsche,718 cayman,Two-seater,2.0,4,AM7,Z,11.0,8.7,10.0,28,233,5.0,1.0
2021,Porsche,718 cayman,Two-seater,2.0,4,M6,Z,11.7,8.9,10.5,27,245,5.0,1.0
2021,Porsche,718 cayman t,Two-seater,2.0,4,AM7,Z,11.2,8.7,10.1,28,236,5.0,1.0
2021,Porsche,718 cayman t,Two-seater,2.0,4,M6,Z,11.7,8.9,10.5,27,245,5.0,1.0
2021,Porsche,718 cayman s,Two-seater,2.5,4,AM7,Z,12.2,9.2,10.9,26,255,4.0,1.0
2021,Porsche,718 cayman s,Two-seater,2.5,4,M6,Z,12.5,9.6,11.2,25,263,4.0,1.0
2021,Porsche,718 cayman gts 4.0,Two-seater,4.0,6,AM7,Z,12.3,9.8,11.1,25,260,4.0,5.0
2021,Porsche,718 cayman gts 4.0,Two-seater,4.0,6,M6,Z,14.0,10.0,12.2,23,284,3.0,5.0
2021,Porsche,718 cayman gt4,Two-seater,4.0,6,AM7,Z,13.0,9.9,11.6,24,271,4.0,5.0
2021,Porsche,718 cayman gt4,Two-seater,4.0,6,M6,Z,14.0,10.1,12.2,23,286,3.0,5.0
2021,Porsche,718 spyder,Two-seater,4.0,6,AM7,Z,13.0,9.9,11.6,24,271,4.0,5.0
2021,Porsche,718 spyder,Two-seater,4.0,6,M6,Z,14.0,10.1,12.2,23,286,3.0,5.0
2021,Porsche,911 carrera,Minicompact,3.0,6,AM8,Z,13.1,9.8,11.6,24,275,4.0,5.0
2021,Porsche,911 carrera 4,Minicompact,3.0,6,AM8,Z,13.1,9.8,11.6,24,275,4.0,5.0
2021,Porsche,911 carrera cabriolet,Minicompact,3.0,6,AM8,Z,13.1,9.8,11.6,24,275,4.0,5.0
2021,Porsche,911 carrera 4 cabriolet,Minicompact,3.0,6,AM8,Z,13.1,9.7,11.6,24,275,4.0,5.0
2021,Porsche,911 carrera s,Minicompact,3.0,6,AM8,Z,12.9,10.2,11.7,24,274,4.0,5.0
2021,Porsche,911 carrera s,Minicompact,3.0,6,M7,Z,12.8,9.4,11.3,25,264,4.0,5.0
2021,Porsche,911 carrera 4s,Minicompact,3.0,6,AM8,Z,13.0,10.2,11.8,24,275,4.0,5.0
2021,Porsche,911 carrera 4s,Minicompact,3.0,6,M7,Z,13.8,9.3,11.8,24,275,4.0,5.0
2021,Porsche,911 carrera s cabriolet,Minicompact,3.0,6,AM8,Z,12.9,10.2,11.7,24,273,4.0,5.0
2021,Porsche,911 carrera s cabriolet,Minicompact,3.0,6,M7,Z,13.8,9.4,11.8,24,275,4.0,5.0
2021,Porsche,911 carrera 4s cabriolet,Minicompact,3.0,6,AM8,Z,12.8,10.2,11.7,24,273,4.0,5.0
2021,Porsche,911 carrera 4s cabriolet,Minicompact,3.0,6,M7,Z,13.8,9.8,12.0,24,281,4.0,5.0
2021,Porsche,911 targa 4,Minicompact,3.0,6,AM8,Z,13.1,9.8,11.6,24,275,4.0,5.0
2021,Porsche,911 targa 4s,Minicompact,3.0,6,AM8,Z,13.1,10.2,11.8,24,274,4.0,5.0
2021,Porsche,911 targa 4s,Minicompact,3.0,6,M7,Z,13.7,9.8,11.9,24,278,4.0,5.0
2021,Porsche,911 turbo,Minicompact,3.7,6,AM8,Z,15.2,11.9,13.7,21,321,3.0,5.0
2021,Porsche,911 turbo cabriolet,Minicompact,3.7,6,AM8,Z,15.6,11.8,13.9,20,324,3.0,5.0
2021,Porsche,911 turbo s,Minicompact,3.7,6,AM8,Z,15.3,11.8,13.7,21,321,3.0,5.0
2021,Porsche,911 turbo s cabriolet,Minicompact,3.7,6,AM8,Z,16.0,11.8,14.1,20,328,3.0,5.0
2021,Porsche,cayenne,Sport utility vehicle: Standard,3.0,6,AS8,Z,12.5,10.3,11.5,25,269,4.0,5.0
2021,Porsche,cayenne coupe,Sport utility vehicle: Standard,3.0,6,AS8,Z,12.7,10.3,11.6,24,271,4.0,5.0
2021,Porsche,cayenne s,Sport utility vehicle: Standard,2.9,6,AS8,Z,13.1,10.5,11.9,24,278,4.0,5.0
2021,Porsche,cayenne s coupe,Sport utility vehicle: Standard,2.9,6,AS8,Z,13.4,10.9,12.3,23,286,3.0,5.0
2021,Porsche,cayenne gts,Sport utility vehicle: Standard,4.0,8,AS8,Z,15.8,12.3,14.2,20,331,3.0,3.0
2021,Porsche,cayenne gts coupe,Sport utility vehicle: Standard,4.0,8,AS8,Z,15.2,12.4,14.0,20,326,3.0,3.0
2021,Porsche,cayenne turbo,Sport utility vehicle: Standard,4.0,8,AS8,Z,15.6,12.4,14.1,20,329,3.0,3.0
2021,Porsche,cayenne turbo coupe,Sport utility vehicle: Standard,4.0,8,AS8,Z,15.8,12.2,14.2,20,332,3.0,3.0
2021,Porsche,macan,Sport utility vehicle: Small,2.0,4,AM7,Z,12.2,10.2,11.3,25,264,4.0,5.0
2021,Porsche,macan s,Sport utility vehicle: Small,2.9,6,AM7,Z,13.1,9.6,11.5,25,274,4.0,5.0
2021,Porsche,macan gts,Sport utility vehicle: Small,2.9,6,AM7,Z,13.5,10.5,12.2,23,285,3.0,5.0
2021,Porsche,macan turbo,Sport utility vehicle: Small,2.9,6,AM7,Z,13.5,11.2,12.5,23,293,3.0,5.0
2021,Porsche,panamera,Full-size,2.9,6,AM8,Z,13.1,9.8,11.6,24,274,4.0,5.0
2021,Porsche,panamera 4,Full-size,2.9,6,AM8,Z,12.8,9.8,11.5,25,274,4.0,5.0
2021,Porsche,panamera 4 executive,Full-size,2.9,6,AM8,Z,13.8,10.2,12.2,23,289,3.0,5.0
2021,Porsche,panamera 4 st,Full-size,2.9,6,AM8,Z,12.8,10.2,11.7,24,274,4.0,5.0
2021,Porsche,panamera 4s,Full-size,2.9,6,AM8,Z,12.8,9.8,11.4,25,276,4.0,5.0
2021,Porsche,panamera 4s executive,Full-size,2.9,6,AM8,Z,13.8,10.2,12.2,23,292,3.0,5.0
2021,Porsche,panamera 4s st,Full-size,2.9,6,AM8,Z,13.8,10.2,12.2,23,292,3.0,5.0
2021,Porsche,panamera gts,Full-size,4.0,8,AM8,Z,15.7,11.2,13.7,21,323,3.0,3.0
2021,Porsche,panamera gts st,Full-size,4.0,8,AM8,Z,15.7,11.8,13.9,20,323,3.0,3.0
2021,Porsche,panamera turbo s,Full-size,4.0,8,AM8,Z,15.3,11.2,13.5,21,326,3.0,3.0
2021,Porsche,panamera turbo s executive,Full-size,4.0,8,AM8,Z,15.3,11.2,13.5,21,326,3.0,3.0
2021,Porsche,panamera turbo s st,Full-size,4.0,8,AM8,Z,15.3,11.2,13.5,21,326,3.0,3.0
2021,Ram,1500 ecodiesel,Pickup truck: Standard,3.0,6,A8,D,10.5,7.3,9.0,31,243,5.0,1.0
2021,Ram,1500 hfe ecodiesel,Pickup truck: Standard,3.0,6,A8,D,10.4,7.1,8.9,32,238,5.0,1.0
2021,Ram,1500 etorque,Pickup truck: Standard,3.6,6,A8,X,11.9,9.4,10.8,26,253,4.0,5.0
2021,Ram,1500 hfe etorque,Pickup truck: Standard,3.6,6,A8,X,11.6,9.0,10.4,27,245,5.0,5.0
2021,Ram,1500,Pickup truck: Standard,5.7,8,A8,X,16.2,10.5,13.6,21,320,3.0,5.0
2021,Ram,1500 etorque,Pickup truck: Standard,5.7,8,A8,X,14.1,10.3,12.4,23,290,3.0,5.0
2021,Ram,1500 4x4 ecodiesel,Pickup truck: Standard,3.0,6,A8,D,11.1,8.0,9.7,29,260,4.0,1.0
2021,Ram,1500 4x4 etorque,Pickup truck: Standard,3.6,6,A8,X,12.1,9.7,11.0,26,259,4.0,5.0
2021,Ram,1500 4x4,Pickup truck: Standard,5.7,8,A8,X,16.1,11.0,13.8,20,325,3.0,5.0
2021,Ram,1500 4x4 etorque,Pickup truck: Standard,5.7,8,A8,X,14.0,10.7,12.5,23,294,3.0,5.0
2021,Ram,1500 4x4 trx,Pickup truck: Standard,6.2,8,A8,Z,22.4,16.5,19.8,14,465,1.0,1.0
2021,Ram,1500 classic,Pickup truck: Standard,3.6,6,A8,X,13.9,9.6,11.9,24,280,4.0,3.0
2021,Ram,1500 classic,Pickup truck: Standard,5.7,8,A8,X,15.7,11.0,13.6,21,319,3.0,3.0
2021,Ram,1500 classic 4x4,Pickup truck: Standard,3.6,6,A8,X,14.5,10.2,12.6,22,294,3.0,3.0
2021,Ram,1500 classic 4x4,Pickup truck: Standard,5.7,8,A8,X,16.2,11.6,14.1,20,330,3.0,3.0
2021,Ram,promaster city,Special purpose vehicle,2.4,4,A9,X,11.2,8.3,9.9,29,232,5.0,6.0
2021,Rolls-Royce,cullinan,Station wagon: Mid-size,6.7,12,AS8,Z,20.1,12.1,16.5,17,386,1.0,3.0
2021,Rolls-Royce,cullinan black badge,Station wagon: Mid-size,6.7,12,AS8,Z,20.1,12.1,16.5,17,386,1.0,3.0
2021,Rolls-Royce,dawn,Compact,6.6,12,AS8,Z,20.7,13.4,17.4,16,408,1.0,3.0
2021,Rolls-Royce,dawn black badge,Compact,6.6,12,AS8,Z,20.7,13.4,17.4,16,408,1.0,3.0
2021,Rolls-Royce,ghost,Full-size,6.7,12,AS8,Z,19.9,12.7,16.7,17,387,1.0,3.0
2021,Rolls-Royce,ghost ewb,Full-size,6.7,12,AS8,Z,19.9,12.7,16.7,17,387,1.0,3.0
2021,Rolls-Royce,phantom,Full-size,6.7,12,AS8,Z,20.0,11.8,16.3,17,382,1.0,3.0
2021,Rolls-Royce,phantom ewb,Full-size,6.7,12,AS8,Z,20.0,11.8,16.3,17,382,1.0,3.0
2021,Rolls-Royce,wraith,Mid-size,6.6,12,AS8,Z,19.6,12.8,16.5,17,387,1.0,3.0
2021,Rolls-Royce,wraith black badge,Mid-size,6.6,12,AS8,Z,19.6,12.8,16.5,17,387,1.0,3.0
2021,Subaru,ascent awd,Sport utility vehicle: Standard,2.4,4,AV8,X,11.6,9.0,10.4,27,244,5.0,3.0
2021,Subaru,crosstrek awd,Sport utility vehicle: Small,2.0,4,AV8,X,8.5,7.0,7.9,36,185,6.0,6.0
2021,Subaru,crosstrek awd,Sport utility vehicle: Small,2.0,4,M6,X,10.5,8.1,9.4,30,220,5.0,6.0
2021,Subaru,crosstrek awd,Sport utility vehicle: Small,2.5,4,AV8,X,8.8,7.0,8.0,35,188,6.0,6.0
2021,Subaru,forester awd,Sport utility vehicle: Small,2.5,4,AV7,X,9.0,7.2,8.2,34,192,6.0,6.0
2021,Subaru,impreza 4-door awd,Mid-size,2.0,4,AV7,X,8.3,6.4,7.5,38,174,7.0,6.0
2021,Subaru,impreza 4-door awd,Mid-size,2.0,4,M5,X,10.1,7.6,9.0,31,210,5.0,6.0
2021,Subaru,impreza 5-door awd,Station wagon: Small,2.0,4,AV7,X,8.4,6.6,7.6,37,178,7.0,6.0
2021,Subaru,impreza 5-door awd,Station wagon: Small,2.0,4,M5,X,10.1,7.7,9.0,31,211,5.0,6.0
2021,Subaru,legacy awd,Full-size,2.4,4,AV8,X,9.9,7.3,8.7,32,205,6.0,3.0
2021,Subaru,legacy awd,Full-size,2.5,4,AV8,X,8.9,6.7,7.9,36,184,6.0,6.0
2021,Subaru,outback awd,Sport utility vehicle: Small,2.4,4,AV8,X,10.1,7.9,9.1,31,213,5.0,3.0
2021,Subaru,outback awd,Sport utility vehicle: Small,2.5,4,AV8,X,9.0,7.1,8.2,34,192,6.0,6.0
2021,Subaru,wrx awd,Compact,2.0,4,AV8,Z,12.9,9.7,11.5,25,269,4.0,1.0
2021,Subaru,wrx awd,Compact,2.0,4,M6,Z,11.7,8.7,10.4,27,243,5.0,1.0
2021,Subaru,wrx sti awd,Compact,2.5,4,M6,Z,14.4,10.8,12.8,22,301,3.0,1.0
2021,Toyota,4runner 4wd,Sport utility vehicle: Standard,4.0,6,AS5,X,14.8,12.5,13.8,20,321,3.0,5.0
2021,Toyota,4runner 4wd (part-time 4wd),Sport utility vehicle: Standard,4.0,6,AS5,X,14.8,12.5,13.8,20,321,3.0,5.0
2021,Toyota,avalon,Mid-size,3.5,6,AS8,X,10.9,7.7,9.5,30,221,5.0,5.0
2021,Toyota,avalon awd,Mid-size,2.5,4,AS8,X,9.5,7.0,8.4,34,197,6.0,6.0
2021,Toyota,c-hr,Compact,2.0,4,AS7,X,8.7,7.5,8.2,34,189,6.0,3.0
2021,Toyota,camry le/se,Mid-size,2.5,4,AS8,X,8.5,6.1,7.4,38,173,7.0,7.0
2021,Toyota,camry xle/xse,Mid-size,2.5,4,AS8,X,8.6,6.3,7.6,37,177,7.0,7.0
2021,Toyota,camry,Mid-size,3.5,6,AS8,X,10.5,7.1,9.0,31,210,5.0,5.0
2021,Toyota,camry xse,Mid-size,3.5,6,AS8,X,10.7,7.4,9.2,31,215,5.0,5.0
2021,Toyota,camry trd,Mid-size,3.5,6,AS8,X,10.8,7.6,9.4,30,220,5.0,5.0
2021,Toyota,camry awd le/se,Mid-size,2.5,4,AS8,X,9.3,6.8,8.2,34,190,6.0,6.0
2021,Toyota,camry awd xle/xse,Mid-size,2.5,4,AS8,X,9.5,7.0,8.4,34,197,6.0,6.0
2021,Toyota,camry hybrid le,Mid-size,2.5,4,AV,X,4.9,4.8,4.9,58,113,9.0,7.0
2021,Toyota,camry hybrid se/xle/xse,Mid-size,2.5,4,AV,X,5.3,5.0,5.1,55,121,9.0,7.0
2021,Toyota,corolla,Compact,1.8,4,AV,X,7.9,6.1,7.1,40,165,7.0,5.0
2021,Toyota,corolla xle,Compact,1.8,4,AV,X,8.1,6.3,7.3,39,170,7.0,5.0
2021,Toyota,corolla,Compact,1.8,4,M6,X,8.0,6.0,7.1,40,165,7.0,5.0
2021,Toyota,corolla,Compact,2.0,4,AV10,X,7.6,5.9,6.8,42,159,7.0,7.0
2021,Toyota,corolla xse,Compact,2.0,4,AV10,X,7.7,6.1,7.0,40,164,7.0,7.0
2021,Toyota,corolla,Compact,2.0,4,M6,X,8.2,6.5,7.4,38,173,7.0,7.0
2021,Toyota,corolla apex edition,Compact,2.0,4,AV10,X,7.7,6.2,7.0,40,164,7.0,7.0
2021,Toyota,corolla apex edition,Compact,2.0,4,M6,X,8.4,6.6,7.5,38,178,7.0,7.0
2021,Toyota,corolla hatchback,Compact,2.0,4,AV10,X,7.5,5.8,6.7,42,158,7.0,7.0
2021,Toyota,corolla hatchback,Compact,2.0,4,M6,X,8.4,6.7,7.6,37,179,7.0,7.0
2021,Toyota,corolla hybrid,Compact,1.8,4,AV,X,4.4,4.5,4.5,63,106,9.0,7.0
2021,Toyota,gr supra 2.0,Two-seater,2.0,4,AS8,Z,9.4,7.3,8.4,34,197,6.0,7.0
2021,Toyota,gr supra 3.0,Two-seater,3.0,6,AS8,Z,10.6,8.0,9.4,30,218,5.0,5.0
2021,Toyota,highlander,Sport utility vehicle: Small,3.5,6,AS8,X,11.9,8.3,10.3,27,240,5.0,5.0
2021,Toyota,highlander awd,Sport utility vehicle: Small,3.5,6,AS8,X,11.8,8.6,10.3,27,241,5.0,5.0
2021,Toyota,highlander hybrid awd,Sport utility vehicle: Standard,2.5,4,AV,X,6.7,6.8,6.7,42,158,7.0,7.0
2021,Toyota,highlander hybrid awd limited/platinum,Sport utility vehicle: Standard,2.5,4,AV,X,6.6,6.8,6.7,42,156,7.0,7.0
2021,Toyota,prius,Mid-size,1.8,4,AV,X,4.4,4.7,4.5,63,106,9.0,7.0
2021,Toyota,prius awd,Mid-size,1.8,4,AV,X,4.6,5.0,4.8,59,111,9.0,7.0
2021,Toyota,rav4,Sport utility vehicle: Small,2.5,4,AS8,X,8.8,6.8,7.9,36,184,6.0,6.0
2021,Toyota,rav4 (stop/start),Sport utility vehicle: Small,2.5,4,AS8,X,8.5,6.8,7.7,37,180,7.0,6.0
2021,Toyota,rav4 awd,Sport utility vehicle: Small,2.5,4,AS8,X,9.4,7.1,8.4,34,195,6.0,6.0
2021,Toyota,rav4 awd (stop/start),Sport utility vehicle: Small,2.5,4,AS8,X,8.8,7.1,8.0,35,187,6.0,6.0
2021,Toyota,rav4 awd le,Sport utility vehicle: Small,2.5,4,AS8,X,8.7,6.9,7.9,36,184,6.0,6.0
2021,Toyota,rav4 awd trd off-road,Sport utility vehicle: Small,2.5,4,AS8,X,9.5,7.4,8.5,33,200,6.0,6.0
2021,Toyota,rav4 hybrid awd,Sport utility vehicle: Small,2.5,4,AV,X,5.8,6.3,6.0,47,140,8.0,7.0
2021,Toyota,sequoia 4wd,Sport utility vehicle: Standard,5.7,8,AS6,X,18.5,13.9,16.4,17,384,1.0,5.0
2021,Toyota,sienna,Minivan,2.5,4,AV,X,6.6,6.5,6.5,43,153,8.0,7.0
2021,Toyota,sienna awd,Minivan,2.5,4,AV,X,6.8,6.6,6.7,42,157,7.0,7.0
2021,Toyota,tacoma 4wd,Pickup truck: Small,3.5,6,AS6,X,13.0,10.5,11.8,24,278,4.0,5.0
2021,Toyota,tacoma 4wd,Pickup truck: Small,3.5,6,M6,X,13.8,11.4,12.7,22,299,3.0,5.0
2021,Toyota,tacoma 4wd d-cab trd off-road/pro,Pickup truck: Small,3.5,6,M6,X,13.8,11.7,12.9,22,300,3.0,5.0
2021,Toyota,tundra,Pickup truck: Standard,5.7,8,AS6,X,17.7,13.6,15.9,18,371,2.0,5.0
2021,Toyota,tundra 4wd,Pickup truck: Standard,5.7,8,AS6,X,18.0,14.2,16.3,17,382,1.0,5.0
2021,Toyota,venza awd,Sport utility vehicle: Small,2.5,4,AV,X,5.9,6.4,6.1,46,141,8.0,7.0
2021,Volkswagen,arteon 4motion,Full-size,2.0,4,AS8,Z,11.6,7.7,9.8,29,230,5.0,3.0
2021,Volkswagen,atlas 4motion,Sport utility vehicle: Small,2.0,4,AS8,X,11.7,9.9,10.9,26,256,4.0,3.0
2021,Volkswagen,atlas 4motion,Sport utility vehicle: Standard,3.6,6,AS8,X,14.6,10.9,12.9,22,301,3.0,5.0
2021,Volkswagen,atlas cross sport 4motion,Sport utility vehicle: Small,2.0,4,AS8,X,11.7,10.0,10.9,26,257,4.0,3.0
2021,Volkswagen,atlas cross sport 4motion,Sport utility vehicle: Small,3.6,6,AS8,X,13.8,10.4,12.3,23,289,3.0,5.0
2021,Volkswagen,golf,Compact,1.4,4,AS8,X,8.2,6.5,7.5,38,174,7.0,7.0
2021,Volkswagen,golf,Compact,1.4,4,M6,X,8.0,6.1,7.1,40,166,7.0,7.0
2021,Volkswagen,golf gti,Compact,2.0,4,AM7,X,9.7,7.3,8.6,33,201,6.0,7.0
2021,Volkswagen,golf gti,Compact,2.0,4,M6,X,10.1,7.9,9.1,31,213,5.0,7.0
2021,Volkswagen,jetta,Compact,1.4,4,AS8,X,8.0,6.0,7.1,40,165,7.0,7.0
2021,Volkswagen,jetta,Compact,1.4,4,M6,X,7.9,5.8,6.9,41,162,7.0,7.0
2021,Volkswagen,jetta gli,Compact,2.0,4,AM7,X,9.7,6.8,8.4,34,195,6.0,7.0
2021,Volkswagen,jetta gli,Compact,2.0,4,M6,X,9.7,7.0,8.5,33,198,6.0,7.0
2021,Volkswagen,passat,Mid-size,2.0,4,AS6,X,9.8,6.6,8.3,34,195,6.0,7.0
2021,Volkswagen,tiguan,Sport utility vehicle: Small,2.0,4,AS8,X,10.4,8.1,9.4,30,219,5.0,7.0
2021,Volkswagen,tiguan 4motion,Sport utility vehicle: Small,2.0,4,AS8,X,11.0,8.6,9.9,29,232,5.0,7.0
2021,Volvo,s60 t5,Compact,2.0,4,AS8,Z,10.0,6.8,8.6,33,200,6.0,5.0
2021,Volvo,s60 t5 awd,Compact,2.0,4,AS8,Z,10.8,7.2,9.2,31,215,5.0,5.0
2021,Volvo,s60 t6 awd,Compact,2.0,4,AS8,Z,11.0,7.4,9.4,30,219,5.0,7.0
2021,Volvo,s90 t6 awd,Mid-size,2.0,4,AS8,Z,11.3,7.5,9.6,29,224,5.0,7.0
2021,Volvo,v60 t5,Station wagon: Small,2.0,4,AS8,Z,10.0,6.8,8.6,33,200,6.0,5.0
2021,Volvo,v60 t6 awd,Station wagon: Small,2.0,4,AS8,Z,11.3,7.5,9.6,29,224,5.0,7.0
2021,Volvo,v60 cc t5 awd,Station wagon: Small,2.0,4,AS8,Z,10.8,7.7,9.4,30,220,5.0,5.0
2021,Volvo,xc40 t4 awd,Sport utility vehicle: Small,2.0,4,AS8,X,10.7,7.6,9.3,30,217,5.0,5.0
2021,Volvo,xc40 t5 awd,Sport utility vehicle: Small,2.0,4,AS8,Z,10.7,7.7,9.4,30,219,5.0,5.0
2021,Volvo,xc60 t5 awd,Sport utility vehicle: Small,2.0,4,AS8,Z,11.1,8.3,9.9,29,230,5.0,5.0
2021,Volvo,xc60 t6 awd,Sport utility vehicle: Small,2.0,4,AS8,Z,11.7,8.6,10.3,27,240,5.0,7.0
2021,Volvo,xc90 t5 awd,Sport utility vehicle: Standard,2.0,4,AS8,Z,11.5,8.4,10.1,28,236,5.0,5.0
2021,Volvo,xc90 t6 awd,Sport utility vehicle: Standard,2.0,4,AS8,Z,12.1,8.5,10.5,27,245,5.0,7.0
2022,Acura,ilx,Compact,2.4,4,AM8,Z,9.9,7.0,8.6,33,200,6.0,3.0
2022,Acura,mdx sh-awd,Sport utility vehicle: Small,3.5,6,AS10,Z,12.6,9.4,11.2,25,263,4.0,5.0
2022,Acura,mdx type s,Sport utility vehicle: Standard,3.0,6,AS10,Z,13.8,11.2,12.4,23,291,4.0,5.0
2022,Acura,nsx,Two-seater,3.5,6,AM9,Z,11.1,10.8,11.0,26,256,5.0,3.0
2022,Acura,rdx sh-awd,Sport utility vehicle: Small,2.0,4,AS10,Z,11.0,8.6,9.9,29,232,5.0,6.0
2022,Acura,rdx sh-awd a-spec,Sport utility vehicle: Small,2.0,4,AS10,Z,11.3,9.1,10.3,27,242,5.0,6.0
2022,Acura,tlx sh-awd,Compact,2.0,4,AS10,Z,11.2,8.0,9.8,29,230,5.0,7.0
2022,Acura,tlx sh-awd a-spec,Compact,2.0,4,AS10,Z,11.3,8.1,9.8,29,231,5.0,7.0
2022,Acura,tlx type s,Compact,3.0,6,AS10,Z,12.3,9.4,11.0,26,256,5.0,5.0
2022,Acura,tlx type s (performance tire),Compact,3.0,6,AS10,Z,12.3,9.8,11.2,25,261,4.0,5.0
2022,Alfa Romeo,giulia,Mid-size,2.0,4,A8,Z,10.0,7.2,8.7,32,205,6.0,3.0
2022,Alfa Romeo,giulia awd,Mid-size,2.0,4,A8,Z,10.5,7.7,9.2,31,217,5.0,3.0
2022,Alfa Romeo,giulia quadrifoglio,Mid-size,2.9,6,A8,Z,13.5,9.3,11.6,24,271,4.0,3.0
2022,Alfa Romeo,stelvio,Sport utility vehicle: Small,2.0,4,A8,Z,10.3,8.1,9.3,30,218,5.0,3.0
2022,Alfa Romeo,stelvio awd,Sport utility vehicle: Small,2.0,4,A8,Z,10.8,8.3,9.6,29,226,5.0,3.0
2022,Alfa Romeo,stelvio awd quadrifoglio,Sport utility vehicle: Small,2.9,6,A8,Z,13.9,10.3,12.3,23,288,4.0,3.0
2022,Aston Martin,db11 v8,Minicompact,4.0,8,A8,Z,13.0,9.8,11.5,25,271,4.0,5.0
2022,Aston Martin,db11 v12,Minicompact,5.2,12,A8,Z,16.4,10.7,13.8,20,324,3.0,3.0
2022,Aston Martin,dbs v12,Minicompact,5.2,12,A8,Z,16.4,10.7,13.8,20,324,3.0,3.0
2022,Aston Martin,dbx v8,Sport utility vehicle: Standard,4.0,8,A9,Z,16.8,11.9,14.6,19,343,3.0,5.0
2022,Aston Martin,vantage v8,Two-seater,4.0,8,A8,Z,13.1,9.6,11.5,25,270,4.0,5.0
2022,Audi,a3 sedan 40 tfsi quattro,Subcompact,2.0,4,AM7,X,8.5,6.6,7.6,37,178,7.0,7.0
2022,Audi,a4 sedan 40 tfsi quattro,Compact,2.0,4,AM7,Z,9.1,7.0,8.2,34,190,6.0,5.0
2022,Audi,a4 sedan 45 tfsi quattro,Compact,2.0,4,AM7,Z,9.8,7.6,8.8,32,205,6.0,5.0
2022,Audi,a4 allroad 45 tfsi quattro,Station wagon: Small,2.0,4,AM7,Z,9.8,7.9,8.9,32,208,6.0,5.0
2022,Audi,a5 cabriolet 45 tfsi quattro,Subcompact,2.0,4,AM7,Z,10.4,7.5,9.1,31,214,5.0,5.0
2022,Audi,a5 coupe 45 tfsi quattro,Subcompact,2.0,4,AM7,Z,9.8,7.6,8.8,32,205,6.0,5.0
2022,Audi,a5 sportback 45 tfsi quattro,Mid-size,2.0,4,AM7,Z,9.8,7.6,8.8,32,205,6.0,5.0
2022,Audi,a6 sedan 45 tfsi quattro,Mid-size,2.0,4,AM7,Z,10.2,7.4,8.9,32,208,6.0,5.0
2022,Audi,a6 sedan 55 tfsi quattro,Mid-size,3.0,6,AM7,Z,11.1,7.8,9.6,29,224,5.0,5.0
2022,Audi,a6 allroad 55 tfsi quattro,Station wagon: Mid-size,3.0,6,AM7,Z,11.5,8.3,10.0,28,234,5.0,5.0
2022,Audi,a7 sportback 55 tfsi quattro,Mid-size,3.0,6,AM7,Z,11.1,7.8,9.6,29,224,5.0,5.0
2022,Audi,a8 l sedan 55 tfsi quattro,Full-size,3.0,6,AS8,Z,12.6,8.3,10.6,27,248,5.0,5.0
2022,Audi,q3 40 tfsi quattro,Sport utility vehicle: Small,2.0,4,AS8,X,10.4,7.7,9.2,31,215,5.0,7.0
2022,Audi,q3 45 tfsi quattro,Sport utility vehicle: Small,2.0,4,AS8,X,11.4,8.3,10.0,28,233,5.0,7.0
2022,Audi,q5 40 tfsi quattro,Sport utility vehicle: Small,2.0,4,AM7,Z,10.3,8.1,9.3,30,217,5.0,5.0
2022,Audi,q5 45 tfsi quattro,Sport utility vehicle: Small,2.0,4,AM7,Z,10.3,8.4,9.4,30,220,5.0,5.0
2022,Audi,q5 sportback 45 tfsi quattro,Sport utility vehicle: Small,2.0,4,AM7,Z,10.3,8.4,9.4,30,220,5.0,5.0
2022,Audi,q7 45 tfsi quattro,Sport utility vehicle: Standard,2.0,4,AS8,Z,12.0,9.4,10.8,26,252,5.0,3.0
2022,Audi,q7 55 tfsi quattro,Sport utility vehicle: Standard,3.0,6,AS8,Z,12.8,10.5,11.7,24,273,4.0,5.0
2022,Audi,q8 55 tfsi quattro,Sport utility vehicle: Standard,3.0,6,AS8,Z,12.8,10.5,11.7,24,273,4.0,5.0
2022,Audi,r8 coupe performance,Two-seater,5.2,10,AM7,Z,16.7,10.3,13.8,20,322,3.0,1.0
2022,Audi,r8 coupe performance quattro,Two-seater,5.2,10,AM7,Z,17.9,12.1,15.3,18,356,3.0,1.0
2022,Audi,r8 spyder performance,Two-seater,5.2,10,AM7,Z,16.7,10.3,13.8,20,322,3.0,1.0
2022,Audi,r8 spyder performance quattro,Two-seater,5.2,10,AM7,Z,17.9,12.1,15.3,18,356,3.0,1.0
2022,Audi,rs 5 coupe quattro,Subcompact,2.9,6,AS8,Z,13.0,9.4,11.4,25,267,4.0,5.0
2022,Audi,rs 5 sportback quattro,Mid-size,2.9,6,AS8,Z,13.1,9.4,11.4,25,268,4.0,5.0
2022,Audi,rs 6 avant quattro,Station wagon: Mid-size,4.0,8,AS8,Z,16.1,10.7,13.7,21,319,3.0,3.0
2022,Audi,rs 7 sportback quattro,Mid-size,4.0,8,AS8,Z,16.0,10.5,13.5,21,315,3.0,3.0
2022,Audi,rs q8 quattro,Sport utility vehicle: Standard,4.0,8,AS8,Z,18.0,12.3,15.4,18,360,2.0,3.0
2022,Audi,s3 sedan quattro,Subcompact,2.0,4,AM7,Z,10.0,7.2,8.8,32,206,6.0,5.0
2022,Audi,s4 sedan quattro,Compact,3.0,6,AS8,Z,11.1,8.0,9.7,29,227,5.0,5.0
2022,Audi,s5 cabriolet quattro,Subcompact,3.0,6,AS8,Z,11.3,8.4,10.0,28,233,5.0,5.0
2022,Audi,s5 coupe quattro,Subcompact,3.0,6,AS8,Z,11.1,8.0,9.7,29,227,5.0,5.0
2022,Audi,s5 sportback quattro,Mid-size,3.0,6,AS8,Z,11.1,8.0,9.7,29,227,5.0,5.0
2022,Audi,s6 sedan quattro,Mid-size,2.9,6,AS8,Z,12.8,8.5,10.9,26,254,5.0,5.0
2022,Audi,s7 sportback quattro,Mid-size,2.9,6,AS8,Z,12.8,8.5,10.9,26,254,5.0,5.0
2022,Audi,s8 sedan quattro,Full-size,4.0,8,AS8,Z,16.9,10.2,13.8,20,323,3.0,3.0
2022,Audi,sq5 quattro,Sport utility vehicle: Small,3.0,6,AS8,Z,12.5,9.7,11.2,25,262,4.0,5.0
2022,Audi,sq5 sportback quattro,Sport utility vehicle: Small,3.0,6,AS8,Z,12.5,9.7,11.2,25,262,4.0,5.0
2022,Audi,sq7 quattro,Sport utility vehicle: Standard,4.0,8,AS8,Z,16.0,11.4,13.9,20,325,3.0,3.0
2022,Audi,sq8 quattro,Sport utility vehicle: Standard,4.0,8,AS8,Z,16.0,11.4,13.9,20,325,3.0,3.0
2022,Audi,tt coupe 45 tfsi quattro,Subcompact,2.0,4,AM7,X,10.5,7.9,9.4,30,218,5.0,7.0
2022,Audi,tt roadster 45 tfsi quattro,Two-seater,2.0,4,AM7,X,10.5,7.9,9.4,30,218,5.0,7.0
2022,Audi,tts coupe quattro,Subcompact,2.0,4,AM7,Z,10.0,7.7,9.0,31,209,5.0,3.0
2022,Bentley,bentayga,Sport utility vehicle: Standard,4.0,8,AS8,Z,15.8,9.9,13.2,21,309,3.0,3.0
2022,Bentley,bentayga speed,Sport utility vehicle: Standard,6.0,12,AS8,Z,19.0,13.0,16.3,17,383,2.0,3.0
2022,Bentley,continental gt,Subcompact,4.0,8,AM8,Z,14.9,9.0,12.2,23,287,4.0,3.0
2022,Bentley,continental gt convertible,Minicompact,4.0,8,AM8,Z,15.2,9.2,12.5,23,294,4.0,3.0
2022,Bentley,continental gt speed,Subcompact,6.0,12,AM8,Z,19.6,12.0,16.2,17,379,2.0,3.0
2022,Bentley,continental gt convertible speed,Minicompact,6.0,12,AM8,Z,20.3,12.9,17.0,17,395,2.0,3.0
2022,Bentley,flying spur,Mid-size,4.0,8,AM8,Z,15.5,11.6,13.7,21,323,3.0,3.0
2022,Bentley,flying spur,Mid-size,6.0,12,AM8,Z,19.2,12.2,16.0,18,373,2.0,3.0
2022,BMW,330i xdrive sedan,Compact,2.0,4,AS8,Z,9.5,6.9,8.3,34,195,6.0,7.0
2022,BMW,430i xdrive cabriolet,Subcompact,2.0,4,AS8,Z,10.0,7.1,8.7,32,202,6.0,7.0
2022,BMW,430i xdrive coupe,Subcompact,2.0,4,AS8,Z,10.0,7.1,8.7,32,202,6.0,7.0
2022,BMW,530i xdrive sedan,Mid-size,2.0,4,AS8,Z,10.1,7.4,8.9,32,206,6.0,7.0
2022,BMW,540i xdrive sedan,Full-size,3.0,6,AS8,Z,10.5,8.1,9.4,30,219,5.0,5.0
2022,BMW,750i xdrive sedan,Full-size,4.4,8,AS8,Z,13.9,9.6,12.0,24,279,4.0,3.0
2022,BMW,750li xdrive sedan,Full-size,4.4,8,AS8,Z,13.9,9.6,12.0,24,279,4.0,3.0
2022,BMW,alpina b7,Full-size,4.4,8,AS8,Z,13.9,9.6,12.0,24,279,4.0,3.0
2022,BMW,alpina b8 gran coupe,Mid-size,4.4,8,AS8,Z,13.9,9.6,12.0,24,279,4.0,3.0
2022,BMW,alpina xb7,Sport utility vehicle: Standard,4.4,8,AS8,Z,15.7,11.5,13.8,20,321,3.0,3.0
2022,BMW,m235i xdrive gran coupe,Compact,2.0,4,AS8,Z,10.4,7.8,9.2,31,214,5.0,3.0
2022,BMW,m240i xdrive coupe,Subcompact,3.0,6,AS8,Z,10.4,7.5,9.1,31,212,5.0,5.0
2022,BMW,m3 sedan,Compact,3.0,6,M6,Z,14.7,10.1,12.6,22,293,4.0,5.0
2022,BMW,m3 competition sedan,Compact,3.0,6,AS8,Z,14.5,10.2,12.6,22,292,4.0,5.0
2022,BMW,m3 competition sedan m xdrive,Compact,3.0,6,AS8,Z,14.6,10.5,12.7,22,296,4.0,5.0
2022,BMW,m340i xdrive sedan,Compact,3.0,6,AS8,Z,10.4,7.7,9.2,31,214,5.0,5.0
2022,BMW,m4 competition cabriolet m xdrive,Subcompact,3.0,6,AS8,Z,15.1,10.4,12.9,22,301,3.0,5.0
2022,BMW,m4 coupe,Subcompact,3.0,6,M6,Z,14.7,10.1,12.6,22,293,4.0,5.0
2022,BMW,m4 competition coupe,Subcompact,3.0,6,AS8,Z,14.5,10.2,12.6,22,292,4.0,5.0
2022,BMW,m4 competition coupe m xdrive,Subcompact,3.0,6,AS8,Z,14.6,10.5,12.7,22,296,4.0,5.0
2022,BMW,m440i xdrive cabriolet,Subcompact,3.0,6,AS8,Z,10.4,7.4,9.1,31,211,5.0,5.0
2022,BMW,m440i xdrive coupe,Subcompact,3.0,6,AS8,Z,10.4,7.7,9.2,31,214,5.0,5.0
2022,BMW,m440i xdrive gran coupe,Compact,3.0,6,AS8,Z,10.9,8.0,9.6,29,224,5.0,5.0
2022,BMW,m5 sedan,Mid-size,4.4,8,AS8,Z,16.1,11.0,13.8,20,322,3.0,3.0
2022,BMW,m5 competition,Mid-size,4.4,8,AS8,Z,16.1,11.0,13.8,20,322,3.0,3.0
2022,BMW,m5 cs,Mid-size,4.4,8,AS8,Z,16.1,11.0,13.8,20,322,3.0,3.0
2022,BMW,m550i xdrive sedan,Mid-size,4.4,8,AS8,Z,13.5,9.3,11.6,24,271,4.0,3.0
2022,BMW,m760i xdrive sedan,Full-size,6.6,12,AS8,Z,17.8,11.9,15.1,19,354,3.0,3.0
2022,BMW,m8 cabriolet,Subcompact,4.4,8,AS8,Z,16.1,11.0,13.8,20,322,3.0,3.0
2022,BMW,m8 cabriolet competition,Subcompact,4.4,8,AS8,Z,16.1,11.0,13.8,20,322,3.0,3.0
2022,BMW,m8 coupe,Subcompact,4.4,8,AS8,Z,16.1,11.0,13.8,20,322,3.0,3.0
2022,BMW,m8 coupe competition,Subcompact,4.4,8,AS8,Z,16.1,11.0,13.8,20,322,3.0,3.0
2022,BMW,m8 gran coupe,Mid-size,4.4,8,AS8,Z,16.1,11.0,13.8,20,322,3.0,3.0
2022,BMW,m8 gran coupe competition,Mid-size,4.4,8,AS8,Z,16.1,11.0,13.8,20,322,3.0,3.0
2022,BMW,m850i xdrive cabriolet,Subcompact,4.4,8,AS8,Z,13.9,9.6,12.0,24,279,4.0,3.0
2022,BMW,m850i xdrive coupe,Subcompact,4.4,8,AS8,Z,13.5,9.3,11.6,24,271,4.0,3.0
2022,BMW,m850i xdrive gran coupe,Mid-size,4.4,8,AS8,Z,13.9,9.6,12.0,24,279,4.0,3.0
2022,BMW,x1 xdrive28i,Sport utility vehicle: Small,2.0,4,AS8,Z,10.3,7.7,9.1,31,213,5.0,7.0
2022,BMW,x2 xdrive28i,Sport utility vehicle: Small,2.0,4,AS8,Z,9.9,7.6,8.8,32,207,6.0,7.0
2022,BMW,x2 m35i,Sport utility vehicle: Small,2.0,4,AS8,Z,9.9,7.6,8.9,32,207,6.0,3.0
2022,BMW,x3 xdrive30i,Sport utility vehicle: Small,2.0,4,AS8,Z,11.0,8.5,9.9,29,230,5.0,7.0
2022,BMW,x3 m,Sport utility vehicle: Small,3.0,6,AS8,Z,15.7,11.7,13.9,20,323,3.0,3.0
2022,BMW,x3 m competition,Sport utility vehicle: Small,3.0,6,AS8,Z,15.7,11.7,13.9,20,323,3.0,3.0
2022,BMW,x3 m40i,Sport utility vehicle: Small,3.0,6,AS8,Z,11.2,9.1,10.3,27,241,5.0,5.0
2022,BMW,x4 xdrive30i,Sport utility vehicle: Small,2.0,4,AS8,Z,11.0,8.5,9.9,29,230,5.0,7.0
2022,BMW,x4 m,Sport utility vehicle: Small,3.0,6,AS8,Z,15.7,11.7,13.9,20,323,3.0,3.0
2022,BMW,x4 m competition,Sport utility vehicle: Small,3.0,6,AS8,Z,15.7,11.7,13.9,20,323,3.0,3.0
2022,BMW,x4 m40i,Sport utility vehicle: Small,3.0,6,AS8,Z,11.2,9.1,10.3,27,241,5.0,5.0
2022,BMW,x5 xdrive40i,Sport utility vehicle: Standard,3.0,6,AS8,Z,11.3,9.2,10.4,27,241,5.0,3.0
2022,BMW,x5 m,Sport utility vehicle: Standard,4.4,8,AS8,Z,17.9,13.0,15.7,18,364,2.0,3.0
2022,BMW,x5 m competition,Sport utility vehicle: Standard,4.4,8,AS8,Z,17.9,13.0,15.7,18,364,2.0,3.0
2022,BMW,x5 m50i,Sport utility vehicle: Standard,4.4,8,AS8,Z,14.4,10.6,12.7,22,302,3.0,3.0
2022,BMW,x6 xdrive40i,Sport utility vehicle: Standard,3.0,6,AS8,Z,11.3,9.2,10.4,27,241,5.0,3.0
2022,BMW,x6 m,Sport utility vehicle: Standard,4.4,8,AS8,Z,17.9,13.0,15.7,18,364,2.0,3.0
2022,BMW,x6 m competition,Sport utility vehicle: Standard,4.4,8,AS8,Z,17.9,13.0,15.7,18,364,2.0,3.0
2022,BMW,x6 m50i,Sport utility vehicle: Standard,4.4,8,AS8,Z,14.4,10.6,12.7,22,302,3.0,3.0
2022,BMW,x7 xdrive40i,Sport utility vehicle: Standard,3.0,6,AS8,Z,12.1,9.8,11.1,25,256,5.0,3.0
2022,BMW,x7 m50i,Sport utility vehicle: Standard,4.4,8,AS8,Z,15.7,11.5,13.8,20,321,3.0,3.0
2022,BMW,z4 sdrive30i,Two-seater,2.0,4,AS8,Z,9.4,7.4,8.5,33,199,6.0,7.0
2022,BMW,z4 m40i,Two-seater,3.0,6,AS8,Z,10.8,8.1,9.6,29,223,5.0,5.0
2022,Bugatti,chiron,Two-seater,8.0,16,AM7,Z,26.8,16.6,22.2,13,522,1.0,1.0
2022,Bugatti,chiron pur sport,Two-seater,8.0,16,AM7,Z,30.3,20.9,26.1,11,608,1.0,1.0
2022,Bugatti,chiron super sport,Two-seater,8.0,16,AM7,Z,30.3,20.9,26.1,11,608,1.0,1.0
2022,Buick,enclave,Sport utility vehicle: Standard,3.6,6,A9,X,13.0,9.1,11.2,25,263,4.0,6.0
2022,Buick,enclave awd,Sport utility vehicle: Standard,3.6,6,A9,X,13.6,9.6,11.8,24,277,4.0,6.0
2022,Buick,encore,Sport utility vehicle: Small,1.4,4,AS6,X,9.7,7.3,8.6,33,201,6.0,7.0
2022,Buick,encore awd,Sport utility vehicle: Small,1.4,4,AS6,X,10.2,7.7,9.1,31,214,5.0,7.0
2022,Buick,encore gx,Sport utility vehicle: Small,1.2,3,AV,X,8.0,7.6,7.8,36,184,6.0,7.0
2022,Buick,encore gx,Sport utility vehicle: Small,1.3,3,AV,X,8.2,7.4,7.9,36,185,6.0,7.0
2022,Buick,encore gx awd,Sport utility vehicle: Small,1.3,3,A9,X,9.0,8.3,8.6,33,202,6.0,7.0
2022,Buick,envision,Sport utility vehicle: Small,2.0,4,AS9,X,10.0,7.6,8.9,32,209,5.0,7.0
2022,Buick,envision awd,Sport utility vehicle: Small,2.0,4,AS9,X,10.5,8.2,9.5,30,220,5.0,7.0
2022,Cadillac,ct4,Compact,2.0,4,AS8,Z,10.2,7.0,8.8,32,206,6.0,7.0
2022,Cadillac,ct4,Compact,2.7,4,AS10,Z,11.0,7.6,9.5,30,221,5.0,6.0
2022,Cadillac,ct4 awd,Compact,2.0,4,AS8,Z,10.5,7.6,9.2,31,216,5.0,7.0
2022,Cadillac,ct4 awd,Compact,2.7,4,AS10,Z,11.4,8.2,10.0,28,233,5.0,6.0
2022,Cadillac,ct4-v,Compact,2.7,4,AS10,Z,11.9,8.2,10.2,28,239,5.0,6.0
2022,Cadillac,ct4-v awd,Compact,2.7,4,AS10,Z,12.0,8.4,10.4,27,244,5.0,6.0
2022,Cadillac,ct4-v blackwing,Compact,3.6,6,AS10,Z,15.0,9.7,12.6,22,297,4.0,5.0
2022,Cadillac,ct4-v blackwing,Compact,3.6,6,M6,Z,15.2,10.2,13.0,22,303,3.0,5.0
2022,Cadillac,ct5,Mid-size,2.0,4,AS10,Z,10.3,7.1,8.8,32,207,6.0,7.0
2022,Cadillac,ct5,Mid-size,3.0,6,AS10,Z,12.4,8.7,10.7,26,252,5.0,5.0
2022,Cadillac,ct5 awd,Mid-size,2.0,4,AS10,Z,10.9,7.8,9.5,30,222,5.0,7.0
2022,Cadillac,ct5 awd,Mid-size,3.0,6,AS10,Z,12.8,9.1,11.1,25,260,4.0,5.0
2022,Cadillac,ct5-v,Mid-size,3.0,6,AS10,Z,12.8,8.7,11.0,26,258,4.0,5.0
2022,Cadillac,ct5-v awd,Mid-size,3.0,6,AS10,Z,12.8,9.1,11.1,25,260,4.0,5.0
2022,Cadillac,ct5-v blackwing,Mid-size,6.2,8,AS10,Z,18.1,10.7,14.8,19,346,3.0,3.0
2022,Cadillac,ct5-v blackwing,Mid-size,6.2,8,M6,Z,18.3,11.4,15.2,19,356,3.0,3.0
2022,Cadillac,escalade 4wd,Sport utility vehicle: Standard,3.0,6,A10,D,11.7,9.0,10.5,27,281,4.0,3.0
2022,Cadillac,escalade 4wd,Sport utility vehicle: Standard,6.2,8,A10,Z,16.3,12.7,14.7,19,345,3.0,6.0
2022,Cadillac,escalade 4wd (no stop-start),Sport utility vehicle: Standard,6.2,8,A10,Z,17.0,12.7,15.1,19,353,3.0,6.0
2022,Cadillac,xt4,Sport utility vehicle: Small,2.0,4,AS9,Z,10.0,7.8,9.0,31,211,5.0,7.0
2022,Cadillac,xt4 awd,Sport utility vehicle: Small,2.0,4,AS9,Z,10.9,8.2,9.7,29,225,5.0,7.0
2022,Cadillac,xt5,Sport utility vehicle: Small,2.0,4,AS9,Z,10.8,8.2,9.6,29,225,5.0,7.0
2022,Cadillac,xt5 awd,Sport utility vehicle: Small,2.0,4,AS9,Z,11.2,8.7,10.1,28,237,5.0,7.0
2022,Cadillac,xt5 awd,Sport utility vehicle: Small,3.6,6,AS9,X,12.9,9.2,11.2,25,263,4.0,6.0
2022,Cadillac,xt6 awd,Sport utility vehicle: Small,2.0,4,AS9,Z,11.2,9.0,10.2,28,239,5.0,7.0
2022,Cadillac,xt6 awd,Sport utility vehicle: Small,3.6,6,AS9,X,13.1,9.5,11.5,25,269,4.0,6.0
2022,Chevrolet,blazer,Sport utility vehicle: Small,2.0,4,A9,X,10.6,8.0,9.4,30,221,5.0,7.0
2022,Chevrolet,blazer,Sport utility vehicle: Small,3.6,6,A9,X,12.3,8.8,10.7,26,252,5.0,6.0
2022,Chevrolet,blazer awd,Sport utility vehicle: Small,2.0,4,A9,X,10.8,8.7,9.9,29,232,5.0,7.0
2022,Chevrolet,blazer awd,Sport utility vehicle: Small,3.6,6,A9,X,12.6,9.2,11.0,26,259,4.0,6.0
2022,Chevrolet,camaro,Subcompact,2.0,4,AS8,Z,10.9,7.8,9.5,30,222,5.0,5.0
2022,Chevrolet,camaro,Subcompact,2.0,4,M6,Z,12.6,8.0,10.5,27,239,5.0,5.0
2022,Chevrolet,camaro,Subcompact,3.6,6,AS10,X,12.8,8.1,10.7,26,251,5.0,6.0
2022,Chevrolet,camaro,Subcompact,3.6,6,M6,X,14.4,9.1,12.0,24,281,4.0,6.0
2022,Chevrolet,camaro ss,Subcompact,6.2,8,AS10,Z,14.6,8.9,12.0,24,281,4.0,1.0
2022,Chevrolet,camaro ss,Subcompact,6.2,8,M6,Z,14.9,9.9,12.6,22,296,4.0,1.0
2022,Chevrolet,camaro zl1,Subcompact,6.2,8,AS10,Z,18.3,11.2,15.1,19,355,3.0,1.0
2022,Chevrolet,camaro zl1,Subcompact,6.2,8,M6,Z,17.2,12.0,14.9,19,349,3.0,1.0
2022,Chevrolet,colorado,Pickup truck: Small,2.5,4,A6,X,12.2,9.4,10.9,26,257,5.0,6.0
2022,Chevrolet,colorado,Pickup truck: Small,2.8,4,A6,D,11.8,7.9,10.1,28,270,4.0,3.0
2022,Chevrolet,colorado,Pickup truck: Small,3.6,6,A8,X,12.9,9.3,11.3,25,263,4.0,6.0
2022,Chevrolet,colorado 4wd,Pickup truck: Small,2.5,4,A6,X,12.6,9.9,11.4,25,267,4.0,6.0
2022,Chevrolet,colorado 4wd,Pickup truck: Small,2.8,4,A6,D,12.2,8.4,10.5,27,283,4.0,3.0
2022,Chevrolet,colorado 4wd,Pickup truck: Small,3.6,6,A8,X,14.0,9.9,12.1,23,283,4.0,6.0
2022,Chevrolet,colorado zr2 4wd,Pickup truck: Small,2.8,4,A6,D,13.3,10.6,12.1,23,326,3.0,3.0
2022,Chevrolet,colorado zr2 4wd,Pickup truck: Small,3.6,6,A8,X,15.0,13.0,14.1,20,329,3.0,6.0
2022,Chevrolet,corvette,Two-seater,6.2,8,AS8,Z,15.1,9.6,12.6,22,297,4.0,5.0
2022,Chevrolet,equinox,Sport utility vehicle: Small,1.5,4,A6,X,8.9,7.7,8.4,34,198,6.0,7.0
2022,Chevrolet,equinox awd,Sport utility vehicle: Small,1.5,4,A6,X,9.4,8.0,8.8,32,208,6.0,7.0
2022,Chevrolet,malibu,Mid-size,1.5,4,AV,X,8.2,6.6,7.5,38,175,7.0,7.0
2022,Chevrolet,malibu,Mid-size,2.0,4,A9,Z,10.7,7.1,9.1,31,213,5.0,5.0
2022,Chevrolet,silverado,Pickup truck: Standard,2.7,4,A8,X,12.5,10.6,11.6,24,274,4.0,6.0
2022,Chevrolet,silverado,Pickup truck: Standard,3.0,6,A10,D,10.2,7.5,8.9,32,240,5.0,3.0
2022,Chevrolet,silverado ffv,Pickup truck: Standard,5.3,8,A6,X,16.2,12.3,14.5,19,341,3.0,3.0
2022,Chevrolet,silverado ffv,Pickup truck: Standard,5.3,8,A6,E,21.5,16.0,19.1,15,321,3.0,3.0
2022,Chevrolet,silverado,Pickup truck: Standard,5.3,8,A8,X,15.1,11.3,13.4,21,314,3.0,6.0
2022,Chevrolet,silverado,Pickup truck: Standard,5.3,8,A10,X,14.4,11.3,13.0,22,304,3.0,6.0
2022,Chevrolet,silverado 4wd,Pickup truck: Standard,2.7,4,A8,X,13.9,12.0,13.1,22,306,3.0,6.0
2022,Chevrolet,silverado 4wd mud terrain tire,Pickup truck: Standard,2.7,4,A8,X,14.7,13.1,14.0,20,328,3.0,6.0
2022,Chevrolet,silverado 4wd,Pickup truck: Standard,3.0,6,A10,D,10.9,9.1,10.1,28,272,4.0,3.0
2022,Chevrolet,silverado 4wd (with sport mode),Pickup truck: Standard,3.0,6,A10,D,10.5,9.1,9.9,29,265,4.0,3.0
2022,Chevrolet,silverado 4wd mud terrain tire,Pickup truck: Standard,3.0,6,A10,D,11.8,10.3,11.2,25,298,4.0,3.0
2022,Chevrolet,silverado 4wd ffv,Pickup truck: Standard,5.3,8,A6,X,16.5,12.8,14.8,19,347,3.0,3.0
2022,Chevrolet,silverado 4wd ffv,Pickup truck: Standard,5.3,8,A6,E,22.0,16.4,19.5,14,326,3.0,3.0
2022,Chevrolet,silverado 4wd mud terrain tire ffv,Pickup truck: Standard,5.3,8,A6,X,17.4,14.7,16.2,17,380,2.0,3.0
2022,Chevrolet,silverado 4wd mud terrain tire ffv,Pickup truck: Standard,5.3,8,A6,E,23.1,19.6,21.5,13,358,2.0,3.0
2022,Chevrolet,silverado 4wd,Pickup truck: Standard,5.3,8,A8,X,15.6,11.9,13.9,20,327,3.0,6.0
2022,Chevrolet,silverado 4wd mud terrain tire,Pickup truck: Standard,5.3,8,A8,X,16.9,13.3,15.3,18,359,2.0,6.0
2022,Chevrolet,silverado 4wd,Pickup truck: Standard,5.3,8,A10,X,14.7,11.8,13.4,21,314,3.0,6.0
2022,Chevrolet,silverado 4wd (no dfm),Pickup truck: Standard,5.3,8,A10,X,16.8,12.4,14.8,19,347,3.0,6.0
2022,Chevrolet,silverado 4wd (with sport mode),Pickup truck: Standard,5.3,8,A10,X,15.3,12.3,13.9,20,327,3.0,6.0
2022,Chevrolet,silverado 4wd (no stop-start),Pickup truck: Standard,5.3,8,A10,X,16.1,12.4,14.4,20,339,3.0,6.0
2022,Chevrolet,silverado 4wd mud terrain tire,Pickup truck: Standard,5.3,8,A10,X,16.6,14.0,15.4,18,361,2.0,6.0
2022,Chevrolet,silverado 4wd mud terrain tire (no stop-start),Pickup truck: Standard,5.3,8,A10,X,16.8,13.9,15.5,18,364,2.0,6.0
2022,Chevrolet,silverado 4wd mud terrain tire (no dfm),Pickup truck: Standard,5.3,8,A10,X,18.1,13.8,16.2,17,381,2.0,6.0
2022,Chevrolet,silverado 4wd,Pickup truck: Standard,6.2,8,A10,Z,15.7,11.9,14.0,20,329,3.0,6.0
2022,Chevrolet,silverado 4wd (no stop-start),Pickup truck: Standard,6.2,8,A10,Z,16.6,12.3,14.7,19,345,3.0,6.0
2022,Chevrolet,silverado 4wd custom trail boss,Pickup truck: Standard,6.2,8,A10,Z,16.5,13.2,15.0,19,352,3.0,6.0
2022,Chevrolet,silverado 4wd mud terrain tire,Pickup truck: Standard,6.2,8,A10,Z,16.5,13.2,15.0,19,352,3.0,6.0
2022,Chevrolet,silverado 4wd mud terrain tire (no stop-start),Pickup truck: Standard,6.2,8,A10,Z,18.2,14.2,16.4,17,385,2.0,6.0
2022,Chevrolet,silverado 4wd zr2,Pickup truck: Standard,6.2,8,A10,Z,16.7,14.1,15.5,18,366,2.0,6.0
2022,Chevrolet,spark,Subcompact,1.4,4,AV,X,7.7,6.2,7.0,40,165,7.0,5.0
2022,Chevrolet,spark,Subcompact,1.4,4,M5,X,8.0,6.2,7.2,39,170,7.0,5.0
2022,Chevrolet,suburban,Sport utility vehicle: Standard,3.0,6,A10,D,11.2,8.7,10.1,28,272,4.0,3.0
2022,Chevrolet,suburban,Sport utility vehicle: Standard,5.3,8,A10,X,15.8,11.8,14.0,20,327,3.0,6.0
2022,Chevrolet,suburban (no stop-start),Sport utility vehicle: Standard,5.3,8,A10,X,16.0,11.9,14.1,20,332,3.0,6.0
2022,Chevrolet,suburban 4wd,Sport utility vehicle: Standard,3.0,6,A10,D,11.7,9.0,10.5,27,281,4.0,3.0
2022,Chevrolet,suburban 4wd,Sport utility vehicle: Standard,5.3,8,A10,X,15.9,12.4,14.3,20,336,3.0,6.0
2022,Chevrolet,suburban 4wd (no stop-start),Sport utility vehicle: Standard,5.3,8,A10,X,17.0,12.7,15.1,19,354,3.0,6.0
2022,Chevrolet,suburban 4wd,Sport utility vehicle: Standard,6.2,8,A10,Z,16.3,12.7,14.7,19,345,3.0,6.0
2022,Chevrolet,suburban 4wd (no stop-start),Sport utility vehicle: Standard,6.2,8,A10,Z,17.0,12.7,15.1,19,353,3.0,6.0
2022,Chevrolet,tahoe,Sport utility vehicle: Standard,3.0,6,A10,D,11.0,8.4,9.8,29,263,4.0,3.0
2022,Chevrolet,tahoe,Sport utility vehicle: Standard,5.3,8,A10,X,15.8,11.8,14.0,20,327,3.0,6.0
2022,Chevrolet,tahoe (no stop-start),Sport utility vehicle: Standard,5.3,8,A10,X,16.0,11.9,14.1,20,332,3.0,6.0
2022,Chevrolet,tahoe 4wd,Sport utility vehicle: Standard,3.0,6,A10,D,11.7,9.0,10.5,27,281,4.0,3.0
2022,Chevrolet,tahoe 4wd,Sport utility vehicle: Standard,5.3,8,A10,X,15.8,11.8,14.0,20,327,3.0,6.0
2022,Chevrolet,tahoe 4wd (no stop-start),Sport utility vehicle: Standard,5.3,8,A10,X,17.0,12.7,15.1,19,354,3.0,6.0
2022,Chevrolet,tahoe 4wd,Sport utility vehicle: Standard,6.2,8,A10,Z,16.3,12.7,14.7,19,345,3.0,6.0
2022,Chevrolet,tahoe 4wd (no stop-start),Sport utility vehicle: Standard,6.2,8,A10,Z,17.0,12.7,15.1,19,353,3.0,6.0
2022,Chevrolet,trailblazer,Sport utility vehicle: Small,1.2,3,AV,X,8.0,7.6,7.8,36,184,6.0,7.0
2022,Chevrolet,trailblazer,Sport utility vehicle: Small,1.3,3,AV,X,8.0,7.2,7.6,37,178,7.0,7.0
2022,Chevrolet,trailblazer awd,Sport utility vehicle: Small,1.3,3,A9,X,8.9,7.8,8.4,34,197,6.0,7.0
2022,Chevrolet,traverse,Sport utility vehicle: Standard,3.6,6,A9,X,13.0,8.8,11.1,25,260,4.0,6.0
2022,Chevrolet,traverse awd,Sport utility vehicle: Standard,3.6,6,A9,X,13.6,9.6,11.8,24,277,4.0,6.0
2022,Chevrolet,trax,Sport utility vehicle: Small,1.4,4,AS6,X,9.7,7.3,8.6,33,201,6.0,7.0
2022,Chevrolet,trax awd,Sport utility vehicle: Small,1.4,4,AS6,X,10.2,7.7,9.1,31,214,5.0,7.0
2022,Chrysler,300,Full-size,3.6,6,A8,X,12.4,7.8,10.3,27,242,5.0,5.0
2022,Chrysler,300,Full-size,5.7,8,A8,X,14.7,9.4,12.3,23,289,4.0,3.0
2022,Chrysler,300 awd,Full-size,3.6,6,A8,X,12.8,8.7,11.0,26,258,4.0,5.0
2022,Chrysler,grand caravan,Minivan,3.6,6,A9,X,12.4,8.4,10.6,27,249,5.0,5.0
2022,Chrysler,pacifica,Minivan,3.6,6,A9,X,12.4,8.4,10.6,27,249,5.0,5.0
2022,Chrysler,pacifica awd,Minivan,3.6,6,A9,X,14.1,9.4,12.0,24,279,4.0,5.0
2022,Dodge,challenger,Mid-size,3.6,6,A8,X,12.4,7.8,10.3,27,242,5.0,5.0
2022,Dodge,challenger (mds),Mid-size,5.7,8,A8,X,14.7,9.4,12.3,23,289,4.0,3.0
2022,Dodge,challenger,Mid-size,5.7,8,M6,Z,15.6,10.1,13.1,22,307,3.0,1.0
2022,Dodge,challenger (mds),Mid-size,6.4,8,A8,Z,15.8,9.6,13.0,22,305,3.0,1.0
2022,Dodge,challenger,Mid-size,6.4,8,M6,Z,16.7,10.4,13.9,20,325,3.0,1.0
2022,Dodge,challenger awd,Mid-size,3.6,6,A8,X,12.8,8.7,11.0,26,258,4.0,5.0
2022,Dodge,challenger widebody (mds),Mid-size,6.4,8,A8,Z,15.8,9.6,13.0,22,305,3.0,1.0
2022,Dodge,challenger widebody,Mid-size,6.4,8,M6,Z,16.7,10.4,13.9,20,325,3.0,1.0
2022,Dodge,challenger srt hellcat,Mid-size,6.2,8,A8,Z,17.6,10.7,14.5,19,339,3.0,1.0
2022,Dodge,challenger srt hellcat,Mid-size,6.2,8,M6,Z,18.1,11.4,15.1,19,352,3.0,1.0
2022,Dodge,challenger srt hellcat widebody,Mid-size,6.2,8,A8,Z,18.6,11.3,15.3,18,359,2.0,1.0
2022,Dodge,challenger srt hellcat widebody,Mid-size,6.2,8,M6,Z,18.1,11.4,15.1,19,352,3.0,1.0
2022,Dodge,charger,Full-size,3.6,6,A8,X,12.4,7.8,10.3,27,242,5.0,5.0
2022,Dodge,charger (mds),Full-size,5.7,8,A8,X,14.7,9.4,12.3,23,289,4.0,3.0
2022,Dodge,charger (mds),Full-size,6.4,8,A8,Z,15.8,9.6,13.0,22,305,3.0,1.0
2022,Dodge,charger awd,Full-size,3.6,6,A8,X,12.8,8.7,11.0,26,258,4.0,5.0
2022,Dodge,charger widebody (mds),Full-size,6.4,8,A8,Z,15.8,9.6,13.0,22,305,3.0,1.0
2022,Dodge,charger srt hellcat widebody,Full-size,6.2,8,A8,Z,19.0,11.5,15.6,18,368,2.0,1.0
2022,Dodge,durango awd,Sport utility vehicle: Standard,3.6,6,A8,X,12.7,9.6,11.3,25,265,4.0,7.0
2022,Dodge,durango awd,Sport utility vehicle: Standard,5.7,8,A8,X,16.7,10.9,14.1,20,331,3.0,5.0
2022,Dodge,durango awd srt,Sport utility vehicle: Standard,6.4,8,A8,Z,18.3,12.2,15.6,18,363,2.0,1.0
2022,FIAT,500x awd,Sport utility vehicle: Small,1.3,4,A9,X,10.0,7.9,9.1,31,221,5.0,6.0
2022,Ford,bronco 4wd,Sport utility vehicle: Small,2.3,4,AS10,X,12.1,11.2,11.7,24,275,4.0,5.0
2022,Ford,bronco 4wd,Sport utility vehicle: Small,2.3,4,M7,X,12.1,11.4,11.8,24,277,4.0,5.0
2022,Ford,bronco 4wd,Sport utility vehicle: Small,2.7,6,AS10,X,12.8,11.9,12.4,23,291,4.0,6.0
2022,Ford,bronco badlands 4wd,Sport utility vehicle: Small,2.3,4,AS10,X,13.5,14.0,13.7,21,323,3.0,5.0
2022,Ford,bronco badlands 4wd,Sport utility vehicle: Small,2.3,4,M7,X,14.9,13.5,14.3,20,336,3.0,5.0
2022,Ford,bronco badlands 4wd,Sport utility vehicle: Small,2.7,6,AS10,X,14.1,14.1,14.1,20,331,3.0,6.0
2022,Ford,bronco black diamond 4wd,Sport utility vehicle: Small,2.3,4,AS10,X,13.1,13.1,13.1,22,308,3.0,5.0
2022,Ford,bronco black diamond 4wd,Sport utility vehicle: Small,2.3,4,M7,X,13.8,12.4,13.2,21,310,3.0,5.0
2022,Ford,bronco raptor 4wd,Sport utility vehicle: Standard,3.0,6,AS10,X,15.7,14.8,15.3,18,358,2.0,6.0
2022,Ford,bronco sasquatch 4wd,Sport utility vehicle: Small,2.3,4,AS10,X,13.1,13.8,13.4,21,314,3.0,5.0
2022,Ford,bronco sasquatch 4wd,Sport utility vehicle: Small,2.3,4,M7,X,13.8,13.1,13.5,21,317,3.0,5.0
2022,Ford,bronco sasquatch 4wd,Sport utility vehicle: Small,2.7,6,AS10,X,14.1,14.1,14.1,20,331,3.0,6.0
2022,Ford,bronco sport 4wd,Sport utility vehicle: Small,1.5,3,A8,X,9.3,8.4,8.9,32,209,5.0,7.0
2022,Ford,bronco sport 4wd,Sport utility vehicle: Small,2.0,4,AS8,X,11.1,9.0,10.2,27,240,5.0,5.0
2022,Ford,ecosport awd,Sport utility vehicle: Small,2.0,4,AS6,X,10.4,8.0,9.3,30,219,5.0,5.0
2022,Ford,edge awd,Sport utility vehicle: Small,2.0,4,A8,X,11.5,8.4,10.1,28,238,5.0,6.0
2022,Ford,edge awd,Sport utility vehicle: Small,2.0,4,AS8,X,11.6,8.5,10.2,28,239,5.0,6.0
2022,Ford,edge awd,Sport utility vehicle: Small,2.7,6,AS8,X,12.6,9.3,11.2,25,262,4.0,5.0
2022,Ford,escape,Sport utility vehicle: Small,1.5,3,A8,X,8.5,6.8,7.8,36,182,6.0,7.0
2022,Ford,escape awd,Sport utility vehicle: Small,1.5,3,A8,X,9.0,7.6,8.4,34,198,6.0,7.0
2022,Ford,escape awd,Sport utility vehicle: Small,2.0,4,A8,X,10.5,7.5,9.2,31,216,5.0,5.0
2022,Ford,escape hybrid,Sport utility vehicle: Small,2.5,4,AV,X,5.4,6.3,5.8,49,136,8.0,7.0
2022,Ford,escape hybrid awd,Sport utility vehicle: Small,2.5,4,AV,X,5.5,6.4,5.9,48,139,8.0,7.0
2022,Ford,expedition 4x4,Sport utility vehicle: Standard,3.5,6,AS10,X,14.8,10.6,12.9,22,304,3.0,6.0
2022,Ford,expedition 4x4 (without stop-start),Sport utility vehicle: Standard,3.5,6,AS10,X,15.4,11.2,13.5,21,317,3.0,6.0
2022,Ford,expedition timberline 4x4,Sport utility vehicle: Standard,3.5,6,AS10,X,14.5,12.3,13.5,21,317,3.0,6.0
2022,Ford,expedition timberline 4x4 (without stop-start),Sport utility vehicle: Standard,3.5,6,AS10,X,15.2,12.3,13.9,20,326,3.0,6.0
2022,Ford,explorer awd,Sport utility vehicle: Standard,2.3,4,A10,X,11.7,8.6,10.3,27,242,5.0,6.0
2022,Ford,explorer awd (without stop-start),Sport utility vehicle: Standard,2.3,4,A10,X,12.0,9.0,10.7,26,252,5.0,6.0
2022,Ford,explorer timberline awd,Sport utility vehicle: Standard,2.3,4,AS10,X,12.2,10.5,11.5,25,269,4.0,6.0
2022,Ford,explorer timberline awd (without stop-start),Sport utility vehicle: Standard,2.3,4,AS10,X,12.5,11.0,11.8,24,277,4.0,6.0
2022,Ford,explorer awd,Sport utility vehicle: Standard,3.0,6,A10,X,13.4,9.8,11.8,24,277,4.0,5.0
2022,Ford,explorer awd,Sport utility vehicle: Standard,3.0,6,AS10,X,13.4,9.8,11.8,24,277,4.0,5.0
2022,Ford,explorer hybrid awd,Sport utility vehicle: Standard,3.3,6,AS10,X,10.1,9.0,9.6,29,225,5.0,6.0
2022,Ford,f-150,Pickup truck: Standard,2.7,6,AS10,X,12.1,9.4,10.9,26,256,5.0,6.0
2022,Ford,f-150 (without stop-start),Pickup truck: Standard,2.7,6,AS10,X,13.5,10.1,12.0,24,282,4.0,6.0
2022,Ford,f-150 ffv,Pickup truck: Standard,3.3,6,AS10,X,12.1,9.8,11.1,25,260,4.0,6.0
2022,Ford,f-150 ffv,Pickup truck: Standard,3.3,6,AS10,E,16.8,12.8,15.0,19,249,5.0,6.0
2022,Ford,f-150,Pickup truck: Standard,3.5,6,AS10,X,13.1,9.9,11.7,24,275,4.0,6.0
2022,Ford,f-150 (without stop-start),Pickup truck: Standard,3.5,6,AS10,X,13.7,10.0,12.0,24,281,4.0,6.0
2022,Ford,f-150 ffv,Pickup truck: Standard,5.0,8,AS10,X,14.4,10.8,12.8,22,300,3.0,5.0
2022,Ford,f-150 ffv,Pickup truck: Standard,5.0,8,AS10,E,20.8,14.3,17.9,16,298,4.0,5.0
2022,Ford,f-150 ffv (without stop-start),Pickup truck: Standard,5.0,8,AS10,X,14.7,10.6,12.9,22,302,3.0,5.0
2022,Ford,f-150 ffv (without stop-start),Pickup truck: Standard,5.0,8,AS10,E,20.1,14.1,17.4,16,289,4.0,5.0
2022,Ford,f-150 4x4,Pickup truck: Standard,2.7,6,AS10,X,12.9,10.1,11.7,24,274,4.0,6.0
2022,Ford,f-150 4x4 ffv,Pickup truck: Standard,3.3,6,AS10,X,12.6,10.7,11.8,24,277,4.0,6.0
2022,Ford,f-150 4x4 ffv,Pickup truck: Standard,3.3,6,AS10,E,17.3,13.1,15.4,18,256,5.0,6.0
2022,Ford,f-150 4x4,Pickup truck: Standard,3.5,6,AS10,X,13.5,10.3,12.1,23,284,4.0,6.0
2022,Ford,f-150 4x4 (without stop-start),Pickup truck: Standard,3.5,6,AS10,X,14.6,11.0,13.0,22,304,3.0,6.0
2022,Ford,f-150 4x4 ffv,Pickup truck: Standard,5.0,8,AS10,X,14.7,10.8,12.9,22,304,3.0,5.0
2022,Ford,f-150 4x4 ffv,Pickup truck: Standard,5.0,8,AS10,E,21.2,14.2,18.1,16,301,3.0,5.0
2022,Ford,f-150 4x4 ffv (without stop-start),Pickup truck: Standard,5.0,8,AS10,X,15.1,10.7,13.1,22,308,3.0,5.0
2022,Ford,f-150 4x4 ffv (without stop-start),Pickup truck: Standard,5.0,8,AS10,E,20.7,14.2,17.8,16,295,4.0,5.0
2022,Ford,f-150 raptor 4x4,Pickup truck: Standard,3.5,6,AS10,X,15.8,13.2,14.6,19,344,3.0,6.0
2022,Ford,f-150 raptor 4x4 (without stop-start),Pickup truck: Standard,3.5,6,AS10,X,16.8,13.2,15.2,19,357,2.0,6.0
2022,Ford,f-150 raptor 37 4x4,Pickup truck: Standard,3.5,6,AS10,X,16.0,14.4,15.3,18,359,2.0,6.0
2022,Ford,f-150 raptor 37 4x4 (without stop-start),Pickup truck: Standard,3.5,6,AS10,X,16.6,14.8,15.8,18,370,2.0,6.0
2022,Ford,f-150 tremor 4x4,Pickup truck: Standard,3.5,6,AS10,X,14.3,11.8,13.2,21,310,3.0,6.0
2022,Ford,f-150 tremor 4x4 (without stop-start),Pickup truck: Standard,3.5,6,AS10,X,14.7,11.7,13.3,21,313,3.0,6.0
2022,Ford,f-150 hybrid,Pickup truck: Standard,3.5,6,AS10,X,9.8,9.7,9.7,29,228,5.0,6.0
2022,Ford,f-150 hybrid 4x4,Pickup truck: Standard,3.5,6,AS10,X,10.3,10.0,10.2,28,238,5.0,6.0
2022,Ford,gt,Two-seater,3.5,6,AM7,Z,19.9,12.8,16.7,17,395,2.0,3.0
2022,Ford,maverick awd,Pickup truck: Small,2.0,4,A8,X,10.7,8.1,9.6,29,226,5.0,5.0
2022,Ford,maverick hybrid,Pickup truck: Small,2.5,4,AV,X,5.6,7.1,6.3,45,147,8.0,6.0
2022,Ford,mustang,Subcompact,2.3,4,A10,X,11.0,7.4,9.3,30,220,5.0,5.0
2022,Ford,mustang,Subcompact,2.3,4,AS10,X,11.4,7.9,9.8,29,231,5.0,5.0
2022,Ford,mustang (high performance),Subcompact,2.3,4,AS10,X,11.7,8.6,10.3,27,242,5.0,5.0
2022,Ford,mustang,Subcompact,2.3,4,M6,X,11.5,8.2,10.0,28,236,5.0,5.0
2022,Ford,mustang (high performance),Subcompact,2.3,4,M6,X,11.9,8.7,10.5,27,246,5.0,5.0
2022,Ford,mustang,Subcompact,5.0,8,AS10,X,15.2,9.7,12.7,22,298,4.0,3.0
2022,Ford,mustang,Subcompact,5.0,8,M6,X,16.1,10.1,13.4,21,314,3.0,3.0
2022,Ford,mustang convertible,Subcompact,2.3,4,A10,X,11.7,8.1,10.1,28,237,5.0,5.0
2022,Ford,mustang convertible,Subcompact,2.3,4,AS10,X,12.0,8.5,10.4,27,244,5.0,5.0
2022,Ford,mustang convertible (high performance),Subcompact,2.3,4,AS10,X,12.1,8.9,10.7,26,252,5.0,5.0
2022,Ford,mustang convertible,Subcompact,2.3,4,M6,X,11.8,8.6,10.4,27,244,5.0,5.0
2022,Ford,mustang convertible (high performance),Subcompact,2.3,4,M6,X,12.3,9.2,10.9,26,256,5.0,5.0
2022,Ford,mustang convertible,Subcompact,5.0,8,AS10,X,15.8,10.4,13.4,21,314,3.0,3.0
2022,Ford,mustang mach 1,Subcompact,5.0,8,AS10,X,15.2,10.1,12.9,22,302,3.0,3.0
2022,Ford,mustang mach 1,Subcompact,5.0,8,M6,X,17.1,11.2,14.5,19,339,3.0,3.0
2022,Ford,ranger 4wd,Pickup truck: Standard,2.3,4,AS10,X,11.9,9.7,10.9,26,256,5.0,6.0
2022,Ford,ranger 4wd (without stop-start),Pickup truck: Standard,2.3,4,AS10,X,12.4,9.7,11.2,25,262,4.0,6.0
2022,Ford,ranger 4wd tremor,Pickup truck: Standard,2.3,4,AS10,X,12.4,12.3,12.4,23,291,4.0,3.0
2022,Ford,shelby gt500 mustang,Subcompact,5.2,8,AM7,Z,19.9,12.7,16.7,17,392,2.0,3.0
2022,Ford,transit connect van,Special purpose vehicle,2.0,4,AS8,X,9.8,8.9,9.4,30,221,5.0,6.0
2022,Ford,transit connect van ffv,Special purpose vehicle,2.0,4,AS8,X,9.8,8.9,9.4,30,221,5.0,5.0
2022,Ford,transit connect van ffv,Special purpose vehicle,2.0,4,AS8,E,13.3,11.9,12.7,22,211,5.0,5.0
2022,Ford,transit connect van,Special purpose vehicle,2.5,4,AS6,X,12.0,8.9,10.6,27,249,5.0,5.0
2022,Ford,transit connect wagon lwb,Special purpose vehicle,2.0,4,AS8,X,10.0,8.3,9.2,31,216,5.0,6.0
2022,Ford,transit connect wagon lwb ffv,Special purpose vehicle,2.0,4,AS8,X,10.0,8.3,9.2,31,216,5.0,5.0
2022,Ford,transit connect wagon lwb ffv,Special purpose vehicle,2.0,4,AS8,E,14.7,11.3,13.2,21,219,5.0,5.0
2022,Ford,transit connect wagon lwb,Special purpose vehicle,2.5,4,AS6,X,12.1,9.0,10.6,27,249,5.0,5.0
2022,Genesis,g70 awd,Compact,2.0,4,AS8,Z,11.4,8.2,10.0,28,236,5.0,3.0
2022,Genesis,g70 awd,Compact,3.3,6,AS8,Z,13.5,9.1,11.5,25,273,4.0,3.0
2022,Genesis,g80 awd,Full-size,2.5,4,AS8,Z,10.8,7.9,9.5,30,225,5.0,5.0
2022,Genesis,g80 awd,Full-size,3.5,6,AS8,Z,14.8,9.9,12.6,22,298,4.0,5.0
2022,Genesis,g90 awd,Full-size,5.0,8,AS8,Z,15.0,10.1,12.8,22,303,3.0,5.0
2022,Genesis,gv70 awd,Sport utility vehicle: Small,2.5,4,AS8,Z,10.7,8.4,9.7,29,229,5.0,5.0
2022,Genesis,gv70 awd,Sport utility vehicle: Small,3.5,6,AS8,Z,12.9,10.0,11.6,24,275,4.0,5.0
2022,Genesis,gv80 awd,Sport utility vehicle: Standard,2.5,4,AS8,Z,11.3,9.5,10.5,27,248,5.0,5.0
2022,Genesis,gv80 awd,Sport utility vehicle: Standard,3.5,6,AS8,Z,12.9,10.4,11.8,24,279,4.0,5.0
2022,GMC,acadia,Sport utility vehicle: Standard,2.0,4,A9,X,10.6,8.0,9.4,30,221,5.0,7.0
2022,GMC,acadia,Sport utility vehicle: Standard,3.6,6,A9,X,12.3,8.8,10.7,26,252,5.0,6.0
2022,GMC,acadia awd,Sport utility vehicle: Standard,2.0,4,A9,X,10.8,8.7,9.9,29,232,5.0,7.0
2022,GMC,acadia awd,Sport utility vehicle: Standard,3.6,6,A9,X,12.6,9.2,11.0,26,259,4.0,6.0
2022,GMC,canyon,Pickup truck: Small,2.5,4,A6,X,12.2,9.4,10.9,26,257,5.0,6.0
2022,GMC,canyon,Pickup truck: Small,2.8,4,A6,D,11.8,7.9,10.1,28,270,4.0,3.0
2022,GMC,canyon,Pickup truck: Small,3.6,6,A8,X,12.9,9.3,11.3,25,263,4.0,6.0
2022,GMC,canyon 4wd,Pickup truck: Small,2.5,4,A6,X,12.6,9.9,11.4,25,267,4.0,6.0
2022,GMC,canyon 4wd,Pickup truck: Small,2.8,4,A6,D,12.2,8.4,10.5,27,283,4.0,3.0
2022,GMC,canyon 4wd,Pickup truck: Small,3.6,6,A8,X,14.0,9.9,12.1,23,283,4.0,6.0
2022,GMC,sierra,Pickup truck: Standard,2.7,4,A8,X,12.5,10.6,11.6,24,274,4.0,6.0
2022,GMC,sierra,Pickup truck: Standard,3.0,6,A10,D,10.2,7.8,9.1,31,245,5.0,3.0
2022,GMC,sierra ffv,Pickup truck: Standard,5.3,8,A6,X,16.2,12.3,14.5,19,341,3.0,3.0
2022,GMC,sierra ffv,Pickup truck: Standard,5.3,8,A6,E,21.5,16.0,19.1,15,321,3.0,3.0
2022,GMC,sierra,Pickup truck: Standard,5.3,8,A8,X,15.1,11.3,13.4,21,314,3.0,6.0
2022,GMC,sierra,Pickup truck: Standard,5.3,8,A10,X,14.4,11.3,13.0,22,305,3.0,6.0
2022,GMC,sierra 4wd,Pickup truck: Standard,2.7,4,A8,X,13.9,12.0,13.1,22,306,3.0,6.0
2022,GMC,sierra 4wd mud terrain tire,Pickup truck: Standard,2.7,4,A8,X,14.7,13.1,14.0,20,328,3.0,6.0
2022,GMC,sierra 4wd,Pickup truck: Standard,3.0,6,A10,D,10.5,9.1,9.9,29,265,4.0,3.0
2022,GMC,sierra 4wd mud terrain tire,Pickup truck: Standard,3.0,6,A10,D,11.8,10.3,11.2,25,298,4.0,3.0
2022,GMC,sierra 4wd ffv,Pickup truck: Standard,5.3,8,A6,X,16.5,12.8,14.8,19,347,3.0,3.0
2022,GMC,sierra 4wd ffv,Pickup truck: Standard,5.3,8,A6,E,22.0,16.4,19.5,14,326,3.0,3.0
2022,GMC,sierra 4wd mud terrain tire ffv,Pickup truck: Standard,5.3,8,A6,X,17.4,14.7,16.2,17,380,2.0,3.0
2022,GMC,sierra 4wd mud terrain tire ffv,Pickup truck: Standard,5.3,8,A6,E,23.1,19.6,21.5,13,358,2.0,3.0
2022,GMC,sierra 4wd,Pickup truck: Standard,5.3,8,A8,X,15.6,11.9,13.9,20,327,3.0,6.0
2022,GMC,sierra 4wd mud terrain tire,Pickup truck: Standard,5.3,8,A8,X,16.9,13.3,15.3,18,359,2.0,6.0
2022,GMC,sierra 4wd,Pickup truck: Standard,5.3,8,A10,X,14.9,12.0,13.6,21,318,3.0,6.0
2022,GMC,sierra 4wd (no dfm),Pickup truck: Standard,5.3,8,A10,X,16.8,12.4,14.8,19,347,3.0,6.0
2022,GMC,sierra 4wd (with sport mode),Pickup truck: Standard,5.3,8,A10,X,15.4,12.3,14.0,20,329,3.0,6.0
2022,GMC,sierra 4wd (no stop-start),Pickup truck: Standard,5.3,8,A10,X,16.1,12.4,14.4,20,338,3.0,6.0
2022,GMC,sierra 4wd mud terrain tire,Pickup truck: Standard,5.3,8,A10,X,16.6,14.0,15.4,18,360,2.0,6.0
2022,GMC,sierra 4wd mud terrain tire (no dfm),Pickup truck: Standard,5.3,8,A10,X,18.1,13.8,16.2,17,381,2.0,6.0
2022,GMC,sierra 4wd,Pickup truck: Standard,6.2,8,A10,Z,15.7,11.9,14.0,20,329,3.0,6.0
2022,GMC,sierra 4wd (no stop-start),Pickup truck: Standard,6.2,8,A10,Z,16.6,12.3,14.7,19,345,3.0,6.0
2022,GMC,sierra 4wd mud terrain tire,Pickup truck: Standard,6.2,8,A10,Z,16.5,13.2,15.0,19,352,3.0,6.0
2022,GMC,sierra 4wd mud terrain tire (no stop-start),Pickup truck: Standard,6.2,8,A10,Z,18.2,14.2,16.4,17,385,2.0,6.0
2022,GMC,terrain,Sport utility vehicle: Small,1.5,4,A9,X,9.2,7.8,8.6,33,202,6.0,7.0
2022,GMC,terrain awd,Sport utility vehicle: Small,1.5,4,A9,X,9.6,8.3,9.0,31,212,5.0,7.0
2022,GMC,yukon,Sport utility vehicle: Standard,3.0,6,A10,D,11.2,8.7,10.1,28,272,4.0,3.0
2022,GMC,yukon,Sport utility vehicle: Standard,5.3,8,A10,X,15.8,11.8,14.0,20,327,3.0,6.0
2022,GMC,yukon (no stop-start),Sport utility vehicle: Standard,5.3,8,A10,X,16.0,11.9,14.1,20,332,3.0,6.0
2022,GMC,yukon 4wd,Sport utility vehicle: Standard,3.0,6,A10,D,11.7,9.0,10.5,27,281,4.0,3.0
2022,GMC,yukon 4wd,Sport utility vehicle: Standard,5.3,8,A10,X,15.8,11.8,14.0,20,327,3.0,6.0
2022,GMC,yukon 4wd (no stop-start),Sport utility vehicle: Standard,5.3,8,A10,X,17.0,12.7,15.1,19,354,3.0,6.0
2022,GMC,yukon 4wd,Sport utility vehicle: Standard,6.2,8,A10,Z,16.3,12.7,14.7,19,345,3.0,6.0
2022,GMC,yukon 4wd (no stop-start),Sport utility vehicle: Standard,6.2,8,A10,Z,17.0,12.7,15.1,19,353,3.0,6.0
2022,GMC,yukon xl,Sport utility vehicle: Standard,3.0,6,A10,D,11.2,8.7,10.1,28,272,4.0,3.0
2022,GMC,yukon xl,Sport utility vehicle: Standard,5.3,8,A10,X,15.8,11.8,14.0,20,327,3.0,6.0
2022,GMC,yukon xl (no stop-start),Sport utility vehicle: Standard,5.3,8,A10,X,16.0,11.9,14.1,20,332,3.0,6.0
2022,GMC,yukon xl 4wd,Sport utility vehicle: Standard,3.0,6,A10,D,11.7,9.0,10.5,27,281,4.0,3.0
2022,GMC,yukon xl 4wd,Sport utility vehicle: Standard,5.3,8,A10,X,15.9,12.4,14.3,20,336,3.0,6.0
2022,GMC,yukon xl 4wd (no stop-start),Sport utility vehicle: Standard,5.3,8,A10,X,17.0,12.7,15.1,19,354,3.0,6.0
2022,GMC,yukon xl 4wd,Sport utility vehicle: Standard,6.2,8,A10,Z,16.3,12.7,14.7,19,345,3.0,6.0
2022,GMC,yukon xl 4wd (no stop-start),Sport utility vehicle: Standard,6.2,8,A10,Z,17.0,12.7,15.1,19,353,3.0,6.0
2022,Honda,accord,Full-size,1.5,4,AV,X,7.8,6.5,7.2,39,168,7.0,7.0
2022,Honda,accord sport/touring,Full-size,1.5,4,AV7,X,8.1,6.8,7.5,38,176,7.0,7.0
2022,Honda,accord sport/touring,Full-size,2.0,4,AS10,X,10.4,7.4,9.1,31,211,5.0,7.0
2022,Honda,accord hybrid,Full-size,2.0,4,AV,X,5.0,5.0,5.0,56,117,9.0,7.0
2022,Honda,accord hybrid sport/touring,Full-size,2.0,4,AV,X,5.3,5.7,5.5,51,129,8.0,7.0
2022,Honda,civic hatchback,Full-size,1.5,4,AV7,X,7.7,6.3,7.1,40,166,7.0,7.0
2022,Honda,civic hatchback,Full-size,1.5,4,M6,X,8.5,6.3,7.5,38,175,7.0,6.0
2022,Honda,civic hatchback,Full-size,2.0,4,AV,X,8.0,6.2,7.2,39,167,7.0,7.0
2022,Honda,civic hatchback,Full-size,2.0,4,M6,X,9.1,6.6,8.0,35,186,6.0,6.0
2022,Honda,civic sedan,Mid-size,1.5,4,AV7,X,7.6,6.1,6.9,41,162,7.0,7.0
2022,Honda,civic sedan,Mid-size,2.0,4,AV,X,7.7,6.0,6.9,41,162,7.0,7.0
2022,Honda,civic sedan,Mid-size,2.0,4,AV7,X,7.8,6.3,7.1,40,165,7.0,7.0
2022,Honda,civic sedan si,Mid-size,1.5,4,M6,Z,8.7,6.4,7.7,37,180,7.0,6.0
2022,Honda,cr-v,Sport utility vehicle: Small,1.5,4,AV,X,8.3,7.0,7.7,37,180,7.0,6.0
2022,Honda,cr-v awd,Sport utility vehicle: Small,1.5,4,AV,X,8.7,7.4,8.1,35,189,6.0,6.0
2022,Honda,hr-v,Station wagon: Small,1.8,4,AV,X,8.4,7.0,7.8,36,181,6.0,5.0
2022,Honda,hr-v awd,Station wagon: Small,1.8,4,AV,X,8.8,7.5,8.2,34,193,6.0,5.0
2022,Honda,hr-v awd,Station wagon: Small,1.8,4,AV7,X,9.1,7.7,8.5,33,200,6.0,5.0
2022,Honda,odyssey,Minivan,3.5,6,AS10,X,12.2,8.5,10.6,27,248,5.0,5.0
2022,Honda,passport awd,Sport utility vehicle: Small,3.5,6,AS9,X,12.5,9.8,11.3,25,265,4.0,3.0
2022,Honda,pilot awd,Sport utility vehicle: Small,3.5,6,AS9,X,12.4,9.3,11.0,26,256,5.0,3.0
2022,Honda,pilot awd trailsport,Sport utility vehicle: Small,3.5,6,AS9,X,12.3,9.5,11.1,25,260,4.0,3.0
2022,Honda,ridgeline awd,Pickup truck: Standard,3.5,6,AS9,X,12.8,9.9,11.5,25,271,4.0,3.0
2022,Hyundai,elantra,Mid-size,1.6,4,AM7,X,8.4,6.6,7.6,37,179,7.0,5.0
2022,Hyundai,elantra,Mid-size,2.0,4,AV1,X,7.6,5.7,6.7,42,158,7.0,5.0
2022,Hyundai,elantra (isg),Mid-size,2.0,4,AV1,X,7.1,5.5,6.4,44,151,7.0,5.0
2022,Hyundai,elantra,Mid-size,2.0,4,M6,X,9.1,6.3,7.8,36,185,6.0,5.0
2022,Hyundai,elantra n,Mid-size,2.0,4,AM8,Z,12.1,7.9,10.2,28,241,5.0,3.0
2022,Hyundai,elantra n,Mid-size,2.0,4,M6,Z,10.9,7.7,9.4,30,223,5.0,3.0
2022,Hyundai,elantra hybrid blue,Mid-size,1.6,4,AM6,X,4.5,4.2,4.4,64,103,9.0,7.0
2022,Hyundai,ioniq,Full-size,1.6,4,AM6,X,4.3,4.1,4.2,67,99,9.0,7.0
2022,Hyundai,ioniq blue,Full-size,1.6,4,AM6,X,4.0,3.9,4.0,71,94,10.0,7.0
2022,Hyundai,kona,Sport utility vehicle: Small,1.6,4,AM7,X,8.0,6.8,7.5,38,176,7.0,5.0
2022,Hyundai,kona,Sport utility vehicle: Small,2.0,4,AV,X,8.0,6.6,7.4,38,174,7.0,7.0
2022,Hyundai,kona n,Sport utility vehicle: Small,2.0,4,AM8,Z,11.8,8.7,10.4,27,246,5.0,3.0
2022,Hyundai,kona awd,Sport utility vehicle: Small,1.6,4,AM7,X,8.8,7.4,8.2,34,193,6.0,5.0
2022,Hyundai,kona awd,Sport utility vehicle: Small,2.0,4,AV,X,8.5,7.2,7.9,36,187,6.0,7.0
2022,Hyundai,palisade awd,Sport utility vehicle: Standard,3.8,6,AS8,X,12.3,9.6,11.1,25,265,4.0,5.0
2022,Hyundai,santa cruz awd,Pickup truck: Small,2.5,4,AM8,X,12.1,8.6,10.6,27,250,5.0,5.0
2022,Hyundai,santa fe awd,Sport utility vehicle: Small,2.5,4,AM8,X,11.0,8.5,9.9,29,233,5.0,5.0
2022,Hyundai,santa fe awd,Sport utility vehicle: Small,2.5,4,AS8,X,10.6,9.3,10.0,28,235,5.0,7.0
2022,Hyundai,santa fe hybrid,Sport utility vehicle: Small,1.6,4,AM6,X,7.1,7.9,7.4,38,176,7.0,7.0
2022,Hyundai,sonata,Full-size,1.6,4,AS8,X,8.8,6.4,7.7,37,183,6.0,5.0
2022,Hyundai,sonata,Full-size,2.5,4,AM8,X,10.1,7.2,8.8,32,208,6.0,5.0
2022,Hyundai,sonata,Full-size,2.5,4,AS8,X,8.8,6.4,7.7,37,182,6.0,7.0
2022,Hyundai,sonata hybrid,Full-size,2.0,4,AM6,X,5.3,4.6,5.0,56,117,9.0,7.0
2022,Hyundai,tucson,Sport utility vehicle: Small,2.5,4,AS8,X,9.1,7.1,8.2,34,194,6.0,5.0
2022,Hyundai,tucson awd,Sport utility vehicle: Small,2.5,4,AS8,X,9.9,8.0,9.0,31,214,5.0,5.0
2022,Hyundai,tucson hybrid,Sport utility vehicle: Small,1.6,4,AM6,X,6.3,6.6,6.4,44,152,7.0,7.0
2022,Hyundai,veloster n,Compact,2.0,4,AM8,Z,12.0,8.6,10.5,27,248,5.0,3.0
2022,Hyundai,veloster n,Compact,2.0,4,M6,Z,10.6,8.3,9.5,30,226,5.0,3.0
2022,Hyundai,venue,Mid-size,1.6,4,AV1,X,7.9,6.9,7.5,38,176,7.0,5.0
2022,Hyundai,venue,Mid-size,1.6,4,M6,X,8.6,6.8,7.8,36,184,6.0,5.0
2022,Infiniti,q50 awd,Mid-size,3.0,6,AS7,Z,12.5,8.7,10.8,26,254,5.0,3.0
2022,Infiniti,q50 awd red sport,Mid-size,3.0,6,AS7,Z,12.5,9.3,11.1,25,261,4.0,3.0
2022,Infiniti,q60 awd,Subcompact,3.0,6,AS7,Z,12.3,8.7,10.7,26,252,5.0,3.0
2022,Infiniti,q60 awd red sport,Subcompact,3.0,6,AS7,Z,12.5,9.2,11.0,26,259,4.0,3.0
2022,Infiniti,qx50 awd,Sport utility vehicle: Small,2.0,4,AV8,Z,10.8,8.3,9.7,29,228,5.0,6.0
2022,Infiniti,qx55 awd,Sport utility vehicle: Small,2.0,4,AV8,Z,10.5,8.3,9.5,30,223,5.0,6.0
2022,Infiniti,qx60 awd,Sport utility vehicle: Standard,3.5,6,AS9,Z,11.9,9.5,10.8,26,253,5.0,5.0
2022,Infiniti,qx80 4wd,Sport utility vehicle: Standard,5.6,8,AS7,Z,17.5,12.2,15.1,19,355,3.0,3.0
2022,Jaguar,e-pace p250,Sport utility vehicle: Small,2.0,4,AS9,Z,11.5,9.2,10.4,27,247,5.0,7.0
2022,Jaguar,e-pace p300,Sport utility vehicle: Small,2.0,4,AS9,Z,11.2,9.2,10.3,27,245,5.0,7.0
2022,Jaguar,f-pace p250,Sport utility vehicle: Small,2.0,4,AS8,Z,10.7,8.8,9.9,29,227,5.0,7.0
2022,Jaguar,f-pace p340,Sport utility vehicle: Small,3.0,6,AS8,Z,12.0,8.8,10.6,27,250,5.0,7.0
2022,Jaguar,f-pace p400,Sport utility vehicle: Small,3.0,6,AS8,Z,12.1,9.1,10.8,26,253,5.0,7.0
2022,Jaguar,f-pace svr,Sport utility vehicle: Small,5.0,8,AS8,Z,15.5,11.0,13.5,21,316,3.0,3.0
2022,Jaguar,f-type p450 convertible,Two-seater,5.0,8,AS8,Z,14.1,9.7,12.1,23,286,4.0,3.0
2022,Jaguar,f-type p450 convertible awd,Two-seater,5.0,8,AS8,Z,15.2,9.8,12.7,22,299,3.0,3.0
2022,Jaguar,f-type p450 coupe,Two-seater,5.0,8,AS8,Z,14.1,9.7,12.1,23,286,4.0,3.0
2022,Jaguar,f-type p450 coupe awd,Two-seater,5.0,8,AS8,Z,15.2,9.8,12.7,22,299,3.0,3.0
2022,Jaguar,f-type r convertible awd,Two-seater,5.0,8,AS8,Z,15.2,9.8,12.7,22,299,3.0,3.0
2022,Jaguar,f-type r coupe awd,Two-seater,5.0,8,AS8,Z,15.2,9.8,12.7,22,299,3.0,3.0
2022,Jaguar,xf p300 awd,Mid-size,2.0,4,AS8,Z,10.6,7.7,9.3,30,219,5.0,7.0
2022,Jeep,cherokee,Sport utility vehicle: Small,2.0,4,A9,X,10.4,7.6,9.1,31,214,5.0,5.0
2022,Jeep,cherokee,Sport utility vehicle: Small,2.4,4,A9,X,10.8,7.5,9.3,30,219,5.0,6.0
2022,Jeep,cherokee,Sport utility vehicle: Small,3.2,6,A9,X,11.9,8.2,10.2,28,240,5.0,5.0
2022,Jeep,cherokee 4x4 active drive i,Sport utility vehicle: Small,2.0,4,A9,X,11.2,8.0,9.8,29,229,5.0,5.0
2022,Jeep,cherokee 4x4 active drive i,Sport utility vehicle: Small,2.4,4,A9,X,11.2,8.0,9.8,29,230,5.0,6.0
2022,Jeep,cherokee 4x4 active drive i,Sport utility vehicle: Small,3.2,6,A9,X,12.2,8.6,10.6,27,249,5.0,5.0
2022,Jeep,cherokee 4x4 active drive lock,Sport utility vehicle: Small,3.2,6,A9,X,12.9,9.7,11.5,25,268,4.0,5.0
2022,Jeep,compass,Sport utility vehicle: Small,2.4,4,A6,X,10.6,7.6,9.3,30,218,5.0,6.0
2022,Jeep,compass 4x4,Sport utility vehicle: Small,2.4,4,A9,X,10.8,7.8,9.5,30,222,5.0,6.0
2022,Jeep,gladiator 4x4 ecodiesel,Pickup truck: Standard,3.0,6,A8,D,10.8,8.5,9.8,29,263,4.0,1.0
2022,Jeep,gladiator 4x4 rubicon ecodiesel,Pickup truck: Standard,3.0,6,A8,D,11.0,8.7,10.0,28,271,4.0,1.0
2022,Jeep,gladiator 4x4,Pickup truck: Standard,3.6,6,A8,X,13.7,10.7,12.3,23,290,4.0,7.0
2022,Jeep,gladiator 4x4,Pickup truck: Standard,3.6,6,M6,X,14.3,10.4,12.6,22,296,4.0,5.0
2022,Jeep,grand cherokee 4x4,Sport utility vehicle: Standard,3.6,6,A8,X,12.3,9.2,10.9,26,256,5.0,7.0
2022,Jeep,grand cherokee 4x4,Sport utility vehicle: Standard,5.7,8,A8,X,16.7,10.9,14.1,20,331,3.0,5.0
2022,Jeep,grand cherokee l 4x4,Sport utility vehicle: Standard,3.6,6,A8,X,13.0,9.4,11.3,25,266,4.0,7.0
2022,Jeep,grand cherokee l 4x4,Sport utility vehicle: Standard,5.7,8,A8,X,16.7,10.9,14.1,20,331,3.0,5.0
2022,Jeep,grand cherokee wk 4x4,Sport utility vehicle: Standard,3.6,6,A8,X,12.7,9.6,11.3,25,265,4.0,7.0
2022,Jeep,grand wagoneer 4x4,Sport utility vehicle: Standard,3.0,6,A8,Z,16.3,11.8,14.3,20,334,3.0,5.0
2022,Jeep,grand wagoneer 4x4,Sport utility vehicle: Standard,6.4,8,A8,Z,18.6,12.8,16.0,18,374,2.0,1.0
2022,Jeep,renegade,Sport utility vehicle: Small,1.3,4,A9,X,9.8,7.4,8.7,32,204,6.0,6.0
2022,Jeep,renegade 4x4,Sport utility vehicle: Small,1.3,4,A9,X,10.1,8.1,9.2,31,222,5.0,6.0
2022,Jeep,renegade 4x4 trailhawk,Sport utility vehicle: Small,1.3,4,A9,X,10.8,8.7,9.9,29,231,5.0,6.0
2022,Jeep,wagoneer 4x4,Sport utility vehicle: Standard,5.7,8,A8,X,15.6,11.7,13.8,20,323,3.0,5.0
2022,Jeep,wrangler jl 4x4,Sport utility vehicle: Small,2.0,4,A8,X,10.7,9.8,10.3,27,241,5.0,5.0
2022,Jeep,wrangler jl 4x4,Sport utility vehicle: Small,3.6,6,A8,X,12.8,10.4,11.8,24,274,4.0,7.0
2022,Jeep,wrangler jl 4x4 etorque,Sport utility vehicle: Small,3.6,6,A8,X,12.0,9.8,11.0,26,258,4.0,5.0
2022,Jeep,wrangler jl 4x4,Sport utility vehicle: Small,3.6,6,M6,X,13.7,9.6,11.8,24,277,4.0,5.0
2022,Jeep,wrangler jl unlimited 4x4,Sport utility vehicle: Small,2.0,4,A8,X,11.5,9.9,10.8,26,251,5.0,5.0
2022,Jeep,wrangler jl unlimited 4x4 ecodiesel,Sport utility vehicle: Small,3.0,6,A8,D,10.6,8.1,9.5,30,255,5.0,1.0
2022,Jeep,wrangler jl unlimited 4x4 rubicon ecodiesel,Sport utility vehicle: Small,3.0,6,A8,D,11.2,9.0,10.2,28,275,4.0,1.0
2022,Jeep,wrangler jl unlimited 4x4,Sport utility vehicle: Small,3.6,6,A8,X,12.9,10.2,11.7,24,275,4.0,7.0
2022,Jeep,wrangler jl unlimited 4x4 etorque,Sport utility vehicle: Small,3.6,6,A8,X,12.3,9.9,11.2,25,262,4.0,5.0
2022,Jeep,wrangler jl unlimited 4x4,Sport utility vehicle: Small,3.6,6,M6,X,13.8,10.1,12.2,23,285,4.0,5.0
2022,Jeep,wrangler jl unlimited 4x4,Sport utility vehicle: Small,6.4,8,A8,Z,18.5,14.1,16.5,17,387,2.0,1.0
2022,Kia,carnival,Minivan,3.5,6,AS8,X,12.0,8.9,10.6,27,252,5.0,5.0
2022,Kia,forte,Mid-size,1.6,4,AM7,X,8.7,6.6,7.8,36,184,6.0,5.0
2022,Kia,forte,Mid-size,2.0,4,AV,X,7.9,5.9,7.0,40,165,7.0,5.0
2022,Kia,forte,Mid-size,2.0,4,M6,X,8.8,6.1,7.6,37,178,7.0,5.0
2022,Kia,forte 5,Full-size,1.6,4,AM7,X,8.9,6.9,8.0,35,190,6.0,5.0
2022,Kia,forte 5,Full-size,2.0,4,AV,X,8.0,6.0,7.1,40,169,7.0,5.0
2022,Kia,k5,Full-size,2.5,4,AM8,X,9.9,7.3,8.7,32,207,6.0,5.0
2022,Kia,k5 awd,Full-size,1.6,4,AS8,X,9.2,7.0,8.2,34,195,6.0,5.0
2022,Kia,niro,Station wagon: Small,1.6,4,AM6,X,4.4,4.9,4.6,61,110,9.0,7.0
2022,Kia,niro fe,Station wagon: Small,1.6,4,AM6,X,4.4,4.9,4.6,61,110,9.0,7.0
2022,Kia,niro touring,Station wagon: Small,1.6,4,AM6,X,5.0,5.6,5.3,53,124,9.0,7.0
2022,Kia,rio,Compact,1.6,4,AV1,X,7.2,6.0,6.7,42,159,7.0,3.0
2022,Kia,rio,Compact,1.6,4,M6,X,7.7,6.1,7.0,40,166,7.0,3.0
2022,Kia,seltos,Sport utility vehicle: Small,2.0,4,AV8,X,8.2,7.1,7.7,37,182,6.0,5.0
2022,Kia,seltos awd,Sport utility vehicle: Small,1.6,4,AM7,X,9.4,7.9,8.7,32,205,6.0,5.0
2022,Kia,seltos awd,Sport utility vehicle: Small,2.0,4,AV8,X,8.8,7.6,8.2,34,195,6.0,5.0
2022,Kia,sorento awd,Sport utility vehicle: Small,2.5,4,AM8,X,10.9,8.7,9.9,29,234,5.0,5.0
2022,Kia,sorento awd,Sport utility vehicle: Small,2.5,4,AS8,X,10.1,9.2,9.7,29,227,5.0,5.0
2022,Kia,sorento hybrid awd,Sport utility vehicle: Small,1.6,4,AM6,X,6.4,7.0,6.6,43,157,7.0,7.0
2022,Kia,soul,Station wagon: Small,2.0,4,AV,X,8.5,7.0,7.9,36,187,6.0,7.0
2022,Kia,sportage,Sport utility vehicle: Small,2.4,4,AS6,X,10.1,7.6,9.0,31,214,5.0,5.0
2022,Kia,sportage awd,Sport utility vehicle: Small,2.0,4,AS6,X,12.1,9.6,11.0,26,261,4.0,5.0
2022,Kia,sportage awd,Sport utility vehicle: Small,2.4,4,AS6,X,10.8,9.1,10.0,28,238,5.0,5.0
2022,Kia,stinger awd,Mid-size,3.3,6,AS8,Z,13.7,9.6,11.9,24,280,4.0,3.0
2022,Kia,telluride awd,Sport utility vehicle: Small,3.8,6,AS8,X,12.7,9.7,11.3,25,266,4.0,5.0
2022,Lamborghini,aventador countach,Two-seater,6.5,12,AM7,Z,26.5,14.6,21.2,13,489,1.0,1.0
2022,Lamborghini,aventador ultimae coupe,Two-seater,6.5,12,AM7,Z,26.8,15.1,21.5,13,498,1.0,1.0
2022,Lamborghini,aventador ultimae roadster,Two-seater,6.5,12,AM7,Z,26.8,15.1,21.5,13,498,1.0,1.0
2022,Lamborghini,huracan evo coupe,Two-seater,5.2,10,AM7,Z,18.0,12.9,15.7,18,371,2.0,1.0
2022,Lamborghini,huracan evo coupe awd,Two-seater,5.2,10,AM7,Z,18.0,12.9,15.7,18,370,2.0,1.0
2022,Lamborghini,huracan evo spyder,Two-seater,5.2,10,AM7,Z,18.0,12.9,15.7,18,371,2.0,1.0
2022,Lamborghini,huracan evo spyder awd,Two-seater,5.2,10,AM7,Z,18.0,12.9,15.7,18,370,2.0,1.0
2022,Lamborghini,urus,Sport utility vehicle: Standard,4.0,8,AS8,Z,19.2,14.1,16.9,17,384,2.0,3.0
2022,Land Rover,defender 90 p300,Sport utility vehicle: Standard,2.0,4,AS8,Z,13.2,11.3,12.3,23,289,4.0,7.0
2022,Land Rover,defender 90 p400,Sport utility vehicle: Standard,3.0,6,AS8,Z,13.5,10.8,12.3,23,287,4.0,7.0
2022,Land Rover,defender 90 5.0l v8,Sport utility vehicle: Standard,5.0,8,AS8,Z,15.8,12.4,14.3,20,339,3.0,3.0
2022,Land Rover,defender 110 p300,Sport utility vehicle: Standard,2.0,4,AS8,Z,14.2,11.7,13.0,22,306,3.0,7.0
2022,Land Rover,defender 110 p400,Sport utility vehicle: Standard,3.0,6,AS8,Z,13.5,10.8,12.3,23,287,4.0,7.0
2022,Land Rover,defender 110 5.0l v8,Sport utility vehicle: Standard,5.0,8,AS8,Z,16.4,12.7,14.7,19,350,3.0,3.0
2022,Land Rover,discovery p300,Sport utility vehicle: Standard,2.0,4,AS8,Z,12.2,10.6,11.5,25,271,4.0,7.0
2022,Land Rover,discovery p360,Sport utility vehicle: Standard,3.0,6,AS8,Z,12.8,9.8,11.4,25,270,4.0,7.0
2022,Land Rover,discovery sport p250,Sport utility vehicle: Small,2.0,4,AS9,Z,12.7,10.0,11.5,25,271,4.0,7.0
2022,Land Rover,new range rover p400,Sport utility vehicle: Standard,3.0,6,AS8,Z,13.0,9.1,11.3,25,265,4.0,7.0
2022,Land Rover,new range rover p400 lwb,Sport utility vehicle: Standard,3.0,6,AS8,Z,13.0,9.1,11.3,25,265,4.0,7.0
2022,Land Rover,new range rover p530,Sport utility vehicle: Standard,4.4,8,AS8,Z,15.1,11.1,13.3,21,316,3.0,5.0
2022,Land Rover,new range rover p530 lwb,Sport utility vehicle: Standard,4.4,8,AS8,Z,15.2,11.0,13.3,21,314,3.0,5.0
2022,Land Rover,range rover p360,Sport utility vehicle: Standard,3.0,6,AS8,Z,13.3,10.2,11.9,24,279,4.0,7.0
2022,Land Rover,range rover p400,Sport utility vehicle: Standard,3.0,6,AS8,Z,13.3,10.2,11.9,24,279,4.0,7.0
2022,Land Rover,range rover p525,Sport utility vehicle: Standard,5.0,8,AS8,Z,14.4,11.3,13.0,22,305,3.0,3.0
2022,Land Rover,range rover p525 lwb,Sport utility vehicle: Standard,5.0,8,AS8,Z,14.4,11.3,13.0,22,305,3.0,3.0
2022,Land Rover,range rover svautobiography,Sport utility vehicle: Standard,5.0,8,AS8,Z,17.1,12.6,15.1,19,354,3.0,3.0
2022,Land Rover,range rover svautobiography lwb,Sport utility vehicle: Standard,5.0,8,AS8,Z,17.9,12.7,15.5,18,365,2.0,3.0
2022,Land Rover,range rover sport p360,Sport utility vehicle: Standard,3.0,6,AS8,Z,12.7,9.9,11.4,25,269,4.0,7.0
2022,Land Rover,range rover sport hst p400,Sport utility vehicle: Standard,3.0,6,AS8,Z,12.7,9.9,11.4,25,269,4.0,7.0
2022,Land Rover,range rover sport p525,Sport utility vehicle: Standard,5.0,8,AS8,Z,14.1,10.7,12.6,22,294,4.0,3.0
2022,Land Rover,range rover sport p575 svr,Sport utility vehicle: Standard,5.0,8,AS8,Z,16.2,12.0,14.3,20,336,3.0,3.0
2022,Land Rover,range rover evoque p250,Sport utility vehicle: Small,2.0,4,AS9,Z,11.9,8.8,10.5,27,247,5.0,7.0
2022,Land Rover,range rover evoque p300,Sport utility vehicle: Small,2.0,4,AS9,Z,11.3,9.1,10.3,27,244,5.0,7.0
2022,Land Rover,range rover velar p250,Sport utility vehicle: Small,2.0,4,AS8,Z,11.5,9.0,10.4,27,244,5.0,7.0
2022,Land Rover,range rover velar p340,Sport utility vehicle: Small,3.0,6,AS8,Z,11.8,9.0,10.5,27,248,5.0,7.0
2022,Land Rover,range rover velar p400,Sport utility vehicle: Small,3.0,6,AS8,Z,12.6,9.6,11.3,25,265,4.0,7.0
2022,Lexus,es 250 awd,Mid-size,2.5,4,AS8,X,9.5,7.0,8.4,34,195,6.0,6.0
2022,Lexus,es 300h,Mid-size,2.5,4,AV6,X,5.5,5.2,5.3,53,124,9.0,7.0
2022,Lexus,es 350,Mid-size,3.5,6,AS8,X,10.7,7.3,9.2,31,214,5.0,5.0
2022,Lexus,es 350 f sport,Mid-size,3.5,6,AS8,X,10.9,7.5,9.4,30,219,5.0,5.0
2022,Lexus,gx 460,Sport utility vehicle: Standard,4.6,8,AS6,Z,16.2,12.3,14.5,19,337,3.0,3.0
2022,Lexus,is 300,Compact,2.0,4,AS6,Z,11.0,7.6,9.5,30,221,5.0,5.0
2022,Lexus,is 300 awd,Compact,3.5,6,AS6,Z,12.2,9.0,10.8,26,253,5.0,5.0
2022,Lexus,is 350 awd,Compact,3.5,6,AS6,Z,12.2,9.0,10.8,26,253,5.0,5.0
2022,Lexus,is 500,Compact,5.0,8,AS8,Z,14.1,9.3,11.9,24,280,4.0,5.0
2022,Lexus,lc 500,Subcompact,5.0,8,AS10,Z,15.1,9.6,12.6,22,294,4.0,5.0
2022,Lexus,lc 500 convertible,Minicompact,5.0,8,AS10,Z,16.0,9.5,13.0,22,304,3.0,5.0
2022,Lexus,lc 500h,Subcompact,3.5,6,AV10,Z,9.0,7.1,8.1,35,189,6.0,7.0
2022,Lexus,ls 500 awd,Mid-size,3.4,6,AS10,Z,13.8,8.7,11.2,25,270,4.0,5.0
2022,Lexus,ls 500h awd,Mid-size,3.5,6,AV10,Z,10.1,8.1,9.2,31,216,5.0,7.0
2022,Lexus,lx 600,Sport utility vehicle: Standard,3.4,6,AS10,Z,14.2,10.8,12.7,22,298,4.0,5.0
2022,Lexus,nx 250 awd,Sport utility vehicle: Small,2.5,4,AS8,X,9.4,7.4,8.4,34,198,6.0,6.0
2022,Lexus,nx 350 awd,Sport utility vehicle: Small,2.4,4,AS8,Z,10.5,8.3,9.5,30,221,5.0,7.0
2022,Lexus,nx 350 awd f sport,Sport utility vehicle: Small,2.4,4,AS8,Z,10.5,8.4,9.5,30,222,5.0,7.0
2022,Lexus,nx 350h awd,Sport utility vehicle: Small,2.5,4,AV6,Z,5.7,6.4,6.0,47,140,8.0,7.0
2022,Lexus,rc 300 awd,Subcompact,3.5,6,AS6,Z,12.2,9.0,10.8,26,253,5.0,5.0
2022,Lexus,rc 350 awd,Subcompact,3.5,6,AS6,Z,12.2,9.0,10.8,26,253,5.0,5.0
2022,Lexus,rc f,Subcompact,5.0,8,AS8,Z,14.4,9.6,12.2,23,285,4.0,5.0
2022,Lexus,rx 350 awd,Sport utility vehicle: Small,3.5,6,AS8,X,12.2,9.0,10.8,26,252,5.0,5.0
2022,Lexus,rx 350 l awd,Sport utility vehicle: Small,3.5,6,AS8,X,13.1,9.4,11.1,25,268,4.0,5.0
2022,Lexus,rx 450h awd,Sport utility vehicle: Standard,3.5,6,AV6,Z,7.5,8.4,7.9,36,185,6.0,7.0
2022,Lexus,rx 450h l awd,Sport utility vehicle: Standard,3.5,6,AV6,Z,8.1,8.4,8.1,35,190,6.0,7.0
2022,Lexus,ux 200,Mid-size,2.0,4,AS10,X,8.0,6.3,7.2,39,168,7.0,6.0
2022,Lexus,ux 250h awd,Compact,2.0,4,AV6,X,5.7,6.2,6.0,47,140,8.0,7.0
2022,Lincoln,aviator awd,Sport utility vehicle: Standard,3.0,6,AS10,X,13.7,9.7,11.9,24,280,4.0,5.0
2022,Lincoln,corsair awd,Sport utility vehicle: Small,2.0,4,AS8,X,11.1,8.1,9.8,29,229,5.0,5.0
2022,Lincoln,corsair awd,Sport utility vehicle: Small,2.3,4,AS8,X,11.2,8.3,9.9,29,232,5.0,5.0
2022,Lincoln,nautilus awd,Sport utility vehicle: Small,2.0,4,A8,X,11.8,9.4,10.7,26,252,5.0,6.0
2022,Lincoln,nautilus awd,Sport utility vehicle: Small,2.0,4,AS8,X,11.8,9.4,10.7,26,251,5.0,6.0
2022,Lincoln,nautilus awd,Sport utility vehicle: Small,2.7,6,AS8,X,12.6,9.3,11.2,25,262,4.0,5.0
2022,Lincoln,navigator 4x4,Sport utility vehicle: Standard,3.5,6,AS10,X,15.2,10.8,13.2,21,311,3.0,6.0
2022,Maserati,ghibli gt,Mid-size,3.0,6,A8,Z,13.4,9.4,11.6,24,271,4.0,3.0
2022,Maserati,ghibli modena,Mid-size,3.0,6,A8,Z,13.4,9.4,11.6,24,271,4.0,3.0
2022,Maserati,ghibli modena awd,Mid-size,3.0,6,A8,Z,14.8,9.8,12.6,22,293,4.0,3.0
2022,Maserati,ghibli trofeo,Mid-size,3.8,8,A8,Z,17.4,11.9,14.9,19,348,3.0,1.0
2022,Maserati,levante gt,Sport utility vehicle: Standard,3.0,6,A8,Z,15.1,10.9,13.2,21,308,3.0,3.0
2022,Maserati,levante modena,Sport utility vehicle: Standard,3.0,6,A8,Z,15.1,10.9,13.2,21,308,3.0,3.0
2022,Maserati,levante modena v8,Sport utility vehicle: Standard,3.8,8,A8,Z,17.4,12.0,15.0,19,349,3.0,1.0
2022,Maserati,levante trofeo,Sport utility vehicle: Standard,3.8,8,A8,Z,17.4,12.0,15.0,19,349,3.0,1.0
2022,Maserati,mc20,Two-seater,3.0,6,AS8,Z,15.4,9.5,12.8,22,295,4.0,5.0
2022,Maserati,quattroporte gt,Full-size,3.0,6,A8,Z,14.4,9.3,12.1,23,281,4.0,3.0
2022,Maserati,quattroporte modena,Full-size,3.0,6,A8,Z,14.4,9.3,12.1,23,281,4.0,3.0
2022,Maserati,quattroporte modena awd,Full-size,3.0,6,A8,Z,14.8,9.8,12.6,22,293,4.0,3.0
2022,Maserati,quattroporte trofeo,Full-size,3.8,8,A8,Z,17.4,11.9,14.9,19,348,3.0,1.0
2022,Mazda,cx-3,Compact,2.0,4,AS6,X,8.3,6.9,7.7,37,179,7.0,3.0
2022,Mazda,cx-3 (sil),Compact,2.0,4,M6,X,8.8,7.0,8.0,35,186,6.0,3.0
2022,Mazda,cx-3 4wd,Compact,2.0,4,AS6,X,8.6,7.4,8.1,35,189,6.0,3.0
2022,Mazda,cx-30 4wd,Sport utility vehicle: Small,2.0,4,AS6,X,9.4,7.7,8.6,33,202,6.0,7.0
2022,Mazda,cx-30 4wd,Sport utility vehicle: Small,2.5,4,AS6,X,9.9,7.7,8.9,32,208,6.0,7.0
2022,Mazda,cx-30 turbo 4wd,Sport utility vehicle: Small,2.5,4,AS6,X,10.5,7.9,9.3,30,220,5.0,5.0
2022,Mazda,cx-5 4wd,Sport utility vehicle: Small,2.5,4,AS6,X,10.2,8.2,9.3,30,216,5.0,6.0
2022,Mazda,cx-5 4wd (cylinder deactivation),Sport utility vehicle: Small,2.5,4,AS6,X,9.9,7.9,9.0,31,209,5.0,6.0
2022,Mazda,cx-5 turbo 4wd,Sport utility vehicle: Small,2.5,4,AS6,X,10.8,8.7,9.8,29,230,5.0,5.0
2022,Mazda,cx-9 4wd,Sport utility vehicle: Small,2.5,4,AS6,X,11.6,9.0,10.4,27,243,5.0,5.0
2022,Mazda,mazda3 4-door,Compact,2.0,4,AS6,X,8.4,6.6,7.6,37,178,7.0,7.0
2022,Mazda,mazda3 4-door (sil),Compact,2.0,4,M6,X,8.7,6.4,7.7,37,180,7.0,7.0
2022,Mazda,mazda3 4-door,Compact,2.5,4,AS6,X,8.9,6.5,7.8,36,183,6.0,7.0
2022,Mazda,mazda3 4-door 4wd,Compact,2.5,4,AS6,X,9.5,7.2,8.5,33,199,6.0,7.0
2022,Mazda,mazda3 4-door turbo 4wd,Compact,2.5,4,AS6,X,10.1,7.3,8.8,32,207,6.0,5.0
2022,Mazda,mazda3 5-door,Mid-size,2.0,4,AS6,X,8.6,6.7,7.7,37,181,7.0,7.0
2022,Mazda,mazda3 5-door (sil),Mid-size,2.0,4,M6,X,8.7,6.6,7.8,36,181,6.0,7.0
2022,Mazda,mazda3 5-door,Mid-size,2.5,4,AS6,X,9.1,6.8,8.1,35,190,6.0,7.0
2022,Mazda,mazda3 5-door (sil),Mid-size,2.5,4,M6,X,9.6,7.1,8.4,34,198,6.0,7.0
2022,Mazda,mazda3 5-door 4wd,Mid-size,2.5,4,AS6,X,9.5,7.4,8.6,33,200,6.0,7.0
2022,Mazda,mazda3 5-door turbo 4wd,Mid-size,2.5,4,AS6,X,10.1,7.5,8.9,32,209,5.0,5.0
2022,Mazda,mx-5,Two-seater,2.0,4,AS6,Z,9.0,6.6,7.9,36,186,6.0,3.0
2022,Mazda,mx-5 (sil),Two-seater,2.0,4,M6,Z,9.0,7.0,8.1,35,189,6.0,3.0
2022,Mercedes-Benz,a 220 4matic sedan,Subcompact,2.0,4,AM7,Z,9.5,6.8,8.3,34,194,6.0,5.0
2022,Mercedes-Benz,a 250 4matic hatch,Station wagon: Small,2.0,4,AM7,Z,10.0,7.0,8.7,32,202,6.0,5.0
2022,Mercedes-Benz,amg a 35 4matic sedan,Subcompact,2.0,4,AM7,Z,10.8,7.9,9.5,30,221,5.0,5.0
2022,Mercedes-Benz,amg a 35 4matic hatch,Station wagon: Small,2.0,4,AM7,Z,10.8,7.8,9.4,30,221,5.0,5.0
2022,Mercedes-Benz,amg c 43 4matic cabriolet,Subcompact,3.0,6,A9,Z,12.7,8.7,10.9,26,256,5.0,5.0
2022,Mercedes-Benz,amg c 43 4matic coupe,Subcompact,3.0,6,A9,Z,12.6,8.5,10.8,26,252,5.0,5.0
2022,Mercedes-Benz,amg cla 35 4matic coupe,Compact,2.0,4,AM7,Z,11.0,8.2,9.7,29,227,5.0,5.0
2022,Mercedes-Benz,amg cla 45 4matic coupe,Compact,2.0,4,AM8,Z,12.0,8.5,10.4,27,243,5.0,3.0
2022,Mercedes-Benz,amg cls 53 4matic+ coupe,Compact,3.0,6,A9,Z,11.6,8.8,10.3,27,241,5.0,6.0
2022,Mercedes-Benz,amg e 53 4matic+ sedan,Mid-size,3.0,6,A9,Z,11.3,8.3,9.9,29,232,5.0,6.0
2022,Mercedes-Benz,amg e 53 4matic+ cabriolet,Subcompact,3.0,6,A9,Z,12.0,8.9,10.6,27,247,5.0,6.0
2022,Mercedes-Benz,amg e 53 4matic+ coupe,Subcompact,3.0,6,A9,Z,11.7,8.4,10.2,28,239,5.0,6.0
2022,Mercedes-Benz,amg g 63 suv,Sport utility vehicle: Standard,4.0,8,A9,Z,19.3,15.6,17.6,16,412,1.0,3.0
2022,Mercedes-Benz,amg g 63 4x4 squared,Sport utility vehicle: Standard,4.0,8,A9,Z,21.5,18.7,20.2,14,470,1.0,3.0
2022,Mercedes-Benz,amg gla 35 4matic suv,Station wagon: Small,2.0,4,AM8,Z,11.0,8.4,9.8,29,230,5.0,5.0
2022,Mercedes-Benz,amg gla 45 4matic suv,Station wagon: Small,2.0,4,AM8,Z,12.3,9.6,11.1,25,260,4.0,3.0
2022,Mercedes-Benz,amg glb 35 4matic suv,Station wagon: Mid-size,2.0,4,AM8,Z,12.7,9.4,11.2,25,262,4.0,5.0
2022,Mercedes-Benz,amg glc 43 4matic suv,Sport utility vehicle: Small,3.0,6,A9,Z,12.9,9.3,11.3,25,264,4.0,5.0
2022,Mercedes-Benz,amg glc 43 4matic coupe,Sport utility vehicle: Small,3.0,6,A9,Z,14.0,10.1,12.3,23,287,4.0,5.0
2022,Mercedes-Benz,amg gle 53 4matic+ suv,Sport utility vehicle: Standard,3.0,6,A9,Z,13.4,10.6,12.1,23,283,4.0,6.0
2022,Mercedes-Benz,amg gle 53 4matic+ coupe,Sport utility vehicle: Standard,3.0,6,A9,Z,13.6,11.1,12.5,23,292,4.0,6.0
2022,Mercedes-Benz,amg gle 63 s 4matic+ suv,Sport utility vehicle: Standard,4.0,8,A9,Z,16.2,12.6,14.6,19,341,3.0,5.0
2022,Mercedes-Benz,amg gle 63 s 4matic+ coupe,Sport utility vehicle: Standard,4.0,8,A9,Z,16.4,12.8,14.8,19,346,3.0,5.0
2022,Mercedes-Benz,amg gls 63 4matic+ suv,Sport utility vehicle: Standard,4.0,8,A9,Z,17.1,13.2,15.3,18,360,2.0,5.0
2022,Mercedes-Benz,amg gt 53 4matic+ coupe,Compact,3.0,6,A9,Z,12.3,9.4,11.0,26,258,4.0,6.0
2022,Mercedes-Benz,amg sl 63 4matic+ roadster,Minicompact,4.0,8,A9,Z,17.1,11.3,14.5,19,339,3.0,5.0
2022,Mercedes-Benz,c 300 4matic sedan,Compact,2.0,4,A9,Z,9.9,7.1,8.6,33,202,6.0,7.0
2022,Mercedes-Benz,c 300 4matic cabriolet,Subcompact,2.0,4,A9,Z,11.0,8.0,9.6,29,224,5.0,6.0
2022,Mercedes-Benz,c 300 4matic coupe,Subcompact,2.0,4,A9,Z,10.7,7.5,9.3,30,217,5.0,6.0
2022,Mercedes-Benz,cla 250 4matic coupe,Compact,2.0,4,AM7,Z,9.8,7.0,8.6,33,200,6.0,5.0
2022,Mercedes-Benz,cls 450 4matic coupe,Compact,3.0,6,A9,Z,11.1,8.2,9.8,29,229,5.0,6.0
2022,Mercedes-Benz,e 350 4matic sedan,Mid-size,2.0,4,A9,Z,11.2,8.2,9.8,29,229,5.0,6.0
2022,Mercedes-Benz,e 450 4matic sedan,Mid-size,3.0,6,A9,Z,10.5,7.9,9.3,30,218,5.0,6.0
2022,Mercedes-Benz,e 450 4matic cabriolet,Subcompact,3.0,6,A9,Z,11.2,8.4,9.9,29,233,5.0,6.0
2022,Mercedes-Benz,e 450 4matic coupe,Subcompact,3.0,6,A9,Z,11.0,8.0,9.6,29,225,5.0,6.0
2022,Mercedes-Benz,e 450 4matic all-terrain wagon,Station wagon: Mid-size,3.0,6,A9,Z,11.0,8.3,9.8,29,229,5.0,6.0
2022,Mercedes-Benz,g 550 suv,Sport utility vehicle: Standard,4.0,8,A9,Z,16.3,13.7,15.1,19,354,3.0,3.0
2022,Mercedes-Benz,gla 250 4matic suv,Sport utility vehicle: Small,2.0,4,AM8,Z,10.3,7.3,9.0,31,210,5.0,5.0
2022,Mercedes-Benz,glb 250 4matic suv,Sport utility vehicle: Small,2.0,4,AM8,Z,10.9,7.9,9.5,30,224,5.0,5.0
2022,Mercedes-Benz,glc 300 4matic suv,Sport utility vehicle: Small,2.0,4,A9,Z,11.5,9.1,10.4,27,242,5.0,6.0
2022,Mercedes-Benz,glc 300 4matic coupe,Sport utility vehicle: Small,2.0,4,A9,Z,11.5,8.5,10.1,28,237,5.0,6.0
2022,Mercedes-Benz,gle 350 4matic suv,Sport utility vehicle: Standard,2.0,4,A9,Z,12.1,8.9,10.7,26,250,5.0,5.0
2022,Mercedes-Benz,gle 450 4matic suv,Sport utility vehicle: Standard,3.0,6,A9,Z,11.4,9.3,10.4,27,244,5.0,6.0
2022,Mercedes-Benz,gle 450 4matic coupe,Sport utility vehicle: Standard,3.0,6,A9,Z,11.7,9.2,10.5,27,247,5.0,6.0
2022,Mercedes-Benz,gls 450 4matic suv,Sport utility vehicle: Standard,3.0,6,A9,Z,12.8,10.0,11.5,25,269,4.0,6.0
2022,Mercedes-Benz,gls 600 4matic maybach suv,Sport utility vehicle: Standard,4.0,8,A9,Z,16.3,12.2,14.4,20,338,3.0,5.0
2022,Mercedes-Benz,maybach s 580 4matic sedan,Full-size,4.0,8,A9,Z,15.2,9.9,12.9,22,301,3.0,5.0
2022,Mercedes-Benz,maybach s 680 4matic sedan,Full-size,6.0,12,A9,Z,19.4,11.2,15.7,18,369,2.0,3.0
2022,Mercedes-Benz,metris cargo van,Special purpose vehicle,2.0,4,A9,Z,12.6,10.1,11.5,25,267,4.0,6.0
2022,Mercedes-Benz,metris cargo van lwb,Special purpose vehicle,2.0,4,A9,Z,12.6,10.1,11.5,25,267,4.0,6.0
2022,Mercedes-Benz,metris passenger van,Special purpose vehicle,2.0,4,A9,Z,13.3,10.6,12.1,23,282,4.0,6.0
2022,Mercedes-Benz,s 500 4matic swb sedan,Full-size,3.0,6,A9,Z,11.4,8.0,9.9,29,231,5.0,6.0
2022,Mercedes-Benz,s 580 4matic lwb sedan,Full-size,4.0,8,A9,Z,14.3,9.5,12.2,23,285,4.0,5.0
2022,MINI,cooper 3 door,Subcompact,1.5,3,AM7,Z,8.2,6.2,7.3,39,170,7.0,7.0
2022,MINI,cooper 3 door,Subcompact,1.5,3,M6,Z,8.7,6.3,7.6,37,177,7.0,7.0
2022,MINI,cooper 5 door,Subcompact,1.5,3,AM7,Z,8.2,6.2,7.3,39,170,7.0,7.0
2022,MINI,cooper 5 door,Subcompact,1.5,3,M6,Z,8.7,6.3,7.6,37,177,7.0,7.0
2022,MINI,cooper convertible,Minicompact,1.5,3,AM7,Z,8.2,6.2,7.3,39,170,7.0,7.0
2022,MINI,cooper convertible,Minicompact,1.5,3,M6,Z,8.7,6.3,7.6,37,177,7.0,7.0
2022,MINI,cooper countryman all4,Mid-size,1.5,3,AS8,Z,10.2,7.7,9.1,31,211,5.0,7.0
2022,MINI,cooper s 3 door,Subcompact,2.0,4,AM7,Z,8.5,6.2,7.5,38,174,7.0,7.0
2022,MINI,cooper s 3 door,Subcompact,2.0,4,M6,Z,10.5,7.3,9.1,31,211,5.0,7.0
2022,MINI,cooper s 5 door,Subcompact,2.0,4,AM7,Z,8.5,6.2,7.5,38,174,7.0,7.0
2022,MINI,cooper s 5 door,Subcompact,2.0,4,M6,Z,10.5,7.3,9.1,31,211,5.0,7.0
2022,MINI,cooper s clubman all4,Mid-size,2.0,4,AS8,Z,10.2,7.4,8.9,32,207,6.0,7.0
2022,MINI,cooper s convertible,Minicompact,2.0,4,AM7,Z,8.8,6.5,7.8,36,182,6.0,7.0
2022,MINI,cooper s convertible,Minicompact,2.0,4,M6,Z,10.1,7.1,8.8,32,205,6.0,7.0
2022,MINI,cooper s countryman all4,Mid-size,2.0,4,AS8,Z,10.4,7.5,9.1,31,212,5.0,7.0
2022,MINI,john cooper works 3 door,Subcompact,2.0,4,AS8,Z,9.3,6.9,8.2,34,191,6.0,7.0
2022,MINI,john cooper works 3 door,Subcompact,2.0,4,M6,Z,10.5,7.3,9.1,31,211,5.0,7.0
2022,MINI,john cooper works clubman all4,Mid-size,2.0,4,AS8,Z,10.1,7.6,9.0,31,210,5.0,3.0
2022,MINI,john cooper works convertible,Minicompact,2.0,4,AS8,Z,9.6,7.2,8.5,33,198,6.0,7.0
2022,MINI,john cooper works countryman all4,Mid-size,2.0,4,AS8,Z,10.4,7.8,9.2,31,210,5.0,3.0
2022,Mitsubishi,eclipse cross 4wd,Sport utility vehicle: Small,1.5,4,AV8,X,9.6,8.9,9.3,30,216,5.0,5.0
2022,Mitsubishi,mirage,Compact,1.2,3,AV,X,6.6,5.6,6.2,46,143,8.0,5.0
2022,Mitsubishi,mirage,Compact,1.2,3,M5,X,7.1,5.8,6.5,43,151,8.0,5.0
2022,Mitsubishi,outlander 4wd,Sport utility vehicle: Small,2.5,4,AV8,X,9.7,7.9,8.9,32,208,6.0,6.0
2022,Mitsubishi,rvr,Sport utility vehicle: Small,2.0,4,AV6,X,9.7,7.8,8.8,32,206,6.0,5.0
2022,Mitsubishi,rvr 4wd,Sport utility vehicle: Small,2.0,4,AV6,X,10.1,8.2,9.2,31,213,5.0,5.0
2022,Mitsubishi,rvr 4wd,Sport utility vehicle: Small,2.4,4,AV6,X,10.3,8.3,9.4,30,218,5.0,5.0
2022,Nissan,altima awd,Mid-size,2.5,4,AV,X,8.9,6.6,7.9,36,186,6.0,7.0
2022,Nissan,altima awd sr/platinum,Mid-size,2.5,4,AV,X,9.1,7.0,8.1,35,191,6.0,7.0
2022,Nissan,armada 4wd,Sport utility vehicle: Standard,5.6,8,AS7,Z,17.5,12.9,15.4,18,362,2.0,3.0
2022,Nissan,frontier,Pickup truck: Standard,3.8,6,AS9,X,12.8,9.5,11.3,25,266,4.0,5.0
2022,Nissan,frontier 4wd,Pickup truck: Standard,3.8,6,AS9,X,14.0,11.2,12.8,22,300,3.0,5.0
2022,Nissan,kicks,Mid-size,1.6,4,AV,X,7.7,6.6,7.2,39,169,7.0,7.0
2022,Nissan,maxima,Mid-size,3.5,6,AV7,Z,11.6,7.9,9.9,29,233,5.0,3.0
2022,Nissan,murano awd,Station wagon: Mid-size,3.5,6,AV7,X,12.1,8.6,10.5,27,248,5.0,5.0
2022,Nissan,pathfinder 4wd,Sport utility vehicle: Small,3.5,6,AS9,X,11.6,9.2,10.5,27,246,5.0,5.0
2022,Nissan,qashqai,Station wagon: Small,2.0,4,AV8,X,8.8,7.6,8.2,34,194,6.0,6.0
2022,Nissan,qashqai,Station wagon: Small,2.0,4,M6,X,10.0,7.9,9.1,31,213,5.0,6.0
2022,Nissan,qashqai awd,Station wagon: Small,2.0,4,AV8,X,9.2,7.8,8.6,33,201,6.0,6.0
2022,Nissan,rogue,Sport utility vehicle: Small,1.5,3,AV8,X,7.8,6.5,7.2,39,169,7.0,6.0
2022,Nissan,rogue,Sport utility vehicle: Small,2.5,4,AV8,X,9.2,7.3,8.4,34,196,6.0,7.0
2022,Nissan,rogue awd,Sport utility vehicle: Small,1.5,3,AV8,X,8.4,6.7,7.6,37,179,7.0,6.0
2022,Nissan,rogue awd sl/platinum,Sport utility vehicle: Small,1.5,3,AV8,X,8.4,6.8,7.7,37,181,6.0,6.0
2022,Nissan,rogue awd,Sport utility vehicle: Small,2.5,4,AV8,X,9.2,7.2,8.3,34,195,6.0,7.0
2022,Nissan,sentra,Mid-size,2.0,4,AV,X,8.0,6.0,7.1,40,167,7.0,7.0
2022,Nissan,sentra sr,Mid-size,2.0,4,AV,X,8.2,6.1,7.3,39,171,7.0,7.0
2022,Nissan,sentra,Mid-size,2.0,4,M6,X,9.2,6.2,7.9,36,185,6.0,7.0
2022,Nissan,sentra sr,Mid-size,2.0,4,M6,X,9.4,6.4,8.1,35,189,6.0,7.0
2022,Nissan,versa,Compact,1.6,4,AV,X,7.4,5.9,6.7,42,158,7.0,7.0
2022,Nissan,versa,Compact,1.6,4,M5,X,8.6,6.7,7.7,37,181,7.0,7.0
2022,Porsche,718 boxster,Two-seater,2.0,4,AM7,Z,11.0,8.7,10.0,28,233,5.0,1.0
2022,Porsche,718 boxster,Two-seater,2.0,4,M6,Z,11.7,8.9,10.5,27,245,5.0,1.0
2022,Porsche,718 boxster t,Two-seater,2.0,4,AM7,Z,11.2,8.7,10.1,28,236,5.0,1.0
2022,Porsche,718 boxster t,Two-seater,2.0,4,M6,Z,11.7,8.9,10.5,27,245,5.0,1.0
2022,Porsche,718 boxster s,Two-seater,2.5,4,AM7,Z,12.2,9.2,10.9,26,255,5.0,1.0
2022,Porsche,718 boxster s,Two-seater,2.5,4,M6,Z,12.5,9.6,11.2,25,263,4.0,1.0
2022,Porsche,718 boxster gts 4.0,Two-seater,4.0,6,AM7,Z,12.3,9.8,11.1,25,260,4.0,5.0
2022,Porsche,718 boxster gts 4.0,Two-seater,4.0,6,M6,Z,14.0,10.0,12.2,23,284,4.0,5.0
2022,Porsche,718 cayman,Two-seater,2.0,4,AM7,Z,11.0,8.7,10.0,28,233,5.0,1.0
2022,Porsche,718 cayman,Two-seater,2.0,4,M6,Z,11.7,8.9,10.5,27,245,5.0,1.0
2022,Porsche,718 cayman t,Two-seater,2.0,4,AM7,Z,11.2,8.7,10.1,28,236,5.0,1.0
2022,Porsche,718 cayman t,Two-seater,2.0,4,M6,Z,11.7,8.9,10.5,27,245,5.0,1.0
2022,Porsche,718 cayman s,Two-seater,2.5,4,AM7,Z,12.2,9.2,10.9,26,255,5.0,1.0
2022,Porsche,718 cayman s,Two-seater,2.5,4,M6,Z,12.5,9.6,11.2,25,263,4.0,1.0
2022,Porsche,718 cayman gts 4.0,Two-seater,4.0,6,AM7,Z,12.3,9.8,11.1,25,260,4.0,5.0
2022,Porsche,718 cayman gts 4.0,Two-seater,4.0,6,M6,Z,14.0,10.0,12.2,23,284,4.0,5.0
2022,Porsche,718 cayman gt4,Two-seater,4.0,6,AM7,Z,13.0,9.9,11.6,24,271,4.0,5.0
2022,Porsche,718 cayman gt4,Two-seater,4.0,6,M6,Z,14.0,10.1,12.2,23,286,4.0,5.0
2022,Porsche,718 spyder,Two-seater,4.0,6,AM7,Z,13.0,9.9,11.6,24,271,4.0,5.0
2022,Porsche,718 spyder,Two-seater,4.0,6,M6,Z,14.0,10.1,12.2,23,286,4.0,5.0
2022,Porsche,911 carrera,Minicompact,3.0,6,AM8,Z,13.1,9.8,11.6,24,275,4.0,5.0
2022,Porsche,911 carrera 4,Minicompact,3.0,6,AM8,Z,13.1,9.8,11.6,24,275,4.0,5.0
2022,Porsche,911 carrera cabriolet,Minicompact,3.0,6,AM8,Z,13.1,9.8,11.6,24,275,4.0,5.0
2022,Porsche,911 carrera 4 cabriolet,Minicompact,3.0,6,AM8,Z,13.1,9.7,11.6,24,275,4.0,5.0
2022,Porsche,911 carrera s,Minicompact,3.0,6,AM8,Z,12.9,10.2,11.7,24,274,4.0,5.0
2022,Porsche,911 carrera s,Minicompact,3.0,6,M7,Z,12.8,9.4,11.3,25,264,4.0,5.0
2022,Porsche,911 carrera 4s,Minicompact,3.0,6,AM8,Z,13.0,10.2,11.8,24,275,4.0,5.0
2022,Porsche,911 carrera 4s,Minicompact,3.0,6,M7,Z,13.8,9.3,11.8,24,275,4.0,5.0
2022,Porsche,911 carrera s cabriolet,Minicompact,3.0,6,AM8,Z,12.9,10.2,11.7,24,273,4.0,5.0
2022,Porsche,911 carrera s cabriolet,Minicompact,3.0,6,M7,Z,13.8,9.4,11.8,24,275,4.0,5.0
2022,Porsche,911 carrera 4s cabriolet,Minicompact,3.0,6,AM8,Z,12.8,10.2,11.7,24,273,4.0,5.0
2022,Porsche,911 carrera 4s cabriolet,Minicompact,3.0,6,M7,Z,13.8,9.8,12.0,24,281,4.0,5.0
2022,Porsche,911 carrera gts,Minicompact,3.0,6,AM8,Z,13.8,10.1,12.1,23,289,4.0,5.0
2022,Porsche,911 carrera gts,Minicompact,3.0,6,M7,Z,13.5,9.8,11.9,24,276,4.0,5.0
2022,Porsche,911 carrera 4 gts,Minicompact,3.0,6,AM8,Z,13.8,10.1,12.1,23,288,4.0,5.0
2022,Porsche,911 carrera 4 gts,Minicompact,3.0,6,M7,Z,13.8,10.2,12.2,23,289,4.0,5.0
2022,Porsche,911 carrera gts cabriolet,Minicompact,3.0,6,AM8,Z,13.8,10.2,12.2,23,289,4.0,5.0
2022,Porsche,911 carrera gts cabriolet,Minicompact,3.0,6,M7,Z,13.8,9.6,11.9,24,278,4.0,5.0
2022,Porsche,911 carrera 4 gts cabriolet,Minicompact,3.0,6,AM8,Z,13.7,10.7,12.3,23,288,4.0,5.0
2022,Porsche,911 carrera 4 gts cabriolet,Minicompact,3.0,6,M7,Z,14.7,10.2,12.7,22,296,4.0,5.0
2022,Porsche,911 gt3,Two-seater,4.0,6,AM7,Z,15.6,12.7,14.3,20,334,3.0,3.0
2022,Porsche,911 gt3,Two-seater,4.0,6,M6,Z,17.0,13.1,15.2,19,355,3.0,3.0
2022,Porsche,911 gt3 touring,Two-seater,4.0,6,AM7,Z,15.7,12.7,14.4,20,335,3.0,3.0
2022,Porsche,911 gt3 touring,Two-seater,4.0,6,M6,Z,16.9,13.1,15.2,19,354,3.0,3.0
2022,Porsche,911 targa 4,Minicompact,3.0,6,AM8,Z,13.1,9.8,11.6,24,275,4.0,5.0
2022,Porsche,911 targa 4s,Minicompact,3.0,6,AM8,Z,13.1,10.2,11.8,24,274,4.0,5.0
2022,Porsche,911 targa 4s,Minicompact,3.0,6,M7,Z,13.7,9.8,11.9,24,278,4.0,5.0
2022,Porsche,911 targa 4 gts,Minicompact,3.0,6,AM8,Z,13.6,10.7,12.3,23,287,4.0,5.0
2022,Porsche,911 targa 4 gts,Minicompact,3.0,6,M7,Z,14.7,10.2,12.7,22,296,4.0,5.0
2022,Porsche,911 turbo,Minicompact,3.7,6,AM8,Z,15.2,11.9,13.7,21,321,3.0,5.0
2022,Porsche,911 turbo cabriolet,Minicompact,3.7,6,AM8,Z,15.6,11.8,13.9,20,324,3.0,5.0
2022,Porsche,911 turbo s,Minicompact,3.7,6,AM8,Z,15.3,11.8,13.7,21,321,3.0,5.0
2022,Porsche,911 turbo s cabriolet,Minicompact,3.7,6,AM8,Z,16.0,11.8,14.1,20,328,3.0,5.0
2022,Porsche,cayenne,Sport utility vehicle: Standard,3.0,6,AS8,Z,13.8,10.7,12.4,23,289,4.0,5.0
2022,Porsche,cayenne coupe,Sport utility vehicle: Standard,3.0,6,AS8,Z,13.8,10.7,12.4,23,289,4.0,5.0
2022,Porsche,cayenne s,Sport utility vehicle: Standard,2.9,6,AS8,Z,14.7,10.6,12.9,22,307,3.0,5.0
2022,Porsche,cayenne s coupe,Sport utility vehicle: Standard,2.9,6,AS8,Z,14.4,11.2,13.0,22,305,3.0,5.0
2022,Porsche,cayenne gts,Sport utility vehicle: Standard,4.0,8,AS8,Z,15.8,12.3,14.2,20,331,3.0,3.0
2022,Porsche,cayenne gts coupe,Sport utility vehicle: Standard,4.0,8,AS8,Z,15.2,12.4,14.0,20,326,3.0,3.0
2022,Porsche,cayenne turbo,Sport utility vehicle: Standard,4.0,8,AS8,Z,16.8,12.4,14.8,19,343,3.0,3.0
2022,Porsche,cayenne turbo coupe,Sport utility vehicle: Standard,4.0,8,AS8,Z,15.9,12.0,14.1,20,330,3.0,3.0
2022,Porsche,cayenne turbo gt,Sport utility vehicle: Standard,4.0,8,AS8,Z,16.8,12.4,14.8,19,345,3.0,3.0
2022,Porsche,macan,Sport utility vehicle: Small,2.0,4,AM7,Z,12.4,9.3,11.0,26,263,4.0,5.0
2022,Porsche,macan s,Sport utility vehicle: Small,2.9,6,AM7,Z,13.8,10.1,12.2,23,289,4.0,5.0
2022,Porsche,macan gts,Sport utility vehicle: Small,2.9,6,AM7,Z,13.5,10.7,12.2,23,290,4.0,5.0
2022,Porsche,panamera,Full-size,2.9,6,AM8,Z,13.1,9.8,11.6,24,274,4.0,5.0
2022,Porsche,panamera 4,Full-size,2.9,6,AM8,Z,12.8,9.8,11.5,25,274,4.0,5.0
2022,Porsche,panamera 4 executive,Full-size,2.9,6,AM8,Z,13.8,10.2,12.2,23,289,4.0,5.0
2022,Porsche,panamera 4 st,Full-size,2.9,6,AM8,Z,12.8,10.2,11.7,24,274,4.0,5.0
2022,Porsche,panamera 4s,Full-size,2.9,6,AM8,Z,12.8,9.8,11.4,25,276,4.0,5.0
2022,Porsche,panamera 4s executive,Full-size,2.9,6,AM8,Z,13.8,10.2,12.2,23,292,4.0,5.0
2022,Porsche,panamera 4s st,Full-size,2.9,6,AM8,Z,13.8,10.2,12.2,23,292,4.0,5.0
2022,Porsche,panamera gts,Full-size,4.0,8,AM8,Z,15.7,11.2,13.7,21,323,3.0,3.0
2022,Porsche,panamera gts st,Full-size,4.0,8,AM8,Z,15.7,11.8,13.9,20,323,3.0,3.0
2022,Porsche,panamera turbo s,Full-size,4.0,8,AM8,Z,15.3,11.2,13.5,21,326,3.0,3.0
2022,Porsche,panamera turbo s executive,Full-size,4.0,8,AM8,Z,15.3,11.2,13.5,21,326,3.0,3.0
2022,Porsche,panamera turbo s st,Full-size,4.0,8,AM8,Z,15.3,11.2,13.5,21,326,3.0,3.0
2022,Ram,1500 ecodiesel,Pickup truck: Standard,3.0,6,A8,D,10.5,7.3,9.0,31,243,5.0,1.0
2022,Ram,1500 hfe ecodiesel,Pickup truck: Standard,3.0,6,A8,D,10.4,7.1,8.9,32,238,5.0,1.0
2022,Ram,1500 etorque,Pickup truck: Standard,3.6,6,A8,X,11.9,9.4,10.8,26,253,5.0,5.0
2022,Ram,1500 hfe etorque,Pickup truck: Standard,3.6,6,A8,X,11.6,9.0,10.4,27,245,5.0,5.0
2022,Ram,1500,Pickup truck: Standard,5.7,8,A8,X,16.2,10.5,13.6,21,320,3.0,5.0
2022,Ram,1500 etorque,Pickup truck: Standard,5.7,8,A8,X,13.0,10.0,11.7,24,275,4.0,5.0
2022,Ram,1500 4x4 ecodiesel,Pickup truck: Standard,3.0,6,A8,D,11.1,8.0,9.7,29,260,4.0,1.0
2022,Ram,1500 4x4 etorque,Pickup truck: Standard,3.6,6,A8,X,12.2,9.7,11.1,25,260,4.0,5.0
2022,Ram,1500 4x4,Pickup truck: Standard,5.7,8,A8,X,16.1,11.0,13.8,20,325,3.0,5.0
2022,Ram,1500 4x4 etorque,Pickup truck: Standard,5.7,8,A8,X,13.4,10.5,12.1,23,284,4.0,5.0
2022,Ram,1500 4x4 trx,Pickup truck: Standard,6.2,8,A8,Z,22.4,16.5,19.8,14,465,1.0,1.0
2022,Ram,1500 classic,Pickup truck: Standard,3.6,6,A8,X,13.9,9.6,11.9,24,280,4.0,3.0
2022,Ram,1500 classic,Pickup truck: Standard,5.7,8,A8,X,15.9,11.1,13.7,21,323,3.0,3.0
2022,Ram,1500 classic 4x4,Pickup truck: Standard,3.6,6,A8,X,14.5,10.2,12.6,22,295,4.0,3.0
2022,Ram,1500 classic 4x4,Pickup truck: Standard,5.7,8,A8,X,16.2,11.6,14.1,20,330,3.0,3.0
2022,Ram,promaster city,Special purpose vehicle,2.4,4,A9,X,11.2,8.3,9.9,29,232,5.0,6.0
2022,Rolls-Royce,cullinan,Station wagon: Mid-size,6.7,12,AS8,Z,20.1,12.1,16.5,17,386,2.0,3.0
2022,Rolls-Royce,cullinan black badge,Station wagon: Mid-size,6.7,12,AS8,Z,20.1,12.1,16.5,17,386,2.0,3.0
2022,Rolls-Royce,ghost,Full-size,6.7,12,AS8,Z,19.9,12.7,16.7,17,387,2.0,3.0
2022,Rolls-Royce,ghost ewb,Full-size,6.7,12,AS8,Z,19.9,12.7,16.7,17,387,2.0,3.0
2022,Rolls-Royce,ghost black badge,Full-size,6.7,12,AS8,Z,19.9,12.7,16.7,17,387,2.0,3.0
2022,Rolls-Royce,phantom,Full-size,6.7,12,AS8,Z,20.0,11.8,16.3,17,382,2.0,3.0
2022,Rolls-Royce,phantom ewb,Full-size,6.7,12,AS8,Z,20.0,11.8,16.3,17,382,2.0,3.0
2022,Subaru,ascent awd,Sport utility vehicle: Standard,2.4,4,AV8,X,11.7,9.0,10.5,27,245,5.0,3.0
2022,Subaru,brz,Minicompact,2.4,4,AS6,Z,11.0,7.7,9.5,30,224,5.0,3.0
2022,Subaru,brz,Minicompact,2.4,4,M6,Z,12.0,8.8,10.5,27,247,5.0,3.0
2022,Subaru,crosstrek awd,Sport utility vehicle: Small,2.0,4,AV8,X,8.5,7.0,7.9,36,184,6.0,7.0
2022,Subaru,crosstrek awd,Sport utility vehicle: Small,2.0,4,M6,X,10.5,8.1,9.4,30,220,5.0,7.0
2022,Subaru,crosstrek awd,Sport utility vehicle: Small,2.5,4,AV8,X,8.8,7.0,8.0,35,188,6.0,7.0
2022,Subaru,forester awd,Sport utility vehicle: Small,2.5,4,AV7,X,9.0,7.2,8.2,34,192,6.0,7.0
2022,Subaru,forester wilderness awd,Sport utility vehicle: Small,2.5,4,AV8,X,9.5,8.3,9.0,31,210,5.0,7.0
2022,Subaru,impreza 4-door awd,Mid-size,2.0,4,AV7,X,8.3,6.4,7.4,38,174,7.0,7.0
2022,Subaru,impreza 4-door awd,Mid-size,2.0,4,M5,X,10.1,7.5,9.0,31,209,5.0,7.0
2022,Subaru,impreza 5-door awd,Station wagon: Small,2.0,4,AV7,X,8.4,6.6,7.6,37,178,7.0,7.0
2022,Subaru,impreza 5-door awd,Station wagon: Small,2.0,4,M5,X,10.1,7.7,9.0,31,211,5.0,7.0
2022,Subaru,legacy awd,Full-size,2.4,4,AV8,X,9.9,7.3,8.7,32,205,6.0,3.0
2022,Subaru,legacy awd,Full-size,2.5,4,AV8,X,8.8,6.7,7.8,36,184,6.0,7.0
2022,Subaru,outback awd,Sport utility vehicle: Small,2.4,4,AV8,X,10.1,7.9,9.1,31,213,5.0,3.0
2022,Subaru,outback awd,Sport utility vehicle: Small,2.5,4,AV8,X,9.0,7.1,8.2,34,192,6.0,7.0
2022,Subaru,outback wilderness awd,Sport utility vehicle: Small,2.4,4,AV8,X,10.9,8.9,10.0,28,235,5.0,3.0
2022,Subaru,wrx awd,Mid-size,2.4,4,AV8,Z,12.7,9.4,11.2,25,262,4.0,3.0
2022,Subaru,wrx awd,Mid-size,2.4,4,M6,Z,12.3,9.0,10.8,26,254,5.0,3.0
2022,Toyota,4runner 4wd,Sport utility vehicle: Standard,4.0,6,AS5,X,14.9,12.6,13.8,20,323,3.0,5.0
2022,Toyota,4runner 4wd (part-time 4wd) ,Sport utility vehicle: Standard,4.0,6,AS5,X,14.8,12.5,13.8,20,321,3.0,5.0
2022,Toyota,c-hr,Compact,2.0,4,AS7,X,8.7,7.5,8.2,34,189,6.0,3.0
2022,Toyota,camry le/se,Mid-size,2.5,4,AS8,X,8.5,6.1,7.4,38,174,7.0,7.0
2022,Toyota,camry xse,Mid-size,2.5,4,AS8,X,8.6,6.3,7.6,37,178,7.0,7.0
2022,Toyota,camry xse v6,Mid-size,3.5,6,AS8,X,10.7,7.4,9.2,31,215,5.0,5.0
2022,Toyota,camry trd,Mid-size,3.5,6,AS8,X,10.8,7.6,9.4,30,220,5.0,5.0
2022,Toyota,camry awd se,Mid-size,2.5,4,AS8,X,9.4,6.8,8.2,34,192,6.0,6.0
2022,Toyota,camry awd xse,Mid-size,2.5,4,AS8,X,9.5,7.0,8.4,34,195,6.0,6.0
2022,Toyota,camry hybrid le,Mid-size,2.5,4,AV,X,4.9,4.8,4.9,58,113,9.0,7.0
2022,Toyota,camry hybrid se/xle/xse,Mid-size,2.5,4,AV,X,5.3,5.0,5.1,55,121,9.0,7.0
2022,Toyota,corolla,Compact,1.8,4,AV,X,7.9,6.2,7.1,40,166,7.0,5.0
2022,Toyota,corolla xle,Compact,1.8,4,AV,X,8.1,6.3,7.3,39,170,7.0,5.0
2022,Toyota,corolla,Compact,1.8,4,M6,X,8.0,6.0,7.1,40,165,7.0,5.0
2022,Toyota,corolla,Compact,2.0,4,AV10,X,7.6,5.9,6.8,42,159,7.0,7.0
2022,Toyota,corolla xse,Compact,2.0,4,AV10,X,7.7,6.1,7.0,40,164,7.0,7.0
2022,Toyota,corolla,Compact,2.0,4,M6,X,8.2,6.5,7.4,38,172,7.0,7.0
2022,Toyota,corolla apex edition,Compact,2.0,4,AV10,X,7.7,6.2,7.0,40,164,7.0,7.0
2022,Toyota,corolla hatchback,Compact,2.0,4,AV10,X,7.5,5.9,6.8,42,159,7.0,7.0
2022,Toyota,corolla hatchback,Compact,2.0,4,M6,X,8.4,6.7,7.6,37,179,7.0,7.0
2022,Toyota,corolla hybrid,Compact,1.8,4,AV,X,4.4,4.5,4.5,63,106,9.0,7.0
2022,Toyota,corolla cross,Sport utility vehicle: Small,2.0,4,AV10,X,7.6,7.0,7.3,39,171,7.0,7.0
2022,Toyota,corolla cross awd,Sport utility vehicle: Small,2.0,4,AV10,X,8.1,7.4,7.8,36,182,6.0,7.0
2022,Toyota,gr supra 2.0,Two-seater,2.0,4,AS8,Z,9.3,7.2,8.4,34,195,6.0,7.0
2022,Toyota,gr supra 3.0,Two-seater,3.0,6,AS8,Z,10.6,8.0,9.4,30,218,5.0,5.0
2022,Toyota,gr86,Minicompact,2.4,4,AS6,Z,11.2,7.8,9.7,29,227,5.0,3.0
2022,Toyota,gr86,Minicompact,2.4,4,M6,Z,12.0,8.9,10.6,27,249,5.0,3.0
2022,Toyota,highlander awd,Sport utility vehicle: Small,3.5,6,AS8,X,11.8,8.6,10.3,27,241,5.0,5.0
2022,Toyota,highlander hybrid awd,Sport utility vehicle: Standard,2.5,4,AV,X,6.7,6.8,6.7,42,158,7.0,7.0
2022,Toyota,highlander hybrid awd limited/platinum,Sport utility vehicle: Standard,2.5,4,AV,X,6.6,6.8,6.7,42,156,7.0,7.0
2022,Toyota,prius,Mid-size,1.8,4,AV,X,4.4,4.7,4.5,63,106,9.0,7.0
2022,Toyota,prius awd,Mid-size,1.8,4,AV,X,4.6,5.0,4.8,59,111,9.0,7.0
2022,Toyota,rav4,Sport utility vehicle: Small,2.5,4,AS8,X,8.8,6.8,7.9,36,184,6.0,7.0
2022,Toyota,rav4 (stop/start),Sport utility vehicle: Small,2.5,4,AS8,X,8.5,6.8,7.7,37,180,7.0,7.0
2022,Toyota,rav4 awd,Sport utility vehicle: Small,2.5,4,AS8,X,9.5,7.1,8.4,34,198,6.0,6.0
2022,Toyota,rav4 awd (stop/start),Sport utility vehicle: Small,2.5,4,AS8,X,8.8,7.1,8.0,35,187,6.0,6.0
2022,Toyota,rav4 awd le,Sport utility vehicle: Small,2.5,4,AS8,X,8.7,6.9,7.9,36,184,6.0,6.0
2022,Toyota,rav4 awd trd off-road,Sport utility vehicle: Small,2.5,4,AS8,X,9.5,7.4,8.5,33,200,6.0,6.0
2022,Toyota,rav4 hybrid awd,Sport utility vehicle: Small,2.5,4,AV,X,5.8,6.3,6.0,47,140,8.0,7.0
2022,Toyota,sequoia 4wd,Sport utility vehicle: Standard,5.7,8,AS6,X,18.5,13.9,16.4,17,385,2.0,5.0
2022,Toyota,sienna,Minivan,2.5,4,AV,X,6.6,6.5,6.6,43,154,7.0,7.0
2022,Toyota,sienna awd,Minivan,2.5,4,AV,X,6.8,6.6,6.7,42,158,7.0,7.0
2022,Toyota,tacoma 4wd,Pickup truck: Small,3.5,6,AS6,X,13.0,10.5,11.8,24,278,4.0,5.0
2022,Toyota,tacoma 4wd,Pickup truck: Small,3.5,6,M6,X,13.8,11.4,12.7,22,299,3.0,5.0
2022,Toyota,tacoma 4wd d-cab trd off-road/pro,Pickup truck: Small,3.5,6,M6,X,13.8,11.7,12.9,22,300,3.0,5.0
2022,Toyota,tundra,Pickup truck: Standard,3.4,6,AS10,X,13.1,10.1,11.8,24,277,4.0,5.0
2022,Toyota,tundra 4wd,Pickup truck: Standard,3.4,6,AS10,X,13.7,10.8,12.4,23,291,4.0,5.0
2022,Toyota,tundra 4wd trd,Pickup truck: Standard,3.4,6,AS10,X,13.5,10.6,12.2,23,286,4.0,5.0
2022,Toyota,tundra hybrid 4wd,Pickup truck: Standard,3.4,6,AS10,X,12.7,10.5,11.7,24,274,4.0,5.0
2022,Toyota,tundra hybrid 4wd trd pro,Pickup truck: Standard,3.4,6,AS10,X,12.9,11.6,12.3,23,287,4.0,5.0
2022,Toyota,venza awd,Sport utility vehicle: Small,2.5,4,AV,X,5.9,6.4,6.1,46,142,8.0,7.0
2022,Volkswagen,atlas 4motion,Sport utility vehicle: Small,2.0,4,AS8,X,11.5,9.5,10.6,27,249,5.0,3.0
2022,Volkswagen,atlas 4motion,Sport utility vehicle: Small,3.6,6,AS8,X,13.8,10.2,12.2,23,286,4.0,5.0
2022,Volkswagen,atlas cross sport 4motion,Sport utility vehicle: Small,2.0,4,AS8,X,11.6,9.7,10.7,26,252,5.0,3.0
2022,Volkswagen,atlas cross sport 4motion,Sport utility vehicle: Small,3.6,6,AS8,X,13.1,10.0,11.7,24,275,4.0,5.0
2022,Volkswagen,golf gti,Mid-size,2.0,4,AM7,X,9.3,7.0,8.3,34,194,6.0,5.0
2022,Volkswagen,golf gti,Mid-size,2.0,4,M6,X,9.8,6.9,8.5,33,198,6.0,5.0
2022,Volkswagen,golf r,Mid-size,2.0,4,AM7,Z,10.3,7.7,9.1,31,213,5.0,5.0
2022,Volkswagen,golf r,Mid-size,2.0,4,M6,Z,11.8,8.3,10.2,28,237,5.0,5.0
2022,Volkswagen,jetta,Compact,1.5,4,AS8,X,7.7,5.7,6.8,42,159,7.0,7.0
2022,Volkswagen,jetta,Compact,1.5,4,M6,X,8.0,5.5,6.9,41,161,7.0,7.0
2022,Volkswagen,jetta gli,Compact,2.0,4,AM7,X,9.0,6.5,7.9,36,185,6.0,7.0
2022,Volkswagen,jetta gli,Compact,2.0,4,M6,X,9.1,6.4,7.9,36,186,6.0,7.0
2022,Volkswagen,passat,Mid-size,2.0,4,AS6,X,9.7,6.6,8.3,34,196,6.0,7.0
2022,Volkswagen,taos,Sport utility vehicle: Small,1.5,4,A8,X,8.4,6.6,7.6,37,178,7.0,7.0
2022,Volkswagen,taos 4motion,Sport utility vehicle: Small,1.5,4,A7,X,9.5,7.4,8.5,33,200,6.0,7.0
2022,Volkswagen,tiguan 4motion,Sport utility vehicle: Small,2.0,4,AS8,X,10.6,8.0,9.4,30,222,5.0,7.0
2022,Volkswagen,tiguan r-line 4motion,Sport utility vehicle: Small,2.0,4,AS8,X,11.0,8.3,9.8,29,229,5.0,7.0
2022,Volvo,s60 b5,Compact,2.0,4,AS8,Z,9.0,6.7,8.0,35,186,6.0,5.0
2022,Volvo,s60 b5 awd,Compact,2.0,4,AS8,Z,9.4,6.9,8.3,34,193,6.0,5.0
2022,Volvo,s90 b6 awd,Mid-size,2.0,4,AS8,Z,10.4,7.5,9.1,31,212,5.0,7.0
2022,Volvo,v60 t6 awd,Station wagon: Small,2.0,4,AS8,Z,11.3,7.5,9.6,29,224,5.0,7.0
2022,Volvo,v60 cc t5 awd,Station wagon: Small,2.0,4,AS8,Z,10.9,7.7,9.5,30,221,5.0,5.0
2022,Volvo,v90 cc b6 awd,Station wagon: Mid-size,2.0,4,AS8,Z,10.6,8.1,9.5,30,222,5.0,7.0
2022,Volvo,xc40 t4 awd,Sport utility vehicle: Small,2.0,4,AS8,X,10.7,7.6,9.3,30,217,5.0,5.0
2022,Volvo,xc40 t5 awd,Sport utility vehicle: Small,2.0,4,AS8,Z,10.7,7.7,9.4,30,219,5.0,5.0
2022,Volvo,xc60 b5 awd,Sport utility vehicle: Small,2.0,4,AS8,Z,10.5,8.1,9.4,30,219,5.0,5.0
2022,Volvo,xc60 b6 awd,Sport utility vehicle: Small,2.0,4,AS8,Z,11.0,8.7,9.9,29,232,5.0,7.0
2022,Volvo,xc90 t5 awd,Sport utility vehicle: Standard,2.0,4,AS8,Z,11.5,8.4,10.1,28,236,5.0,5.0
2022,Volvo,xc90 t6 awd,Sport utility vehicle: Standard,2.0,4,AS8,Z,12.4,8.9,10.8,26,252,5.0,7.0
2023,Acura,integra,Full-size,1.5,4,AV7,Z,7.9,6.3,7.2,39,167,6.0,7.0
2023,Acura,integra a-spec,Full-size,1.5,4,AV7,Z,8.1,6.5,7.4,38,172,6.0,7.0
2023,Acura,integra a-spec,Full-size,1.5,4,M6,Z,8.9,6.5,7.8,36,181,6.0,6.0
2023,Acura,mdx sh-awd,Sport utility vehicle: Small,3.5,6,AS10,Z,12.6,9.4,11.2,25,263,4.0,5.0
2023,Acura,mdx sh-awd type s,Sport utility vehicle: Standard,3.0,6,AS10,Z,13.8,11.2,12.4,23,291,4.0,5.0
2023,Acura,rdx sh-awd,Sport utility vehicle: Small,2.0,4,AS10,Z,11.0,8.6,9.9,29,232,5.0,6.0
2023,Acura,rdx sh-awd a-spec,Sport utility vehicle: Small,2.0,4,AS10,Z,11.3,9.1,10.3,27,242,5.0,6.0
2023,Acura,tlx sh-awd,Compact,2.0,4,AS10,Z,11.2,8.0,9.8,29,230,5.0,7.0
2023,Acura,tlx sh-awd a-spec,Compact,2.0,4,AS10,Z,11.3,8.1,9.8,29,231,5.0,7.0
2023,Acura,tlx type s,Compact,3.0,6,AS10,Z,12.3,9.4,11.0,26,256,5.0,5.0
2023,Alfa Romeo,giulia,Mid-size,2.0,4,A8,Z,10.0,7.2,8.7,32,205,5.0,5.0
2023,Alfa Romeo,giulia awd,Mid-size,2.0,4,A8,Z,10.5,7.7,9.2,31,217,5.0,5.0
2023,Alfa Romeo,giulia quadrifoglio,Mid-size,2.9,6,A8,Z,13.5,9.3,11.6,24,271,4.0,3.0
2023,Alfa Romeo,stelvio,Sport utility vehicle: Small,2.0,4,A8,Z,10.3,8.1,9.3,30,218,5.0,5.0
2023,Alfa Romeo,stelvio awd,Sport utility vehicle: Small,2.0,4,A8,Z,10.8,8.3,9.6,29,226,5.0,5.0
2023,Alfa Romeo,stelvio awd quadrifoglio,Sport utility vehicle: Small,2.9,6,A8,Z,13.9,10.3,12.3,23,288,4.0,3.0
2023,Alfa Romeo,tonale awd,Sport utility vehicle: Small,2.0,4,A9,X,11.2,8.2,9.8,29,231,5.0,7.0
2023,Aston Martin,db11 v8,Minicompact,4.0,8,A8,Z,13.0,9.8,11.5,25,271,4.0,5.0
2023,Aston Martin,db11 v12,Minicompact,5.2,12,A8,Z,16.4,10.7,13.8,20,324,3.0,3.0
2023,Aston Martin,dbs v12,Minicompact,5.2,12,A8,Z,16.4,10.7,13.8,20,324,3.0,3.0
2023,Aston Martin,dbx v8,Sport utility vehicle: Standard,4.0,8,A9,Z,16.8,11.9,14.6,19,343,3.0,5.0
2023,Aston Martin,dbx707,Sport utility vehicle: Standard,4.0,8,A9,Z,15.7,12.0,14.0,20,329,3.0,5.0
2023,Aston Martin,vantage v8,Two-seater,4.0,8,A8,Z,13.1,9.6,11.5,25,270,4.0,5.0
2023,Aston Martin,v12 vantage,Two-seater,5.2,12,A8,Z,17.2,10.8,14.3,20,337,3.0,3.0
2023,Audi,a3 40 tfsi quattro,Subcompact,2.0,4,AM7,X,8.7,6.8,7.9,36,183,6.0,7.0
2023,Audi,a4 sedan 45 tfsi quattro,Compact,2.0,4,AM7,Z,9.7,7.4,8.7,32,203,5.0,5.0
2023,Audi,a4 allroad 45 tfsi quattro,Station wagon: Small,2.0,4,AM7,Z,10.1,7.9,9.1,31,214,5.0,5.0
2023,Audi,a5 cabriolet 45 tfsi quattro,Subcompact,2.0,4,AM7,Z,9.9,7.6,8.9,32,208,5.0,5.0
2023,Audi,a5 coup  45 tfsi quattro,Subcompact,2.0,4,AM7,Z,9.7,7.4,8.7,32,203,5.0,5.0
2023,Audi,a5 sportback 45 tfsi quattro,Mid-size,2.0,4,AM7,Z,9.7,7.4,8.7,32,203,5.0,5.0
2023,Audi,a6 45 tfsi quattro,Mid-size,2.0,4,AM7,Z,10.0,7.5,8.9,32,207,5.0,5.0
2023,Audi,a6 55 tfsi quattro,Mid-size,3.0,6,AM7,Z,11.1,7.8,9.6,29,224,5.0,5.0
2023,Audi,a6 allroad 55 tfsi quattro,Station wagon: Mid-size,3.0,6,AM7,Z,11.1,7.8,9.6,29,224,5.0,5.0
2023,Audi,a7 sportback 55 tfsi quattro,Mid-size,3.0,6,AM7,Z,11.1,7.8,9.6,29,224,5.0,5.0
2023,Audi,a8 l sedan 55 tfsi quattro,Full-size,3.0,6,AS8,Z,12.5,8.3,10.6,27,247,5.0,5.0
2023,Audi,q3 40 tfsi quattro,Sport utility vehicle: Small,2.0,4,AS8,X,10.9,8.0,9.6,29,224,5.0,6.0
2023,Audi,q3 45 tfsi quattro,Sport utility vehicle: Small,2.0,4,AS8,X,11.2,8.4,10.0,28,233,5.0,7.0
2023,Audi,q5 40 tfsi quattro,Sport utility vehicle: Small,2.0,4,AM7,Z,10.2,8.2,9.3,30,217,5.0,1.0
2023,Audi,q5 45 tfsi quattro,Sport utility vehicle: Small,2.0,4,AM7,Z,10.6,8.2,9.5,30,223,5.0,5.0
2023,Audi,q5 sportback 45 tfsi quattro,Sport utility vehicle: Small,2.0,4,AM7,Z,10.6,8.2,9.5,30,223,5.0,5.0
2023,Audi,q7 45 tfsi quattro,Sport utility vehicle: Standard,2.0,4,AS8,Z,12.2,9.5,11.0,26,257,4.0,5.0
2023,Audi,q7 55 tfsi quattro,Sport utility vehicle: Standard,3.0,6,AS8,Z,12.9,10.9,12.0,24,281,4.0,5.0
2023,Audi,q8 55 tfsi quattro,Sport utility vehicle: Standard,3.0,6,AS8,Z,12.8,10.4,11.7,24,273,4.0,5.0
2023,Audi,r8 coup  performance,Two-seater,5.2,10,AM7,Z,16.6,10.2,13.7,21,320,3.0,1.0
2023,Audi,r8 coup  performance quattro,Two-seater,5.2,10,AM7,Z,17.7,12.8,15.5,18,361,2.0,1.0
2023,Audi,r8 spyder performance,Two-seater,5.2,10,AM7,Z,16.6,10.2,13.7,21,320,3.0,1.0
2023,Audi,r8 spyder performance quattro,Two-seater,5.2,10,AM7,Z,17.7,12.8,15.5,18,361,2.0,1.0
2023,Audi,r8 gt coup ,Two-seater,5.2,10,AM7,Z,16.2,11.2,14.0,20,328,3.0,1.0
2023,Audi,rs 5 coup  quattro,Subcompact,2.9,6,AS8,Z,13.2,9.2,11.4,25,266,4.0,5.0
2023,Audi,rs 5 sportback quattro,Mid-size,2.9,6,AS8,Z,13.2,9.3,11.5,25,267,4.0,5.0
2023,Audi,rs 6 avant quattro,Station wagon: Mid-size,4.0,8,AS8,Z,16.4,11.1,14.1,20,328,3.0,3.0
2023,Audi,rs 7 sportback quattro,Mid-size,4.0,8,AS8,Z,16.4,11.1,14.1,20,328,3.0,3.0
2023,Audi,rs q8 quattro,Sport utility vehicle: Standard,4.0,8,AS8,Z,17.5,11.9,15.0,19,349,3.0,3.0
2023,Audi,s3 quattro,Subcompact,2.0,4,AM7,Z,10.2,7.3,8.9,32,207,5.0,5.0
2023,Audi,s4 sedan quattro,Compact,3.0,6,AS8,Z,11.1,8.0,9.7,29,226,5.0,5.0
2023,Audi,s5 cabriolet quattro,Subcompact,3.0,6,AS8,Z,11.3,8.4,10.0,28,233,5.0,5.0
2023,Audi,s5 coup  quattro,Subcompact,3.0,6,AS8,Z,11.1,8.0,9.7,29,226,5.0,5.0
2023,Audi,s5 sportback quattro,Mid-size,3.0,6,AS8,Z,11.1,8.0,9.7,29,226,5.0,5.0
2023,Audi,s6 quattro,Mid-size,2.9,6,AS8,Z,12.3,9.0,10.8,26,254,5.0,5.0
2023,Audi,s7 quattro,Mid-size,2.9,6,AS8,Z,12.3,9.0,10.8,26,254,5.0,5.0
2023,Audi,s8 sedan quattro,Full-size,4.0,8,AS8,Z,15.9,10.3,13.4,21,313,4.0,3.0
2023,Audi,sq5 quattro,Sport utility vehicle: Small,3.0,6,AS8,Z,12.5,9.7,11.2,25,262,4.0,5.0
2023,Audi,sq5 sportback quattro,Sport utility vehicle: Small,3.0,6,AS8,Z,12.5,9.7,11.2,25,262,4.0,5.0
2023,Audi,sq7 quattro,Sport utility vehicle: Standard,4.0,8,AS8,Z,16.1,11.3,13.9,20,325,3.0,3.0
2023,Audi,sq8 quattro,Sport utility vehicle: Standard,4.0,8,AS8,Z,16.1,11.3,13.9,20,325,3.0,3.0
2023,Audi,tt coup  45 tfsi quattro,Subcompact,2.0,4,AM7,X,10.5,8.0,9.4,30,221,5.0,7.0
2023,Audi,tt roadster 45 tfsi quattro,Two-seater,2.0,4,AM7,X,10.5,8.0,9.4,30,221,5.0,7.0
2023,Audi,tts coup  quattro,Subcompact,2.0,4,AM7,Z,10.0,7.7,9.0,31,209,5.0,3.0
2023,Bentley,bentayga,Sport utility vehicle: Standard,4.0,8,AS8,Z,16.2,11.2,14.0,20,328,3.0,3.0
2023,Bentley,bentayga ewb,Sport utility vehicle: Standard,4.0,8,AS8,Z,16.2,11.2,14.0,20,328,3.0,3.0
2023,Bentley,bentayga speed,Sport utility vehicle: Standard,6.0,12,AS8,Z,19.3,12.7,16.3,17,383,2.0,3.0
2023,Bentley,continental gt,Subcompact,4.0,8,AM8,Z,15.3,10.4,13.1,22,307,4.0,3.0
2023,Bentley,continental gt speed,Subcompact,6.0,12,AM8,Z,19.6,12.0,16.2,17,379,2.0,3.0
2023,Bentley,continental gtc,Minicompact,4.0,8,AM8,Z,15.8,10.5,13.4,21,315,4.0,3.0
2023,Bentley,continental gtc speed,Minicompact,6.0,12,AM8,Z,20.3,12.9,17.0,17,395,2.0,3.0
2023,Bentley,flying spur,Mid-size,4.0,8,AM8,Z,15.9,10.8,13.6,21,319,3.0,3.0
2023,Bentley,flying spur speed,Mid-size,6.0,12,AM8,Z,19.2,12.2,16.0,18,373,2.0,3.0
2023,BMW,230i xdrive coupe,Subcompact,2.0,4,AS8,Z,9.6,6.9,8.4,34,195,6.0,3.0
2023,BMW,330i xdrive sedan,Compact,2.0,4,AS8,Z,9.8,7.0,8.6,33,200,6.0,7.0
2023,BMW,430i xdrive cabriolet,Subcompact,2.0,4,AS8,Z,10.1,7.1,8.7,32,203,5.0,7.0
2023,BMW,430i xdrive coupe,Subcompact,2.0,4,AS8,Z,10.1,7.1,8.7,32,203,5.0,7.0
2023,BMW,530i xdrive sedan,Mid-size,2.0,4,AS8,Z,10.1,7.5,8.9,32,206,5.0,7.0
2023,BMW,540i xdrive sedan,Mid-size,3.0,6,AS8,Z,10.5,8.1,9.4,30,219,5.0,5.0
2023,BMW,760i xdrive sedan,Full-size,4.4,8,AS8,Z,13.0,9.1,11.3,25,261,4.0,5.0
2023,BMW,alpina b8 gran coupe,Mid-size,4.4,8,AS8,Z,14.1,9.9,12.2,23,284,4.0,3.0
2023,BMW,alpina xb7,Sport utility vehicle: Standard,4.4,8,AS8,Z,15.2,11.6,13.6,21,314,4.0,5.0
2023,BMW,m2 coupe,Subcompact,3.0,6,AS8,Z,14.6,10.3,12.7,22,294,4.0,5.0
2023,BMW,m2 coupe,Subcompact,3.0,6,M6,Z,14.3,10.0,12.4,23,287,4.0,5.0
2023,BMW,m235i xdrive gran coupe,Compact,2.0,4,AS8,Z,9.8,7.2,8.6,33,202,5.0,3.0
2023,BMW,m240i xdrive coupe,Subcompact,3.0,6,AS8,Z,10.4,7.4,9.0,31,210,5.0,5.0
2023,BMW,m3 sedan,Compact,3.0,6,M6,Z,14.7,10.1,12.6,22,293,4.0,5.0
2023,BMW,m3 competition m xdrive sedan,Compact,3.0,6,AS8,Z,14.6,10.5,12.7,22,296,4.0,5.0
2023,BMW,m340i xdrive sedan,Compact,3.0,6,AS8,Z,10.3,7.4,9.0,31,210,5.0,5.0
2023,BMW,m4 competition m xdrive cabriolet,Subcompact,3.0,6,AS8,Z,15.1,10.4,12.9,22,301,4.0,5.0
2023,BMW,m4 coupe,Subcompact,3.0,6,M6,Z,14.7,10.1,12.6,22,293,4.0,5.0
2023,BMW,m4 competition m xdrive coupe,Subcompact,3.0,6,AS8,Z,14.6,10.5,12.7,22,296,4.0,5.0
2023,BMW,m4 csl coupe,Subcompact,3.0,6,AS8,Z,15.0,10.3,12.9,22,301,4.0,5.0
2023,BMW,m440i xdrive cabriolet,Subcompact,3.0,6,AS8,Z,10.6,7.7,9.3,30,216,5.0,5.0
2023,BMW,m440i xdrive coupe,Subcompact,3.0,6,AS8,Z,10.7,7.6,9.3,30,216,5.0,5.0
2023,BMW,m5 sedan,Mid-size,4.4,8,AS8,Z,16.1,11.1,13.8,20,324,3.0,3.0
2023,BMW,m5 competition sedan,Mid-size,4.4,8,AS8,Z,16.1,11.1,13.8,20,324,3.0,3.0
2023,BMW,m550i xdrive sedan,Mid-size,4.4,8,AS8,Z,14.0,9.5,12.0,24,277,4.0,3.0
2023,BMW,m8 competition cabriolet,Subcompact,4.4,8,AS8,Z,16.1,10.9,13.7,21,321,3.0,3.0
2023,BMW,m8 competition coupe,Subcompact,4.4,8,AS8,Z,16.1,10.9,13.7,21,321,3.0,3.0
2023,BMW,m8 competition gran coupe,Mid-size,4.4,8,AS8,Z,16.1,10.9,13.7,21,321,3.0,3.0
2023,BMW,m850i xdrive cabriolet,Subcompact,4.4,8,AS8,Z,14.1,9.9,12.2,23,284,4.0,3.0
2023,BMW,m850i xdrive coupe,Subcompact,4.4,8,AS8,Z,14.1,9.9,12.2,23,284,4.0,3.0
2023,BMW,m850i xdrive gran coupe,Mid-size,4.4,8,AS8,Z,14.1,9.9,12.2,23,284,4.0,3.0
2023,BMW,x1 xdrive28i,Sport utility vehicle: Small,2.0,4,AM7,Z,9.6,7.0,8.4,34,195,6.0,8.0
2023,BMW,x3 xdrive30i,Sport utility vehicle: Small,2.0,4,AS8,Z,11.0,8.4,9.9,29,229,5.0,7.0
2023,BMW,x3 m,Sport utility vehicle: Small,3.0,6,AS8,Z,15.7,11.7,13.9,20,323,3.0,3.0
2023,BMW,x3 m competition,Sport utility vehicle: Small,3.0,6,AS8,Z,15.7,11.7,13.9,20,323,3.0,3.0
2023,BMW,x3 m40i,Sport utility vehicle: Small,3.0,6,AS8,Z,10.9,9.0,10.1,28,235,5.0,5.0
2023,BMW,x4 xdrive30i,Sport utility vehicle: Small,2.0,4,AS8,Z,11.0,8.4,9.9,29,229,5.0,7.0
2023,BMW,x4 m,Sport utility vehicle: Small,3.0,6,AS8,Z,15.7,11.7,13.9,20,323,3.0,3.0
2023,BMW,x4 m competition,Sport utility vehicle: Small,3.0,6,AS8,Z,15.7,11.7,13.9,20,323,3.0,3.0
2023,BMW,x4 m40i,Sport utility vehicle: Small,3.0,6,AS8,Z,10.9,9.0,10.1,28,235,5.0,5.0
2023,BMW,x5 xdrive40i,Sport utility vehicle: Standard,3.0,6,AS8,Z,11.4,9.3,10.4,27,242,5.0,3.0
2023,BMW,x5 m,Sport utility vehicle: Standard,4.4,8,AS8,Z,17.9,13.0,15.7,18,364,2.0,3.0
2023,BMW,x5 m competition,Sport utility vehicle: Standard,4.4,8,AS8,Z,17.9,13.0,15.7,18,364,2.0,3.0
2023,BMW,x5 m50i,Sport utility vehicle: Standard,4.4,8,AS8,Z,14.7,10.9,13.0,22,302,4.0,3.0
2023,BMW,x6 xdrive40i,Sport utility vehicle: Standard,3.0,6,AS8,Z,11.4,9.3,10.4,27,242,5.0,3.0
2023,BMW,x6 m,Sport utility vehicle: Standard,4.4,8,AS8,Z,17.9,13.0,15.7,18,364,2.0,3.0
2023,BMW,x6 m competition,Sport utility vehicle: Standard,4.4,8,AS8,Z,17.9,13.0,15.7,18,364,2.0,3.0
2023,BMW,x6 m50i,Sport utility vehicle: Standard,4.4,8,AS8,Z,14.7,10.9,13.0,22,302,4.0,3.0
2023,BMW,x7 xdrive40i,Sport utility vehicle: Standard,3.0,6,AS8,Z,11.3,9.5,10.5,27,243,5.0,7.0
2023,BMW,x7 m60i xdrive,Sport utility vehicle: Standard,4.4,8,AS8,Z,14.3,11.1,12.9,22,299,4.0,5.0
2023,BMW,z4 sdrive30i,Two-seater,2.0,4,AS8,Z,9.4,7.1,8.4,34,194,6.0,7.0
2023,BMW,z4 m40i,Two-seater,3.0,6,AS8,Z,10.4,7.5,9.1,31,210,5.0,5.0
2023,Bugatti,chiron,Two-seater,8.0,16,AM7,Z,26.8,16.6,22.2,13,522,1.0,1.0
2023,Bugatti,chiron pur sport,Two-seater,8.0,16,AM7,Z,30.3,20.9,26.1,11,608,1.0,1.0
2023,Bugatti,chiron super sport,Two-seater,8.0,16,AM7,Z,30.3,20.9,26.1,11,608,1.0,1.0
2023,Buick,enclave awd,Sport utility vehicle: Standard,3.6,6,A9,X,13.6,9.6,11.8,24,277,4.0,6.0
2023,Buick,encore gx,Sport utility vehicle: Small,1.2,3,AV,X,8.0,7.6,7.8,36,184,6.0,7.0
2023,Buick,encore gx,Sport utility vehicle: Small,1.3,3,AV,X,8.2,7.4,7.9,36,185,6.0,7.0
2023,Buick,encore gx awd,Sport utility vehicle: Small,1.3,3,A9,X,9.0,8.3,8.6,33,202,5.0,7.0
2023,Buick,envision,Sport utility vehicle: Small,2.0,4,AS9,X,10.2,7.5,9.0,31,211,5.0,7.0
2023,Buick,envision awd,Sport utility vehicle: Small,2.0,4,AS9,X,10.5,8.2,9.5,30,222,5.0,7.0
2023,Cadillac,ct4,Compact,2.0,4,AS8,Z,10.2,7.0,8.8,32,206,5.0,7.0
2023,Cadillac,ct4,Compact,2.7,4,AS10,Z,11.0,7.6,9.5,30,221,5.0,6.0
2023,Cadillac,ct4 awd,Compact,2.0,4,AS8,Z,10.5,7.6,9.2,31,216,5.0,7.0
2023,Cadillac,ct4 awd,Compact,2.7,4,AS10,Z,11.3,8.1,9.9,29,231,5.0,6.0
2023,Cadillac,ct4-v,Compact,2.7,4,AS10,Z,11.9,8.2,10.2,28,239,5.0,6.0
2023,Cadillac,ct4-v awd,Compact,2.7,4,AS10,Z,12.0,8.4,10.4,27,244,5.0,6.0
2023,Cadillac,ct4-v blackwing,Compact,3.6,6,AS10,Z,15.0,9.7,12.6,22,297,4.0,5.0
2023,Cadillac,ct4-v blackwing,Compact,3.6,6,M6,Z,15.2,10.2,13.0,22,303,4.0,5.0
2023,Cadillac,ct5,Mid-size,2.0,4,AS10,Z,10.3,7.1,8.8,32,207,5.0,7.0
2023,Cadillac,ct5,Mid-size,3.0,6,AS10,Z,12.4,8.7,10.7,26,252,5.0,5.0
2023,Cadillac,ct5 awd,Mid-size,2.0,4,AS10,Z,10.9,7.8,9.5,30,222,5.0,7.0
2023,Cadillac,ct5 awd,Mid-size,3.0,6,AS10,Z,13.1,9.1,11.3,25,265,4.0,5.0
2023,Cadillac,ct5-v,Mid-size,3.0,6,AS10,Z,13.1,8.8,11.2,25,263,4.0,5.0
2023,Cadillac,ct5-v awd,Mid-size,3.0,6,AS10,Z,13.1,9.1,11.3,25,265,4.0,5.0
2023,Cadillac,ct5-v blackwing,Mid-size,6.2,8,AS10,Z,17.9,11.0,14.8,19,347,3.0,3.0
2023,Cadillac,ct5-v blackwing,Mid-size,6.2,8,M6,Z,18.4,11.4,15.2,19,368,2.0,3.0
2023,Cadillac,escalade 4wd,Sport utility vehicle: Standard,3.0,6,A10,D,11.7,9.0,10.5,27,281,4.0,3.0
2023,Cadillac,escalade 4wd,Sport utility vehicle: Standard,6.2,8,A10,Z,16.6,13.1,15.0,19,352,3.0,6.0
2023,Cadillac,escalade-v awd,Sport utility vehicle: Standard,6.2,8,AS10,Z,21.6,14.9,18.6,15,436,1.0,3.0
2023,Cadillac,xt4,Sport utility vehicle: Small,2.0,4,AS9,Z,10.2,7.8,9.1,31,214,5.0,7.0
2023,Cadillac,xt4 awd,Sport utility vehicle: Small,2.0,4,AS9,Z,10.9,8.2,9.7,29,228,5.0,7.0
2023,Cadillac,xt5,Sport utility vehicle: Small,2.0,4,AS9,Z,10.9,8.2,9.7,29,228,5.0,7.0
2023,Cadillac,xt5 awd,Sport utility vehicle: Small,2.0,4,AS9,Z,11.2,8.7,10.1,28,237,5.0,7.0
2023,Cadillac,xt5 awd,Sport utility vehicle: Small,3.6,6,AS9,X,12.9,9.3,11.3,25,265,4.0,6.0
2023,Cadillac,xt6 awd,Sport utility vehicle: Small,2.0,4,AS9,Z,11.2,9.0,10.2,28,239,5.0,7.0
2023,Cadillac,xt6 awd,Sport utility vehicle: Small,3.6,6,AS9,X,13.1,9.5,11.5,25,269,4.0,6.0
2023,Chevrolet,blazer,Sport utility vehicle: Small,2.0,4,A9,X,10.6,8.0,9.4,30,227,5.0,7.0
2023,Chevrolet,blazer awd,Sport utility vehicle: Small,2.0,4,A9,X,10.8,8.7,9.9,29,232,5.0,7.0
2023,Chevrolet,blazer awd,Sport utility vehicle: Small,3.6,6,A9,X,12.6,9.2,11.0,26,259,4.0,6.0
2023,Chevrolet,camaro,Subcompact,2.0,4,AS8,Z,10.9,7.8,9.5,30,222,5.0,5.0
2023,Chevrolet,camaro,Subcompact,2.0,4,M6,Z,12.6,8.3,10.7,26,249,5.0,5.0
2023,Chevrolet,camaro,Subcompact,3.6,6,AS10,X,12.8,8.2,10.7,26,253,5.0,6.0
2023,Chevrolet,camaro,Subcompact,3.6,6,M6,X,14.4,9.1,12.0,24,281,4.0,6.0
2023,Chevrolet,camaro ss,Subcompact,6.2,8,AS10,Z,14.6,8.9,12.0,24,281,4.0,1.0
2023,Chevrolet,camaro ss,Subcompact,6.2,8,M6,Z,14.9,9.9,12.6,22,297,4.0,1.0
2023,Chevrolet,camaro zl1,Subcompact,6.2,8,AS10,Z,18.3,11.2,15.1,19,355,3.0,1.0
2023,Chevrolet,camaro zl1,Subcompact,6.2,8,M6,Z,17.2,12.0,14.9,19,349,3.0,1.0
2023,Chevrolet,colorado,Pickup truck: Small,2.7,4,A8,X,11.7,9.5,10.7,26,252,5.0,7.0
2023,Chevrolet,colorado (turbo plus),Pickup truck: Small,2.7,4,A8,X,13.0,10.3,11.8,24,277,4.0,7.0
2023,Chevrolet,colorado 4wd,Pickup truck: Small,2.7,4,A8,X,12.3,10.2,11.3,25,265,4.0,7.0
2023,Chevrolet,colorado 4wd (turbo plus),Pickup truck: Small,2.7,4,A8,X,13.5,11.0,12.4,23,290,4.0,7.0
2023,Chevrolet,colorado 4wd mud terrain tire (turbo plus),Pickup truck: Small,2.7,4,A8,X,13.9,12.1,13.1,22,307,4.0,7.0
2023,Chevrolet,colorado zr2 4wd,Pickup truck: Small,2.7,4,A8,X,14.3,14.3,14.3,20,335,3.0,7.0
2023,Chevrolet,corvette,Two-seater,6.2,8,AS8,Z,15.0,9.8,12.7,22,299,4.0,5.0
2023,Chevrolet,corvette z06,Two-seater,5.5,8,AS8,Z,19.4,11.4,15.8,18,371,2.0,3.0
2023,Chevrolet,corvette z06 carbon aero,Two-seater,5.5,8,AS8,Z,20.0,12.7,16.7,17,392,2.0,3.0
2023,Chevrolet,equinox,Sport utility vehicle: Small,1.5,4,A6,X,8.9,7.7,8.4,34,197,6.0,7.0
2023,Chevrolet,equinox awd,Sport utility vehicle: Small,1.5,4,A6,X,9.9,7.9,9.0,31,211,5.0,7.0
2023,Chevrolet,malibu,Mid-size,1.5,4,AV,X,8.6,6.8,7.8,36,181,6.0,7.0
2023,Chevrolet,silverado,Pickup truck: Standard,2.7,4,A8,X,12.7,11.2,12.0,24,281,4.0,7.0
2023,Chevrolet,silverado,Pickup truck: Standard,3.0,6,A10,D,10.0,8.1,9.2,31,247,5.0,5.0
2023,Chevrolet,silverado,Pickup truck: Standard,5.3,8,A10,X,14.0,11.1,12.7,22,298,4.0,6.0
2023,Chevrolet,silverado ffv,Pickup truck: Standard,5.3,8,A10,X,14.3,11.7,13.1,22,308,4.0,5.0
2023,Chevrolet,silverado ffv,Pickup truck: Standard,5.3,8,A10,E,19.6,15.3,17.7,16,293,4.0,5.0
2023,Chevrolet,silverado 4wd,Pickup truck: Standard,2.7,4,A8,X,12.9,11.5,12.2,23,288,4.0,7.0
2023,Chevrolet,silverado 4wd mud terrain tire,Pickup truck: Standard,2.7,4,A8,X,13.8,13.2,13.6,21,318,3.0,7.0
2023,Chevrolet,silverado 4wd,Pickup truck: Standard,3.0,6,A10,D,10.7,8.7,9.8,29,264,4.0,5.0
2023,Chevrolet,silverado 4wd mud terrain tire,Pickup truck: Standard,3.0,6,A10,D,11.1,10.2,10.7,26,288,4.0,5.0
2023,Chevrolet,silverado 4wd,Pickup truck: Standard,5.3,8,A10,X,14.8,11.8,13.5,21,325,3.0,6.0
2023,Chevrolet,silverado 4wd ffv,Pickup truck: Standard,5.3,8,A10,X,15.2,12.2,13.9,20,326,3.0,5.0
2023,Chevrolet,silverado 4wd ffv,Pickup truck: Standard,5.3,8,A10,E,21.3,16.6,19.2,15,318,3.0,5.0
2023,Chevrolet,silverado 4wd mud terrain tire,Pickup truck: Standard,5.3,8,A10,X,15.8,13.2,14.6,19,343,3.0,6.0
2023,Chevrolet,silverado 4wd mud terrain tire ffv,Pickup truck: Standard,5.3,8,A10,X,15.2,12.2,13.9,20,326,3.0,5.0
2023,Chevrolet,silverado 4wd mud terrain tire ffv,Pickup truck: Standard,5.3,8,A10,E,21.3,16.6,19.2,15,318,3.0,5.0
2023,Chevrolet,silverado 4wd,Pickup truck: Standard,6.2,8,A10,Z,14.9,12.0,13.6,21,319,3.0,6.0
2023,Chevrolet,silverado 4wd mud terrain tire,Pickup truck: Standard,6.2,8,A10,Z,16.7,12.7,14.9,19,349,3.0,6.0
2023,Chevrolet,silverado 4wd zr2,Pickup truck: Standard,6.2,8,A10,Z,16.7,14.0,15.5,18,364,2.0,6.0
2023,Chevrolet,suburban,Sport utility vehicle: Standard,3.0,6,A10,D,11.2,8.7,10.1,28,272,4.0,3.0
2023,Chevrolet,suburban,Sport utility vehicle: Standard,5.3,8,A10,X,15.8,11.8,14.0,20,327,3.0,6.0
2023,Chevrolet,suburban 4wd,Sport utility vehicle: Standard,3.0,6,A10,D,11.7,9.0,10.5,27,281,4.0,3.0
2023,Chevrolet,suburban 4wd,Sport utility vehicle: Standard,5.3,8,A10,X,16.0,12.7,14.5,19,339,3.0,6.0
2023,Chevrolet,suburban 4wd,Sport utility vehicle: Standard,6.2,8,A10,Z,16.6,13.1,15.0,19,352,3.0,6.0
2023,Chevrolet,tahoe,Sport utility vehicle: Standard,3.0,6,A10,D,11.0,8.5,9.9,29,265,4.0,3.0
2023,Chevrolet,tahoe,Sport utility vehicle: Standard,5.3,8,A10,X,15.8,11.8,14.0,20,327,3.0,6.0
2023,Chevrolet,tahoe 4wd,Sport utility vehicle: Standard,3.0,6,A10,D,11.7,9.0,10.5,27,281,4.0,3.0
2023,Chevrolet,tahoe 4wd,Sport utility vehicle: Standard,5.3,8,A10,X,15.8,11.8,14.0,20,327,3.0,6.0
2023,Chevrolet,tahoe 4wd,Sport utility vehicle: Standard,6.2,8,A10,Z,16.6,13.1,15.0,19,352,3.0,6.0
2023,Chevrolet,trailblazer,Sport utility vehicle: Small,1.2,3,AV,X,8.0,7.6,7.8,36,184,6.0,7.0
2023,Chevrolet,trailblazer,Sport utility vehicle: Small,1.3,3,AV,X,8.1,7.2,7.7,37,180,6.0,7.0
2023,Chevrolet,trailblazer awd,Sport utility vehicle: Small,1.3,3,A9,X,8.9,7.8,8.4,34,197,6.0,7.0
2023,Chevrolet,traverse awd,Sport utility vehicle: Standard,3.6,6,A9,X,13.6,9.6,11.8,24,277,4.0,6.0
2023,Chrysler,300,Full-size,3.6,6,A8,X,12.4,7.8,10.3,27,242,5.0,5.0
2023,Chrysler,300,Full-size,5.7,8,A8,X,14.7,9.4,12.3,23,289,4.0,3.0
2023,Chrysler,300 awd,Full-size,3.6,6,A8,X,12.8,8.7,11.0,26,258,4.0,5.0
2023,Chrysler,300c,Full-size,6.4,8,A8,Z,15.9,9.6,13.1,22,307,4.0,1.0
2023,Chrysler,grand caravan,Minivan,3.6,6,A9,X,12.4,8.4,10.6,27,249,5.0,7.0
2023,Chrysler,pacifica,Minivan,3.6,6,A9,X,12.4,8.4,10.6,27,249,5.0,7.0
2023,Chrysler,pacifica awd,Minivan,3.6,6,A9,X,14.1,9.4,12.0,24,279,4.0,7.0
2023,Dodge,challenger,Mid-size,3.6,6,A8,X,12.4,7.8,10.3,27,242,5.0,5.0
2023,Dodge,challenger (mds),Mid-size,5.7,8,A8,X,14.7,9.4,12.3,23,289,4.0,3.0
2023,Dodge,challenger,Mid-size,5.7,8,M6,Z,15.6,10.1,13.1,22,307,4.0,1.0
2023,Dodge,challenger (mds),Mid-size,6.4,8,A8,Z,15.9,9.6,13.1,22,307,4.0,1.0
2023,Dodge,challenger,Mid-size,6.4,8,M6,Z,16.7,10.4,13.9,20,325,3.0,1.0
2023,Dodge,challenger awd,Mid-size,3.6,6,A8,X,12.8,8.7,11.0,26,258,4.0,5.0
2023,Dodge,challenger widebody (mds),Mid-size,6.4,8,A8,Z,15.9,9.6,13.1,22,307,4.0,1.0
2023,Dodge,challenger widebody,Mid-size,6.4,8,M6,Z,16.7,10.4,13.9,20,325,3.0,1.0
2023,Dodge,challenger srt demon 170,Mid-size,6.2,8,A8,Z,22.9,13.7,18.8,15,440,1.0,1.0
2023,Dodge,challenger srt demon 170,Mid-size,6.2,8,A8,E,30.7,18.2,25.0,11,419,1.0,1.0
2023,Dodge,challenger srt hellcat,Mid-size,6.2,8,A8,Z,17.6,10.7,14.5,19,339,3.0,1.0
2023,Dodge,challenger srt hellcat,Mid-size,6.2,8,M6,Z,18.1,11.4,15.1,19,352,3.0,1.0
2023,Dodge,challenger srt hellcat widebody,Mid-size,6.2,8,A8,Z,18.6,11.4,15.4,18,359,2.0,1.0
2023,Dodge,challenger srt hellcat widebody,Mid-size,6.2,8,M6,Z,18.1,11.4,15.1,19,352,3.0,1.0
2023,Dodge,charger,Full-size,3.6,6,A8,X,12.4,7.8,10.3,27,242,5.0,5.0
2023,Dodge,charger (mds),Full-size,5.7,8,A8,X,14.7,9.4,12.3,23,289,4.0,3.0
2023,Dodge,charger (mds),Full-size,6.4,8,A8,Z,15.9,9.6,13.1,22,307,4.0,1.0
2023,Dodge,charger awd,Full-size,3.6,6,A8,X,12.8,8.7,11.0,26,258,4.0,5.0
2023,Dodge,charger widebody (mds),Full-size,6.4,8,A8,Z,15.9,9.6,13.1,22,307,4.0,1.0
2023,Dodge,charger srt hellcat widebody,Full-size,6.2,8,A8,Z,19.0,11.5,15.6,18,368,2.0,1.0
2023,Dodge,durango awd,Sport utility vehicle: Standard,3.6,6,A8,X,13.0,9.4,11.3,25,266,4.0,7.0
2023,Dodge,durango awd,Sport utility vehicle: Standard,5.7,8,A8,X,16.7,10.9,14.1,20,331,3.0,5.0
2023,Dodge,durango awd srt,Sport utility vehicle: Standard,6.4,8,A8,Z,18.3,12.2,15.6,18,363,2.0,1.0
2023,Dodge,durango awd srt hellcat,Sport utility vehicle: Standard,6.2,8,A8,Z,20.5,13.8,17.4,16,410,1.0,1.0
2023,Dodge,hornet awd,Sport utility vehicle: Small,2.0,4,A9,X,11.2,8.2,9.9,29,231,5.0,7.0
2023,FIAT,500x awd,Sport utility vehicle: Small,1.3,4,A9,X,10.0,7.9,9.1,31,221,5.0,6.0
2023,Ford,bronco 4wd,Sport utility vehicle: Small,2.3,4,AS10,X,12.1,11.1,11.6,24,273,4.0,5.0
2023,Ford,bronco 4wd,Sport utility vehicle: Small,2.3,4,M7,X,11.9,11.2,11.6,24,272,4.0,5.0
2023,Ford,bronco 4wd,Sport utility vehicle: Small,2.7,6,AS10,X,12.5,11.5,12.0,24,283,4.0,5.0
2023,Ford,bronco badlands 4wd,Sport utility vehicle: Small,2.3,4,AS10,X,13.8,13.8,13.8,20,324,3.0,5.0
2023,Ford,bronco badlands 4wd,Sport utility vehicle: Small,2.3,4,M7,X,14.7,13.8,14.3,20,336,3.0,5.0
2023,Ford,bronco badlands 4wd,Sport utility vehicle: Small,2.7,6,AS10,X,14.1,14.1,14.1,20,331,3.0,5.0
2023,Ford,bronco black diamond 4wd,Sport utility vehicle: Small,2.3,4,AS10,X,13.1,13.1,13.1,22,308,4.0,5.0
2023,Ford,bronco black diamond 4wd,Sport utility vehicle: Small,2.3,4,M7,X,14.7,13.1,14.0,20,329,3.0,5.0
2023,Ford,bronco black diamond 4wd,Sport utility vehicle: Small,2.7,6,AS10,X,13.1,13.1,13.1,22,308,4.0,5.0
2023,Ford,bronco raptor 4wd,Sport utility vehicle: Standard,3.0,6,AS10,X,15.7,14.8,15.3,18,358,2.0,5.0
2023,Ford,bronco sasquatch 4wd,Sport utility vehicle: Small,2.3,4,AS10,X,13.1,13.8,13.4,21,314,4.0,5.0
2023,Ford,bronco sasquatch 4wd,Sport utility vehicle: Small,2.3,4,M7,X,14.7,13.1,14.0,20,329,3.0,5.0
2023,Ford,bronco sasquatch 4wd,Sport utility vehicle: Small,2.7,6,AS10,X,14.1,14.1,14.1,20,331,3.0,5.0
2023,Ford,bronco sport 4wd,Sport utility vehicle: Small,1.5,3,A8,X,9.3,8.4,8.9,32,209,5.0,7.0
2023,Ford,bronco sport 4wd,Sport utility vehicle: Small,2.0,4,AS8,X,11.1,9.0,10.2,28,240,5.0,6.0
2023,Ford,edge awd,Sport utility vehicle: Small,2.0,4,A8,X,11.6,8.5,10.2,28,239,5.0,6.0
2023,Ford,edge awd,Sport utility vehicle: Small,2.0,4,AS8,X,11.5,8.4,10.1,28,238,5.0,6.0
2023,Ford,edge awd,Sport utility vehicle: Small,2.7,6,AS8,X,12.7,9.3,11.2,25,262,4.0,6.0
2023,Ford,escape,Sport utility vehicle: Small,1.5,3,A8,X,8.9,6.9,8.0,35,188,6.0,8.0
2023,Ford,escape awd,Sport utility vehicle: Small,1.5,3,A8,X,9.2,7.4,8.4,34,197,6.0,8.0
2023,Ford,escape awd,Sport utility vehicle: Small,2.0,4,A8,X,10.2,7.6,9.1,31,211,5.0,7.0
2023,Ford,escape hybrid,Sport utility vehicle: Small,2.5,4,AV,X,5.6,6.5,6.0,47,140,7.0,8.0
2023,Ford,escape hybrid awd,Sport utility vehicle: Small,2.5,4,AV,X,5.6,6.5,6.0,47,140,7.0,8.0
2023,Ford,expedition 4x4,Sport utility vehicle: Standard,3.5,6,AS10,X,14.7,10.6,12.9,22,302,4.0,6.0
2023,Ford,expedition 4x4 (without stop-start),Sport utility vehicle: Standard,3.5,6,AS10,X,15.4,11.2,13.5,21,318,3.0,6.0
2023,Ford,expedition timberline 4x4,Sport utility vehicle: Standard,3.5,6,AS10,X,14.5,12.3,13.5,21,318,3.0,6.0
2023,Ford,expedition timberline 4x4 (without stop-start),Sport utility vehicle: Standard,3.5,6,AS10,X,15.2,12.3,13.9,20,327,3.0,6.0
2023,Ford,explorer awd,Sport utility vehicle: Standard,2.3,4,A10,X,11.6,8.7,10.3,27,241,5.0,7.0
2023,Ford,explorer awd (without stop-start),Sport utility vehicle: Standard,2.3,4,A10,X,12.0,9.0,10.7,26,251,5.0,7.0
2023,Ford,explorer awd,Sport utility vehicle: Standard,3.0,6,A10,X,13.4,9.8,11.8,24,277,4.0,5.0
2023,Ford,explorer awd (without stop-start),Sport utility vehicle: Standard,3.0,6,A10,X,13.8,9.6,11.9,24,280,4.0,5.0
2023,Ford,explorer awd,Sport utility vehicle: Standard,3.0,6,AS10,X,13.4,9.8,11.8,24,277,4.0,5.0
2023,Ford,explorer awd (without stop-start),Sport utility vehicle: Standard,3.0,6,AS10,X,13.9,9.7,12.0,23,282,4.0,5.0
2023,Ford,explorer timberline awd,Sport utility vehicle: Standard,2.3,4,AS10,X,12.2,10.5,11.5,25,269,4.0,7.0
2023,Ford,explorer timberline awd (without stop-start),Sport utility vehicle: Standard,2.3,4,AS10,X,12.5,11.0,11.8,24,277,4.0,7.0
2023,Ford,explorer hybrid awd,Sport utility vehicle: Standard,3.3,6,A10,X,10.1,9.0,9.6,29,225,5.0,6.0
2023,Ford,f-150,Pickup truck: Standard,2.7,6,AS10,X,12.0,9.2,10.7,26,252,5.0,6.0
2023,Ford,f-150 (without stop-start),Pickup truck: Standard,2.7,6,AS10,X,13.0,9.6,11.5,25,269,4.0,6.0
2023,Ford,f-150 ffv,Pickup truck: Standard,3.3,6,AS10,X,12.2,9.8,11.1,25,261,4.0,6.0
2023,Ford,f-150 ffv,Pickup truck: Standard,3.3,6,AS10,E,16.8,12.8,15.0,19,244,5.0,6.0
2023,Ford,f-150 ffv (without stop-start),Pickup truck: Standard,3.3,6,AS10,X,12.5,10.2,11.5,25,268,4.0,6.0
2023,Ford,f-150 ffv (without stop-start),Pickup truck: Standard,3.3,6,AS10,E,17.5,12.4,15.2,19,253,5.0,6.0
2023,Ford,f-150,Pickup truck: Standard,3.5,6,AS10,X,13.4,10.2,12.0,24,281,4.0,6.0
2023,Ford,f-150 ffv,Pickup truck: Standard,5.0,8,AS10,X,14.1,10.2,12.4,23,291,4.0,5.0
2023,Ford,f-150 ffv,Pickup truck: Standard,5.0,8,AS10,E,19.4,13.2,16.6,17,270,4.0,5.0
2023,Ford,f-150 ffv (without stop-start),Pickup truck: Standard,5.0,8,AS10,X,14.6,10.4,12.7,22,300,4.0,5.0
2023,Ford,f-150 ffv (without stop-start),Pickup truck: Standard,5.0,8,AS10,E,19.9,13.8,17.2,16,279,4.0,5.0
2023,Ford,f-150 4x4,Pickup truck: Standard,2.7,6,AS10,X,12.8,10.0,11.5,25,271,4.0,6.0
2023,Ford,f-150 4x4 (without stop-start),Pickup truck: Standard,2.7,6,AS10,X,13.5,10.2,12.0,24,280,4.0,6.0
2023,Ford,f-150 4x4 ffv,Pickup truck: Standard,3.3,6,AS10,X,12.6,10.7,11.8,24,277,4.0,6.0
2023,Ford,f-150 4x4 ffv,Pickup truck: Standard,3.3,6,AS10,E,17.1,13.1,15.3,18,247,5.0,6.0
2023,Ford,f-150 4x4,Pickup truck: Standard,3.5,6,AS10,X,13.6,10.3,12.1,23,284,4.0,6.0
2023,Ford,f-150 4x4 (without stop-start),Pickup truck: Standard,3.5,6,AS10,X,14.6,11.0,13.0,22,308,4.0,6.0
2023,Ford,f-150 4x4 ffv,Pickup truck: Standard,5.0,8,AS10,X,14.2,10.9,12.7,22,298,4.0,5.0
2023,Ford,f-150 4x4 ffv,Pickup truck: Standard,5.0,8,AS10,E,19.7,13.8,17.1,17,278,4.0,5.0
2023,Ford,f-150 4x4 ffv (without stop-start),Pickup truck: Standard,5.0,8,AS10,X,15.0,10.9,13.2,21,309,4.0,5.0
2023,Ford,f-150 4x4 ffv (without stop-start),Pickup truck: Standard,5.0,8,AS10,E,20.4,14.1,17.6,16,286,4.0,5.0
2023,Ford,f-150 raptor 4x4,Pickup truck: Standard,3.5,6,AS10,X,15.8,13.2,14.6,19,344,3.0,6.0
2023,Ford,f-150 raptor 4x4 (without stop-start),Pickup truck: Standard,3.5,6,AS10,X,16.8,13.2,15.2,19,357,2.0,6.0
2023,Ford,f-150 raptor 37 4x4,Pickup truck: Standard,3.5,6,AS10,X,16.0,14.4,15.3,18,359,2.0,6.0
2023,Ford,f-150 raptor 37 4x4 (without stop-start),Pickup truck: Standard,3.5,6,AS10,X,16.6,14.8,15.8,18,370,2.0,6.0
2023,Ford,f-150 raptor r 4x4,Pickup truck: Standard,5.2,8,AS10,X,22.8,15.9,19.7,14,460,1.0,5.0
2023,Ford,f-150 tremor 4x4,Pickup truck: Standard,3.5,6,AS10,X,14.3,11.8,13.1,22,309,4.0,6.0
2023,Ford,f-150 tremor 4x4 (without stop-start),Pickup truck: Standard,3.5,6,AS10,X,14.6,11.6,13.3,21,311,4.0,6.0
2023,Ford,f-150 tremor 4x4 ffv,Pickup truck: Standard,5.0,8,AS10,X,15.2,11.9,13.7,21,321,3.0,5.0
2023,Ford,f-150 tremor 4x4 ffv,Pickup truck: Standard,5.0,8,AS10,E,20.3,15.2,18.0,16,295,4.0,5.0
2023,Ford,f-150 tremor 4x4 ffv (without stop-start),Pickup truck: Standard,5.0,8,AS10,X,15.4,11.8,13.8,20,322,3.0,5.0
2023,Ford,f-150 tremor 4x4 ffv (without stop-start),Pickup truck: Standard,5.0,8,AS10,E,20.7,15.0,18.1,16,298,4.0,5.0
2023,Ford,f-150 hybrid,Pickup truck: Standard,3.5,6,AS10,X,10.1,10.1,10.1,28,236,5.0,6.0
2023,Ford,f-150 hybrid 4x4,Pickup truck: Standard,3.5,6,AS10,X,10.5,10.4,10.4,27,245,5.0,6.0
2023,Ford,maverick awd,Pickup truck: Small,2.0,4,A8,X,10.9,8.4,9.8,29,230,5.0,6.0
2023,Ford,maverick tremor awd,Pickup truck: Small,2.0,4,A8,X,11.9,9.9,11.0,26,257,4.0,6.0
2023,Ford,maverick hybrid,Pickup truck: Small,2.5,4,AV,X,5.8,7.1,6.4,44,149,7.0,7.0
2023,Ford,mustang,Subcompact,2.3,4,A10,X,11.0,7.4,9.3,30,220,5.0,5.0
2023,Ford,mustang,Subcompact,2.3,4,AS10,X,11.6,8.1,10.0,28,235,5.0,5.0
2023,Ford,mustang (high performance),Subcompact,2.3,4,AS10,X,11.7,8.6,10.3,27,242,5.0,5.0
2023,Ford,mustang,Subcompact,2.3,4,M6,X,11.6,8.3,10.1,28,238,5.0,5.0
2023,Ford,mustang (high performance),Subcompact,2.3,4,M6,X,11.9,8.7,10.5,27,246,5.0,5.0
2023,Ford,mustang,Subcompact,5.0,8,AS10,X,15.2,9.7,12.7,22,299,4.0,5.0
2023,Ford,mustang,Subcompact,5.0,8,M6,X,16.2,10.2,13.5,21,317,3.0,5.0
2023,Ford,mustang convertible,Subcompact,2.3,4,A10,X,11.8,8.3,10.2,28,240,5.0,5.0
2023,Ford,mustang convertible,Subcompact,2.3,4,AS10,X,12.0,8.5,10.4,27,244,5.0,5.0
2023,Ford,mustang convertible (high performance),Subcompact,2.3,4,AS10,X,12.1,8.9,10.7,26,252,5.0,5.0
2023,Ford,mustang convertible,Subcompact,2.3,4,M6,X,11.8,8.6,10.4,27,244,5.0,5.0
2023,Ford,mustang convertible (high performance),Subcompact,2.3,4,M6,X,12.3,9.2,10.9,26,256,5.0,5.0
2023,Ford,mustang convertible,Subcompact,5.0,8,AS10,X,15.8,10.4,13.4,21,313,4.0,5.0
2023,Ford,mustang mach 1,Subcompact,5.0,8,AS10,X,15.2,10.1,12.9,22,303,4.0,5.0
2023,Ford,mustang mach 1,Subcompact,5.0,8,M6,X,17.3,11.3,14.6,19,343,3.0,5.0
2023,Ford,ranger 4wd,Pickup truck: Standard,2.3,4,AS10,X,11.8,9.6,10.8,26,255,5.0,3.0
2023,Ford,ranger 4wd (without stop-start),Pickup truck: Standard,2.3,4,AS10,X,12.3,9.7,11.1,25,261,4.0,3.0
2023,Ford,ranger tremor 4wd,Pickup truck: Standard,2.3,4,AS10,X,12.4,12.3,12.4,23,293,4.0,3.0
2023,Ford,transit connect van,Special purpose vehicle,2.0,4,AS8,X,9.8,8.9,9.4,30,221,5.0,6.0
2023,Ford,transit connect wagon lwb,Special purpose vehicle,2.0,4,AS8,X,10.0,8.3,9.2,31,216,5.0,6.0
2023,Genesis,g70 awd,Compact,2.0,4,AS8,Z,11.4,8.2,10.0,28,236,5.0,3.0
2023,Genesis,g70 awd,Compact,3.3,6,AS8,Z,13.5,9.1,11.5,25,273,4.0,3.0
2023,Genesis,g80 awd,Full-size,2.5,4,AS8,Z,10.8,7.9,9.5,30,225,5.0,5.0
2023,Genesis,g80 awd,Full-size,3.5,6,AS8,Z,14.8,9.9,12.6,22,298,4.0,5.0
2023,Genesis,g90,Full-size,3.5,6,AM8,Z,13.6,9.6,11.8,24,274,4.0,5.0
2023,Genesis,gv70 awd,Sport utility vehicle: Small,2.5,4,AS8,Z,10.7,8.4,9.7,29,229,5.0,5.0
2023,Genesis,gv70 awd,Sport utility vehicle: Small,3.5,6,AS8,Z,12.9,10.0,11.6,24,275,4.0,5.0
2023,Genesis,gv80 awd,Sport utility vehicle: Standard,2.5,4,AS8,Z,11.3,9.5,10.5,27,248,5.0,5.0
2023,Genesis,gv80 awd,Sport utility vehicle: Standard,3.5,6,AS8,Z,12.9,10.4,11.8,24,279,4.0,5.0
2023,GMC,acadia awd,Sport utility vehicle: Standard,2.0,4,A9,X,10.8,8.7,9.9,29,232,5.0,7.0
2023,GMC,acadia awd,Sport utility vehicle: Standard,3.6,6,A9,X,12.6,9.2,11.0,26,259,4.0,6.0
2023,GMC,canyon,Pickup truck: Small,2.7,4,A8,X,13.0,10.3,11.8,24,277,4.0,7.0
2023,GMC,canyon 4wd,Pickup truck: Small,2.7,4,A8,X,13.5,11.0,12.4,23,290,4.0,7.0
2023,GMC,canyon 4wd mud terrain tire,Pickup truck: Small,2.7,4,A8,X,13.9,12.0,13.1,22,308,4.0,7.0
2023,GMC,canyon at4x 4wd,Pickup truck: Small,2.7,4,A8,X,14.3,14.3,14.3,20,335,3.0,7.0
2023,GMC,sierra,Pickup truck: Standard,2.7,4,A8,X,12.7,11.2,12.0,24,281,4.0,7.0
2023,GMC,sierra,Pickup truck: Standard,3.0,6,A10,D,10.0,8.1,9.2,31,247,5.0,5.0
2023,GMC,sierra,Pickup truck: Standard,5.3,8,A10,X,14.3,11.2,12.9,22,303,4.0,6.0
2023,GMC,sierra ffv,Pickup truck: Standard,5.3,8,A10,X,14.3,11.7,13.1,22,308,4.0,5.0
2023,GMC,sierra ffv,Pickup truck: Standard,5.3,8,A10,E,19.6,15.3,17.7,16,293,4.0,5.0
2023,GMC,sierra 4wd,Pickup truck: Standard,2.7,4,A8,X,13.1,11.6,12.4,23,291,4.0,7.0
2023,GMC,sierra 4wd mud terrain tire,Pickup truck: Standard,2.7,4,A8,X,13.8,13.2,13.6,21,318,3.0,7.0
2023,GMC,sierra 4wd,Pickup truck: Standard,3.0,6,A10,D,10.7,8.7,9.8,29,264,4.0,5.0
2023,GMC,sierra 4wd mud terrain tire,Pickup truck: Standard,3.0,6,A10,D,11.1,10.2,10.7,26,288,4.0,5.0
2023,GMC,sierra 4wd,Pickup truck: Standard,5.3,8,A10,X,14.8,11.8,13.5,21,325,3.0,6.0
2023,GMC,sierra 4wd ffv,Pickup truck: Standard,5.3,8,A10,X,15.2,12.2,13.9,20,326,3.0,5.0
2023,GMC,sierra 4wd ffv,Pickup truck: Standard,5.3,8,A10,E,21.3,16.6,19.2,15,318,3.0,5.0
2023,GMC,sierra 4wd mud terrain tire,Pickup truck: Standard,5.3,8,A10,X,16.0,13.2,14.8,19,346,3.0,6.0
2023,GMC,sierra 4wd mud terrain tire ffv,Pickup truck: Standard,5.3,8,A10,X,15.2,12.2,13.9,20,326,3.0,5.0
2023,GMC,sierra 4wd mud terrain tire ffv,Pickup truck: Standard,5.3,8,A10,E,21.3,16.6,19.2,15,318,3.0,5.0
2023,GMC,sierra 4wd,Pickup truck: Standard,6.2,8,A10,Z,15.4,12.3,14.0,20,330,3.0,6.0
2023,GMC,sierra 4wd mud terrain tire,Pickup truck: Standard,6.2,8,A10,Z,16.7,14.0,15.5,18,364,2.0,6.0
2023,GMC,sierra 4wd at4x,Pickup truck: Standard,6.2,8,A10,Z,16.7,14.0,15.5,18,364,2.0,6.0
2023,GMC,terrain,Sport utility vehicle: Small,1.5,4,A9,X,9.7,8.1,9.0,31,211,5.0,7.0
2023,GMC,terrain awd,Sport utility vehicle: Small,1.5,4,A9,X,9.9,8.3,9.2,31,216,5.0,7.0
2023,GMC,yukon,Sport utility vehicle: Standard,3.0,6,A10,D,11.2,8.7,10.1,28,272,4.0,3.0
2023,GMC,yukon,Sport utility vehicle: Standard,5.3,8,A10,X,15.8,11.8,14.0,20,327,3.0,6.0
2023,GMC,yukon 4wd,Sport utility vehicle: Standard,3.0,6,A10,D,11.7,9.0,10.5,27,281,4.0,3.0
2023,GMC,yukon 4wd,Sport utility vehicle: Standard,5.3,8,A10,X,15.8,11.8,14.0,20,327,3.0,6.0
2023,GMC,yukon 4wd,Sport utility vehicle: Standard,6.2,8,A10,Z,16.6,13.1,15.0,19,352,3.0,6.0
2023,GMC,yukon xl,Sport utility vehicle: Standard,3.0,6,A10,D,11.2,8.7,10.1,28,272,4.0,3.0
2023,GMC,yukon xl,Sport utility vehicle: Standard,5.3,8,A10,X,15.8,11.8,14.0,20,327,3.0,6.0
2023,GMC,yukon xl 4wd,Sport utility vehicle: Standard,3.0,6,A10,D,11.7,9.0,10.5,27,281,4.0,3.0
2023,GMC,yukon xl 4wd,Sport utility vehicle: Standard,5.3,8,A10,X,16.0,12.7,14.5,19,339,3.0,6.0
2023,GMC,yukon xl 4wd,Sport utility vehicle: Standard,6.2,8,A10,Z,16.6,13.1,15.0,19,352,3.0,6.0
2023,Honda,accord,Full-size,1.5,4,AV,X,8.1,6.4,7.3,39,171,6.0,7.0
2023,Honda,accord hybrid sport/touring,Mid-size,2.0,4,AV,X,5.0,5.7,5.3,53,124,8.0,7.0
2023,Honda,civic hatchback,Full-size,1.5,4,AV7,X,7.7,6.3,7.1,40,166,6.0,7.0
2023,Honda,civic hatchback,Full-size,1.5,4,M6,X,8.5,6.3,7.5,38,175,6.0,6.0
2023,Honda,civic hatchback,Full-size,2.0,4,AV,X,8.0,6.2,7.2,39,167,6.0,7.0
2023,Honda,civic hatchback,Full-size,2.0,4,M6,X,9.1,6.6,8.0,35,186,6.0,6.0
2023,Honda,civic sedan,Mid-size,1.5,4,AV7,X,7.6,6.1,6.9,41,162,7.0,7.0
2023,Honda,civic sedan,Mid-size,2.0,4,AV,X,7.7,6.0,6.9,41,162,7.0,7.0
2023,Honda,civic sedan,Mid-size,2.0,4,AV7,X,7.8,6.3,7.1,40,165,6.0,7.0
2023,Honda,civic sedan si,Mid-size,1.5,4,M6,Z,8.7,6.4,7.7,37,180,6.0,6.0
2023,Honda,civic type r,Full-size,2.0,4,M6,Z,10.8,8.3,9.7,29,224,5.0,6.0
2023,Honda,cr-v,Sport utility vehicle: Small,1.5,4,AV,X,8.4,7.1,7.8,36,181,6.0,7.0
2023,Honda,cr-v awd,Sport utility vehicle: Small,1.5,4,AV,X,9.1,7.6,8.4,34,197,6.0,6.0
2023,Honda,cr-v hybrid awd,Sport utility vehicle: Small,2.0,4,AV,X,6.0,6.9,6.4,44,151,7.0,7.0
2023,Honda,hr-v,Station wagon: Small,2.0,4,AV,X,9.1,7.4,8.3,34,194,6.0,7.0
2023,Honda,hr-v awd,Station wagon: Small,2.0,4,AV,X,9.4,7.8,8.7,32,203,5.0,7.0
2023,Honda,odyssey,Minivan,3.5,6,AS10,X,12.2,8.5,10.6,27,248,5.0,5.0
2023,Honda,passport awd,Sport utility vehicle: Small,3.5,6,AS9,X,12.5,9.8,11.3,25,265,4.0,3.0
2023,Honda,pilot awd,Sport utility vehicle: Standard,3.5,6,AS10,X,12.4,9.3,11.0,26,258,4.0,7.0
2023,Honda,pilot awd touring/elite/black,Sport utility vehicle: Standard,3.5,6,AS10,X,12.7,9.4,11.2,25,262,4.0,7.0
2023,Honda,pilot awd trailsport,Sport utility vehicle: Standard,3.5,6,AS10,X,13.0,10.3,11.8,24,275,4.0,7.0
2023,Honda,ridgeline awd,Pickup truck: Standard,3.5,6,AS9,X,12.8,9.9,11.5,25,271,4.0,3.0
2023,Hyundai,elantra,Mid-size,1.6,4,AM7,X,8.4,6.6,7.6,37,179,6.0,5.0
2023,Hyundai,elantra,Mid-size,2.0,4,AV1,X,7.6,5.7,6.7,42,158,7.0,5.0
2023,Hyundai,elantra (isg),Mid-size,2.0,4,AV1,X,7.1,5.5,6.4,44,151,7.0,5.0
2023,Hyundai,elantra n,Mid-size,2.0,4,AM8,Z,12.1,7.9,10.2,28,241,5.0,3.0
2023,Hyundai,elantra n,Mid-size,2.0,4,M6,Z,10.9,7.7,9.4,30,223,5.0,3.0
2023,Hyundai,elantra hybrid,Mid-size,1.6,4,AM6,X,4.8,4.5,4.7,60,110,8.0,7.0
2023,Hyundai,kona,Sport utility vehicle: Small,2.0,4,AV,X,8.0,6.6,7.4,38,174,6.0,7.0
2023,Hyundai,kona n,Sport utility vehicle: Small,2.0,4,AM8,Z,11.8,8.7,10.4,27,246,5.0,3.0
2023,Hyundai,kona awd,Sport utility vehicle: Small,1.6,4,AM7,X,8.8,7.4,8.2,34,193,6.0,5.0
2023,Hyundai,kona awd,Sport utility vehicle: Small,2.0,4,AV,X,8.5,7.2,7.9,36,187,6.0,7.0
2023,Hyundai,palisade awd,Sport utility vehicle: Small,3.8,6,AS8,X,12.6,9.5,11.2,25,263,4.0,5.0
2023,Hyundai,santa cruz awd,Pickup truck: Small,2.5,4,AM8,X,12.1,8.7,10.6,27,250,5.0,5.0
2023,Hyundai,santa fe awd,Sport utility vehicle: Small,2.5,4,AM8,X,11.0,8.5,9.9,29,233,5.0,5.0
2023,Hyundai,santa fe awd,Sport utility vehicle: Small,2.5,4,AS8,X,10.6,9.3,10.0,28,235,5.0,7.0
2023,Hyundai,santa fe hybrid,Sport utility vehicle: Small,1.6,4,AM6,X,7.1,7.9,7.4,38,176,6.0,7.0
2023,Hyundai,sonata,Full-size,1.6,4,AS8,X,9.0,6.5,7.9,36,186,6.0,5.0
2023,Hyundai,sonata,Full-size,2.5,4,AM8,X,10.1,7.2,8.8,32,208,5.0,5.0
2023,Hyundai,sonata,Full-size,2.5,4,AS8,X,8.8,6.4,7.7,37,182,6.0,7.0
2023,Hyundai,sonata hybrid,Full-size,2.0,4,AM6,X,5.3,4.6,5.0,56,117,8.0,7.0
2023,Hyundai,tucson,Sport utility vehicle: Small,2.5,4,AS8,X,9.4,7.4,8.5,33,200,6.0,7.0
2023,Hyundai,tucson awd,Sport utility vehicle: Small,2.5,4,AS8,X,10.1,8.3,9.3,30,218,5.0,7.0
2023,Hyundai,tucson hybrid,Sport utility vehicle: Small,1.6,4,AM6,X,6.3,6.6,6.4,44,152,7.0,7.0
2023,Hyundai,venue,Mid-size,1.6,4,AV1,X,7.9,6.9,7.5,38,177,6.0,5.0
2023,Infiniti,q50 awd,Mid-size,3.0,6,AS7,Z,12.5,8.7,10.8,26,254,5.0,3.0
2023,Infiniti,q50 awd red sport,Mid-size,3.0,6,AS7,Z,12.5,9.3,11.1,25,261,4.0,3.0
2023,Infiniti,qx50 awd,Sport utility vehicle: Small,2.0,4,AV8,Z,10.8,8.3,9.7,29,228,5.0,6.0
2023,Infiniti,qx55 awd,Sport utility vehicle: Small,2.0,4,AV8,Z,10.4,8.3,9.4,30,222,5.0,6.0
2023,Infiniti,qx60 awd,Sport utility vehicle: Standard,3.5,6,AS9,Z,11.9,9.3,10.7,26,251,5.0,5.0
2023,Infiniti,qx80 4wd,Sport utility vehicle: Standard,5.6,8,AS7,Z,17.5,12.2,15.1,19,355,3.0,3.0
2023,Jaguar,e-pace p250,Sport utility vehicle: Small,2.0,4,AS9,Z,11.5,9.2,10.4,27,247,5.0,7.0
2023,Jaguar,f-pace p250,Sport utility vehicle: Small,2.0,4,AS8,Z,10.7,8.8,9.9,29,227,5.0,7.0
2023,Jaguar,f-pace p400,Sport utility vehicle: Small,3.0,6,AS8,Z,12.1,9.1,10.8,26,253,5.0,7.0
2023,Jaguar,f-pace p550 svr,Sport utility vehicle: Small,5.0,8,AS8,Z,15.4,11.0,13.4,21,316,3.0,3.0
2023,Jaguar,f-type p450 convertible,Two-seater,5.0,8,AS8,Z,14.1,9.7,12.1,23,286,4.0,3.0
2023,Jaguar,f-type p450 convertible awd,Two-seater,5.0,8,AS8,Z,15.2,9.8,12.7,22,299,4.0,3.0
2023,Jaguar,f-type p450 coupe,Two-seater,5.0,8,AS8,Z,14.1,9.7,12.1,23,286,4.0,3.0
2023,Jaguar,f-type p450 coupe awd,Two-seater,5.0,8,AS8,Z,15.2,9.8,12.7,22,299,4.0,3.0
2023,Jaguar,f-type r convertible awd,Two-seater,5.0,8,AS8,Z,15.2,9.8,12.7,22,299,4.0,3.0
2023,Jaguar,f-type r coupe awd,Two-seater,5.0,8,AS8,Z,15.2,9.8,12.7,22,299,4.0,3.0
2023,Jaguar,xf p250,Mid-size,2.0,4,AS8,Z,9.4,7.1,8.4,34,197,6.0,7.0
2023,Jaguar,xf p300 awd,Mid-size,2.0,4,AS8,Z,10.6,7.7,9.3,30,219,5.0,7.0
2023,Jeep,cherokee 4x4 active drive i,Sport utility vehicle: Small,2.4,4,A9,X,11.2,8.0,9.8,29,230,5.0,6.0
2023,Jeep,cherokee 4x4 trailhawk active drive lock,Sport utility vehicle: Small,2.0,4,A9,X,11.8,9.2,10.6,27,249,5.0,5.0
2023,Jeep,compass 4x4,Sport utility vehicle: Small,2.0,4,A8,X,9.9,7.4,8.8,32,205,5.0,7.0
2023,Jeep,gladiator 4x4 ecodiesel,Pickup truck: Standard,3.0,6,A8,D,10.8,8.5,9.8,29,263,4.0,1.0
2023,Jeep,gladiator 4x4 rubicon ecodiesel,Pickup truck: Standard,3.0,6,A8,D,11.0,8.7,10.0,28,271,4.0,1.0
2023,Jeep,gladiator 4x4,Pickup truck: Standard,3.6,6,A8,X,13.7,10.7,12.3,23,290,4.0,7.0
2023,Jeep,gladiator 4x4,Pickup truck: Standard,3.6,6,M6,X,14.3,10.4,12.6,22,296,4.0,5.0
2023,Jeep,grand cherokee 4x4,Sport utility vehicle: Standard,3.6,6,A8,X,12.3,9.2,10.9,26,256,5.0,7.0
2023,Jeep,grand cherokee 4x4,Sport utility vehicle: Standard,5.7,8,A8,X,16.7,10.9,14.1,20,331,3.0,5.0
2023,Jeep,grand cherokee l 4x4,Sport utility vehicle: Standard,3.6,6,A8,X,13.0,9.4,11.3,25,266,4.0,7.0
2023,Jeep,grand cherokee l 4x4,Sport utility vehicle: Standard,5.7,8,A8,X,16.7,10.9,14.1,20,331,3.0,5.0
2023,Jeep,grand wagoneer 4x4 (high output),Sport utility vehicle: Standard,3.0,6,A8,Z,16.3,11.8,14.3,20,334,3.0,5.0
2023,Jeep,grand wagoneer 4x4,Sport utility vehicle: Standard,6.4,8,A8,Z,18.6,12.8,16.0,18,374,2.0,1.0
2023,Jeep,grand wagoneer l 4x4 (high output),Sport utility vehicle: Standard,3.0,6,A8,Z,17.0,12.5,15.0,19,352,3.0,5.0
2023,Jeep,renegade 4x4,Sport utility vehicle: Small,1.3,4,A9,X,10.1,8.1,9.2,31,222,5.0,6.0
2023,Jeep,renegade 4x4 trailhawk,Sport utility vehicle: Small,1.3,4,A9,X,10.8,8.7,9.9,29,231,5.0,6.0
2023,Jeep,wagoneer 4x4,Sport utility vehicle: Standard,3.0,6,A8,X,14.5,10.1,12.5,23,293,4.0,6.0
2023,Jeep,wagoneer 4x4,Sport utility vehicle: Standard,5.7,8,A8,X,15.6,11.7,13.8,20,324,3.0,5.0
2023,Jeep,wagoneer l 4x4,Sport utility vehicle: Standard,3.0,6,A8,X,14.5,10.4,12.7,22,297,4.0,6.0
2023,Jeep,wrangler jl 4x4,Sport utility vehicle: Small,2.0,4,A8,X,10.7,9.8,10.3,27,241,5.0,5.0
2023,Jeep,wrangler jl 4x4,Sport utility vehicle: Small,3.6,6,A8,X,12.8,10.4,11.8,24,274,4.0,7.0
2023,Jeep,wrangler jl 4x4 etorque,Sport utility vehicle: Small,3.6,6,A8,X,12.0,9.8,11.0,26,258,4.0,7.0
2023,Jeep,wrangler jl 4x4,Sport utility vehicle: Small,3.6,6,M6,X,13.7,9.6,11.8,24,277,4.0,5.0
2023,Jeep,wrangler jl unlimited 4x4,Sport utility vehicle: Small,2.0,4,A8,X,11.5,9.9,10.8,26,251,5.0,5.0
2023,Jeep,wrangler jl unlimited 4x4 ecodiesel,Sport utility vehicle: Small,3.0,6,A8,D,10.6,8.1,9.5,30,255,5.0,1.0
2023,Jeep,wrangler jl unlimited 4x4 rubicon ecodiesel,Sport utility vehicle: Small,3.0,6,A8,D,11.2,9.0,10.2,28,275,4.0,1.0
2023,Jeep,wrangler jl unlimited 4x4,Sport utility vehicle: Small,3.6,6,A8,X,12.9,10.2,11.7,24,275,4.0,7.0
2023,Jeep,wrangler jl unlimited 4x4 etorque,Sport utility vehicle: Small,3.6,6,A8,X,12.3,9.9,11.2,25,262,4.0,7.0
2023,Jeep,wrangler jl unlimited 4x4,Sport utility vehicle: Small,3.6,6,M6,X,13.8,10.1,12.2,23,285,4.0,5.0
2023,Jeep,wrangler jl unlimited 4x4 392,Sport utility vehicle: Small,6.4,8,A8,Z,18.5,14.1,16.5,17,387,2.0,1.0
2023,Kia,carnival,Minivan,3.5,6,AS8,X,12.1,8.9,10.6,27,252,5.0,5.0
2023,Kia,forte,Mid-size,1.6,4,AM7,X,8.7,6.6,7.8,36,184,6.0,5.0
2023,Kia,forte,Mid-size,2.0,4,AV,X,8.2,6.0,7.2,39,170,6.0,7.0
2023,Kia,forte 5,Full-size,1.6,4,AM7,X,8.9,6.9,8.0,35,190,6.0,5.0
2023,Kia,forte 5,Full-size,2.0,4,AV,X,8.6,6.5,7.7,37,182,6.0,7.0
2023,Kia,k5,Full-size,2.5,4,AM8,X,9.9,7.3,8.7,32,207,5.0,5.0
2023,Kia,k5 awd,Full-size,1.6,4,AS8,X,9.3,7.0,8.3,34,196,6.0,5.0
2023,Kia,niro,Station wagon: Small,1.6,4,AM6,X,4.5,5.2,4.8,59,112,8.0,7.0
2023,Kia,niro fe,Station wagon: Small,1.6,4,AM6,X,4.5,4.4,4.4,64,104,9.0,7.0
2023,Kia,rio,Compact,1.6,4,AV1,X,7.2,6.1,6.7,42,160,7.0,3.0
2023,Kia,rio,Compact,1.6,4,M6,X,7.7,6.1,7.0,40,166,6.0,3.0
2023,Kia,seltos,Sport utility vehicle: Small,2.0,4,AV8,X,8.2,7.1,7.7,37,182,6.0,5.0
2023,Kia,seltos awd,Sport utility vehicle: Small,1.6,4,AM7,X,9.4,7.9,8.7,32,205,5.0,5.0
2023,Kia,seltos awd,Sport utility vehicle: Small,2.0,4,AV8,X,8.8,7.6,8.2,34,195,6.0,5.0
2023,Kia,sorento awd,Sport utility vehicle: Small,2.5,4,AM8,X,10.9,8.7,9.9,29,234,5.0,5.0
2023,Kia,sorento awd,Sport utility vehicle: Small,2.5,4,AS8,X,10.1,9.2,9.7,29,227,5.0,5.0
2023,Kia,sorento hybrid awd,Sport utility vehicle: Small,1.6,4,AM6,X,6.4,7.0,6.6,43,157,7.0,7.0
2023,Kia,soul,Station wagon: Small,2.0,4,AV,X,8.5,7.0,7.9,36,187,6.0,7.0
2023,Kia,sportage,Sport utility vehicle: Small,2.5,4,AS8,X,9.3,7.4,8.4,34,198,6.0,5.0
2023,Kia,sportage awd,Sport utility vehicle: Small,2.5,4,AS8,X,10.4,8.5,9.5,30,224,5.0,5.0
2023,Kia,sportage hybrid awd,Sport utility vehicle: Small,1.6,4,AM6,X,6.1,6.3,6.2,46,145,7.0,7.0
2023,Kia,stinger awd,Mid-size,3.3,6,AS8,Z,13.7,9.6,11.9,24,280,4.0,3.0
2023,Kia,telluride awd,Sport utility vehicle: Small,3.8,6,AS8,X,12.8,9.8,11.4,25,269,4.0,5.0
2023,Lamborghini,huracan evo coupe,Two-seater,5.2,10,AM7,Z,18.0,13.1,15.8,18,368,2.0,1.0
2023,Lamborghini,huracan evo coupe awd,Two-seater,5.2,10,AM7,Z,18.2,13.2,15.9,18,370,2.0,1.0
2023,Lamborghini,huracan evo spyder,Two-seater,5.2,10,AM7,Z,18.0,13.1,15.8,18,368,2.0,1.0
2023,Lamborghini,huracan evo spyder awd,Two-seater,5.2,10,AM7,Z,18.2,13.2,15.9,18,370,2.0,1.0
2023,Lamborghini,urus performante,Sport utility vehicle: Standard,4.0,8,AS8,Z,16.6,12.5,14.8,19,345,3.0,3.0
2023,Lamborghini,urus s,Sport utility vehicle: Standard,4.0,8,AS8,Z,16.6,12.5,14.8,19,345,3.0,3.0
2023,Land Rover,defender 90 p300,Sport utility vehicle: Standard,2.0,4,AS8,Z,13.2,11.3,12.3,23,289,4.0,7.0
2023,Land Rover,defender 90 p400,Sport utility vehicle: Standard,3.0,6,AS8,Z,12.9,10.4,11.8,24,276,4.0,7.0
2023,Land Rover,defender 90 5.0l v8,Sport utility vehicle: Standard,5.0,8,AS8,Z,15.8,12.4,14.3,20,339,3.0,3.0
2023,Land Rover,defender 110 p300,Sport utility vehicle: Standard,2.0,4,AS8,Z,14.2,11.7,13.0,22,306,4.0,7.0
2023,Land Rover,defender 110 p400,Sport utility vehicle: Standard,3.0,6,AS8,Z,12.9,10.4,11.8,24,276,4.0,7.0
2023,Land Rover,defender 110 5.0l v8,Sport utility vehicle: Standard,5.0,8,AS8,Z,16.4,12.7,14.7,19,350,3.0,3.0
2023,Land Rover,defender 130 p300,Sport utility vehicle: Standard,3.0,6,AS8,Z,14.0,11.0,12.6,22,298,4.0,7.0
2023,Land Rover,defender 130 p400,Sport utility vehicle: Standard,3.0,6,AS8,Z,14.0,11.0,12.6,22,298,4.0,7.0
2023,Land Rover,discovery p300,Sport utility vehicle: Standard,2.0,4,AS8,Z,12.2,10.6,11.5,25,271,4.0,7.0
2023,Land Rover,discovery p360,Sport utility vehicle: Standard,3.0,6,AS8,Z,12.1,9.3,10.9,26,258,4.0,7.0
2023,Land Rover,discovery sport p250,Sport utility vehicle: Small,2.0,4,AS9,Z,12.7,10.0,11.5,25,271,4.0,7.0
2023,Land Rover,range rover p400,Sport utility vehicle: Standard,3.0,6,AS8,Z,13.1,9.1,11.3,25,265,4.0,7.0
2023,Land Rover,range rover p400 lwb,Sport utility vehicle: Standard,3.0,6,AS8,Z,13.1,9.1,11.3,25,265,4.0,7.0
2023,Land Rover,range rover p530,Sport utility vehicle: Standard,4.4,8,AS8,Z,15.1,11.1,13.3,21,316,4.0,5.0
2023,Land Rover,range rover p530 lwb,Sport utility vehicle: Standard,4.4,8,AS8,Z,15.2,11.0,13.3,21,314,4.0,5.0
2023,Land Rover,range rover sv,Sport utility vehicle: Standard,4.4,8,AS8,Z,15.1,11.1,13.3,21,316,4.0,5.0
2023,Land Rover,range rover sv lwb,Sport utility vehicle: Standard,4.4,8,AS8,Z,15.2,11.0,13.3,21,314,4.0,5.0
2023,Land Rover,range rover sport p360,Sport utility vehicle: Standard,3.0,6,AS8,Z,12.3,9.0,10.8,26,254,5.0,7.0
2023,Land Rover,range rover sport hst p400,Sport utility vehicle: Standard,3.0,6,AS8,Z,13.1,9.1,11.3,25,265,4.0,7.0
2023,Land Rover,range rover sport p530,Sport utility vehicle: Standard,4.4,8,AS8,Z,15.1,11.1,13.3,21,316,4.0,5.0
2023,Land Rover,range rover evoque p250,Sport utility vehicle: Small,2.0,4,AS9,Z,11.9,8.8,10.5,27,247,5.0,7.0
2023,Land Rover,range rover evoque p300,Sport utility vehicle: Small,2.0,4,AS9,Z,11.3,9.1,10.3,27,244,5.0,7.0
2023,Land Rover,range rover velar p250,Sport utility vehicle: Small,2.0,4,AS8,Z,11.5,9.0,10.4,27,244,5.0,7.0
2023,Land Rover,range rover velar p340,Sport utility vehicle: Small,3.0,6,AS8,Z,11.8,9.0,10.5,27,248,5.0,7.0
2023,Land Rover,range rover velar p400,Sport utility vehicle: Small,3.0,6,AS8,Z,12.6,9.5,11.2,25,265,4.0,7.0
2023,Lexus,es 250 awd,Mid-size,2.5,4,AS8,X,9.5,7.0,8.4,34,195,6.0,6.0
2023,Lexus,es 300h,Mid-size,2.5,4,AV6,X,5.5,5.2,5.3,53,124,8.0,7.0
2023,Lexus,es 350,Mid-size,3.5,6,AS8,X,10.7,7.3,9.2,31,214,5.0,5.0
2023,Lexus,es 350 f sport,Mid-size,3.5,6,AS8,X,10.9,7.5,9.4,30,219,5.0,5.0
2023,Lexus,gx 460,Sport utility vehicle: Standard,4.6,8,AS6,Z,16.2,12.3,14.5,19,337,3.0,3.0
2023,Lexus,is 300,Compact,2.0,4,AS8,Z,11.0,7.6,9.5,30,221,5.0,5.0
2023,Lexus,is 300 awd,Compact,3.5,6,AS6,Z,12.2,9.0,10.8,26,253,5.0,5.0
2023,Lexus,is 350 awd,Compact,3.5,6,AS6,Z,12.2,9.0,10.8,26,253,5.0,5.0
2023,Lexus,is 500,Compact,5.0,8,AS8,Z,14.1,9.3,11.9,24,280,4.0,5.0
2023,Lexus,lc 500,Subcompact,5.0,8,AS10,Z,15.1,9.6,12.6,22,294,4.0,5.0
2023,Lexus,lc 500 convertible,Minicompact,5.0,8,AS10,Z,16.0,9.5,13.0,22,304,4.0,5.0
2023,Lexus,lc 500h,Subcompact,3.5,6,AV10,Z,9.0,7.1,8.1,35,189,6.0,7.0
2023,Lexus,ls 500 awd,Mid-size,3.4,6,AS10,Z,13.8,8.7,11.2,25,270,4.0,5.0
2023,Lexus,ls 500h awd,Mid-size,3.5,6,AV10,Z,10.1,8.1,9.2,31,217,5.0,7.0
2023,Lexus,lx 600,Sport utility vehicle: Standard,3.4,6,AS10,Z,14.2,10.8,12.7,22,298,4.0,5.0
2023,Lexus,nx 250 awd,Sport utility vehicle: Small,2.5,4,AS8,X,9.4,7.4,8.4,34,198,6.0,6.0
2023,Lexus,nx 350 awd,Sport utility vehicle: Small,2.4,4,AS8,Z,10.5,8.3,9.5,30,221,5.0,7.0
2023,Lexus,nx 350 awd f sport,Sport utility vehicle: Small,2.4,4,AS8,Z,10.5,8.4,9.5,30,222,5.0,7.0
2023,Lexus,nx 350h awd,Sport utility vehicle: Small,2.5,4,AV6,Z,5.7,6.4,6.0,47,139,7.0,7.0
2023,Lexus,rc 300 awd,Subcompact,3.5,6,AS6,Z,12.2,9.0,10.8,26,253,5.0,5.0
2023,Lexus,rc 350 awd,Subcompact,3.5,6,AS6,Z,12.2,9.0,10.8,26,253,5.0,5.0
2023,Lexus,rc f,Subcompact,5.0,8,AS8,Z,14.4,9.6,12.2,23,285,4.0,5.0
2023,Lexus,rx 350 awd,Sport utility vehicle: Small,2.4,4,AS8,Z,11.2,8.4,9.9,29,231,5.0,7.0
2023,Lexus,rx 350h awd,Sport utility vehicle: Small,2.5,4,AV6,Z,6.3,6.8,6.5,43,151,7.0,7.0
2023,Lexus,rx 500h awd,Sport utility vehicle: Small,2.4,4,AS6,Z,8.7,8.4,8.6,33,199,6.0,7.0
2023,Lexus,ux 250h awd,Compact,2.0,4,AV6,X,5.7,6.2,6.0,47,140,7.0,7.0
2023,Lincoln,aviator awd,Sport utility vehicle: Standard,3.0,6,AS10,X,13.7,9.7,11.9,24,280,4.0,5.0
2023,Lincoln,aviator awd (without stop-start),Sport utility vehicle: Standard,3.0,6,AS10,X,14.7,9.8,12.5,23,292,4.0,5.0
2023,Lincoln,corsair awd,Sport utility vehicle: Small,2.0,4,AS8,X,11.2,8.3,9.9,29,232,5.0,7.0
2023,Lincoln,nautilus awd,Sport utility vehicle: Small,2.0,4,A8,X,11.6,9.4,10.6,27,249,5.0,6.0
2023,Lincoln,nautilus awd,Sport utility vehicle: Small,2.0,4,AS8,X,11.5,9.4,10.6,27,249,5.0,6.0
2023,Lincoln,nautilus awd,Sport utility vehicle: Small,2.7,6,AS8,X,12.7,9.3,11.2,25,262,4.0,6.0
2023,Lincoln,navigator 4x4,Sport utility vehicle: Standard,3.5,6,AS10,X,15.2,10.8,13.2,21,310,4.0,6.0
2023,Lincoln,navigator 4x4 (without stop-start),Sport utility vehicle: Standard,3.5,6,AS10,X,15.7,11.1,13.6,21,320,3.0,6.0
2023,Maserati,ghibli gt,Mid-size,3.0,6,A8,Z,13.4,9.4,11.6,24,271,4.0,3.0
2023,Maserati,ghibli modena,Mid-size,3.0,6,A8,Z,13.4,9.4,11.6,24,271,4.0,3.0
2023,Maserati,ghibli modena awd,Mid-size,3.0,6,A8,Z,14.1,9.5,12.0,24,284,4.0,3.0
2023,Maserati,ghibli trofeo,Mid-size,3.8,8,A8,Z,17.4,11.9,14.9,19,348,3.0,1.0
2023,Maserati,grecale gt,Sport utility vehicle: Small,2.0,4,A8,Z,10.6,8.0,9.4,30,218,5.0,5.0
2023,Maserati,grecale modena,Sport utility vehicle: Small,2.0,4,A8,Z,10.6,8.0,9.4,30,218,5.0,5.0
2023,Maserati,grecale trofeo,Sport utility vehicle: Small,3.0,6,A8,Z,13.3,9.5,11.6,24,268,4.0,5.0
2023,Maserati,levante gt,Sport utility vehicle: Standard,3.0,6,A8,Z,15.1,10.9,13.2,21,308,4.0,3.0
2023,Maserati,levante modena,Sport utility vehicle: Standard,3.0,6,A8,Z,15.1,10.9,13.2,21,308,4.0,3.0
2023,Maserati,levante modena v8,Sport utility vehicle: Standard,3.8,8,A8,Z,17.4,12.0,15.0,19,349,3.0,1.0
2023,Maserati,levante trofeo,Sport utility vehicle: Standard,3.8,8,A8,Z,17.4,12.0,15.0,19,349,3.0,1.0
2023,Maserati,mc20,Two-seater,3.0,6,AS8,Z,15.4,9.5,12.8,22,295,4.0,5.0
2023,Maserati,mc20 spyder,Two-seater,3.0,6,AS8,Z,15.6,9.4,12.8,22,299,4.0,5.0
2023,Maserati,quattroporte gt,Full-size,3.0,6,A8,Z,14.4,9.3,12.1,23,281,4.0,3.0
2023,Maserati,quattroporte modena,Full-size,3.0,6,A8,Z,14.4,9.3,12.1,23,281,4.0,3.0
2023,Maserati,quattroporte modena awd,Full-size,3.0,6,A8,Z,14.1,9.5,12.0,24,284,4.0,3.0
2023,Maserati,quattroporte trofeo,Full-size,3.8,8,A8,Z,17.4,11.9,14.9,19,348,3.0,1.0
2023,Mazda,cx-30 4wd,Sport utility vehicle: Small,2.0,4,AS6,X,9.4,7.7,8.6,33,202,5.0,7.0
2023,Mazda,cx-30 4wd,Sport utility vehicle: Small,2.5,4,AS6,X,9.0,7.1,8.2,34,192,6.0,7.0
2023,Mazda,cx-30 turbo 4wd,Sport utility vehicle: Small,2.5,4,AS6,X,10.5,7.9,9.3,30,220,5.0,5.0
2023,Mazda,cx-5 4wd,Sport utility vehicle: Small,2.5,4,AS6,X,9.8,7.9,9.0,31,209,5.0,6.0
2023,Mazda,cx-5 turbo 4wd,Sport utility vehicle: Small,2.5,4,AS6,X,10.8,8.7,9.8,29,230,5.0,5.0
2023,Mazda,cx-50 4wd,Sport utility vehicle: Small,2.5,4,AS6,X,9.7,7.9,8.9,32,209,5.0,7.0
2023,Mazda,cx-50 turbo 4wd,Sport utility vehicle: Small,2.5,4,AS6,X,10.4,8.1,9.4,30,220,5.0,3.0
2023,Mazda,cx-9 4wd,Sport utility vehicle: Small,2.5,4,AS6,X,11.6,9.1,10.5,27,245,5.0,5.0
2023,Mazda,mazda3 4-door,Compact,2.0,4,AS6,X,8.4,6.6,7.6,37,178,6.0,7.0
2023,Mazda,mazda3 4-door (sil),Compact,2.0,4,M6,X,8.7,6.4,7.7,37,180,6.0,7.0
2023,Mazda,mazda3 4-door,Compact,2.5,4,AS6,X,8.6,6.4,7.6,37,179,6.0,7.0
2023,Mazda,mazda3 4-door 4wd,Compact,2.5,4,AS6,X,8.8,6.6,7.9,36,185,6.0,7.0
2023,Mazda,mazda3 4-door turbo 4wd,Compact,2.5,4,AS6,X,10.1,7.3,8.8,32,207,5.0,5.0
2023,Mazda,mazda3 5-door,Mid-size,2.0,4,AS6,X,8.6,6.7,7.7,37,181,6.0,7.0
2023,Mazda,mazda3 5-door (sil),Mid-size,2.0,4,M6,X,8.7,6.6,7.8,36,181,6.0,7.0
2023,Mazda,mazda3 5-door,Mid-size,2.5,4,AS6,X,8.7,6.7,7.8,36,183,6.0,7.0
2023,Mazda,mazda3 5-door (sil),Mid-size,2.5,4,M6,X,9.0,6.4,7.8,36,184,6.0,7.0
2023,Mazda,mazda3 5-door 4wd,Mid-size,2.5,4,AS6,X,9.0,7.0,8.1,35,190,6.0,7.0
2023,Mazda,mazda3 5-door turbo 4wd,Mid-size,2.5,4,AS6,X,10.1,7.5,8.9,32,209,5.0,5.0
2023,Mazda,mx-5,Two-seater,2.0,4,AS6,Z,9.0,6.6,7.9,36,186,6.0,3.0
2023,Mazda,mx-5 (sil),Two-seater,2.0,4,M6,Z,9.0,7.0,8.1,35,189,6.0,3.0
2023,Mercedes-Benz,amg c 43 4matic cabriolet,Subcompact,3.0,6,A9,Z,13.3,9.2,11.4,25,268,4.0,5.0
2023,Mercedes-Benz,amg c 43 4matic coupe,Subcompact,3.0,6,A9,Z,12.9,8.7,11.0,26,257,5.0,5.0
2023,Mercedes-Benz,amg c 43 4matic sedan,Compact,2.0,4,A9,Z,12.1,9.0,10.7,26,251,5.0,6.0
2023,Mercedes-Benz,amg cla 35 4matic coupe,Compact,2.0,4,AM7,Z,11.4,8.1,9.9,29,232,5.0,5.0
2023,Mercedes-Benz,amg cla 45 4matic coupe,Compact,2.0,4,AM8,Z,12.0,8.3,10.3,27,241,5.0,3.0
2023,Mercedes-Benz,amg cls 53 4matic+ coupe,Compact,3.0,6,A9,Z,11.6,8.8,10.3,27,241,5.0,6.0
2023,Mercedes-Benz,amg e 53 4matic+ sedan,Mid-size,3.0,6,A9,Z,11.0,8.1,9.7,29,227,5.0,6.0
2023,Mercedes-Benz,amg e 53 4matic+ cabriolet,Subcompact,3.0,6,A9,Z,11.6,8.7,10.3,27,242,5.0,6.0
2023,Mercedes-Benz,amg e 53 4matic+ coupe,Subcompact,3.0,6,A9,Z,11.5,8.5,10.2,28,238,5.0,6.0
2023,Mercedes-Benz,amg e 63 4matic+ all-terrain wagon,Station wagon: Mid-size,4.0,8,A9,Z,15.6,8.4,12.3,23,312,4.0,5.0
2023,Mercedes-Benz,amg e 63 s 4matic+ sedan,Mid-size,4.0,8,A9,Z,14.8,9.9,12.6,22,296,4.0,5.0
2023,Mercedes-Benz,amg g 63 suv,Sport utility vehicle: Standard,4.0,8,A9,Z,19.5,15.5,17.7,16,415,1.0,3.0
2023,Mercedes-Benz,amg g 63 4x4 squared suv,Sport utility vehicle: Standard,4.0,8,A9,Z,23.5,19.4,21.7,13,508,1.0,3.0
2023,Mercedes-Benz,amg gla 35 4matic suv,Station wagon: Small,2.0,4,AM8,Z,10.7,8.0,9.5,30,222,5.0,5.0
2023,Mercedes-Benz,amg gla 45 4matic suv,Station wagon: Small,2.0,4,AM8,Z,12.2,9.3,10.9,26,256,5.0,3.0
2023,Mercedes-Benz,amg glb 35 4matic suv,Station wagon: Mid-size,2.0,4,AM8,Z,11.3,8.7,10.2,28,238,5.0,5.0
2023,Mercedes-Benz,amg glc 43 4matic coupe,Sport utility vehicle: Small,3.0,6,A9,Z,13.5,9.7,11.8,24,274,4.0,5.0
2023,Mercedes-Benz,amg gle 53 4matic+ suv,Sport utility vehicle: Standard,3.0,6,A9,Z,13.4,10.7,12.2,23,284,4.0,6.0
2023,Mercedes-Benz,amg gle 53 4matic+ coupe,Sport utility vehicle: Standard,3.0,6,A9,Z,13.1,10.4,11.9,24,277,4.0,6.0
2023,Mercedes-Benz,amg gle 63 s 4matic+ suv,Sport utility vehicle: Standard,4.0,8,A9,Z,16.3,12.6,14.7,19,343,3.0,5.0
2023,Mercedes-Benz,amg gle 63 s 4matic+ coupe,Sport utility vehicle: Standard,4.0,8,A9,Z,16.5,12.8,14.8,19,347,3.0,5.0
2023,Mercedes-Benz,amg gls 63 4matic+ suv,Sport utility vehicle: Standard,4.0,8,A9,Z,16.6,13.2,15.1,19,354,3.0,5.0
2023,Mercedes-Benz,amg gt 53 4matic+ coupe,Compact,3.0,6,A9,Z,12.3,9.8,11.2,25,262,4.0,6.0
2023,Mercedes-Benz,amg gt 63 4matic+ coupe,Compact,4.0,8,A9,Z,16.1,11.4,14.0,20,329,3.0,5.0
2023,Mercedes-Benz,amg gt 63 s 4matic+ coupe,Compact,4.0,8,A9,Z,16.1,11.4,14.0,20,329,3.0,5.0
2023,Mercedes-Benz,amg sl 63 4matic+ roadster,Minicompact,4.0,8,A9,Z,18.2,11.8,15.3,18,360,2.0,5.0
2023,Mercedes-Benz,c 300 4matic cabriolet,Subcompact,2.0,4,A9,Z,11.0,7.8,9.5,30,223,5.0,6.0
2023,Mercedes-Benz,c 300 4matic coupe,Subcompact,2.0,4,A9,Z,10.7,7.6,9.3,30,218,5.0,6.0
2023,Mercedes-Benz,c 300 4matic sedan,Compact,2.0,4,A9,Z,9.8,7.1,8.6,33,201,6.0,7.0
2023,Mercedes-Benz,cla 250 4matic coupe,Compact,2.0,4,AM7,Z,9.8,7.0,8.6,33,200,6.0,5.0
2023,Mercedes-Benz,cls 450 4matic coupe,Compact,3.0,6,A9,Z,11.0,8.2,9.7,29,229,5.0,6.0
2023,Mercedes-Benz,e 350 4matic sedan,Mid-size,2.0,4,A9,Z,11.2,8.0,9.7,29,228,5.0,6.0
2023,Mercedes-Benz,e 450 4matic cabriolet,Subcompact,3.0,6,A9,Z,11.2,8.4,9.9,29,233,5.0,6.0
2023,Mercedes-Benz,e 450 4matic coupe,Subcompact,3.0,6,A9,Z,11.0,8.0,9.6,29,225,5.0,6.0
2023,Mercedes-Benz,e 450 4matic sedan,Mid-size,3.0,6,A9,Z,10.6,7.8,9.3,30,219,5.0,6.0
2023,Mercedes-Benz,e 450 4matic all-terrain wagon,Station wagon: Mid-size,3.0,6,A9,Z,11.4,8.3,10.0,28,233,5.0,6.0
2023,Mercedes-Benz,g 550 suv,Sport utility vehicle: Standard,4.0,8,A9,Z,17.9,14.4,16.3,17,383,2.0,3.0
2023,Mercedes-Benz,gla 250 4matic suv,Sport utility vehicle: Small,2.0,4,AM8,Z,10.3,7.3,9.0,31,210,5.0,5.0
2023,Mercedes-Benz,glb 250 4matic suv,Sport utility vehicle: Small,2.0,4,AM8,Z,10.7,7.9,9.4,30,221,5.0,5.0
2023,Mercedes-Benz,glc 300 4matic suv,Sport utility vehicle: Small,2.0,4,A9,Z,10.4,9.1,9.8,29,229,5.0,7.0
2023,Mercedes-Benz,glc 300 4matic coupe,Sport utility vehicle: Small,2.0,4,A9,Z,12.2,9.2,10.9,26,253,5.0,6.0
2023,Mercedes-Benz,gle 350 4matic suv,Sport utility vehicle: Standard,2.0,4,A9,Z,12.1,9.6,11.0,26,257,5.0,5.0
2023,Mercedes-Benz,gle 450 4matic suv,Sport utility vehicle: Standard,3.0,6,A9,Z,11.5,9.3,10.5,27,245,5.0,6.0
2023,Mercedes-Benz,gle 450 4matic coupe,Sport utility vehicle: Standard,3.0,6,A9,Z,11.7,9.2,10.5,27,247,5.0,6.0
2023,Mercedes-Benz,gls 450 4matic suv,Sport utility vehicle: Standard,3.0,6,A9,Z,12.7,10.1,11.6,24,270,4.0,6.0
2023,Mercedes-Benz,gls 580 4matic suv,Sport utility vehicle: Standard,4.0,8,A9,Z,14.9,11.2,13.2,21,310,4.0,5.0
2023,Mercedes-Benz,gls 600 4matic maybach suv,Sport utility vehicle: Standard,4.0,8,A9,Z,16.8,12.4,14.8,19,346,3.0,5.0
2023,Mercedes-Benz,maybach s 580 4matic sedan,Full-size,4.0,8,A9,Z,15.9,9.6,13.0,22,305,4.0,5.0
2023,Mercedes-Benz,maybach s 680 4matic sedan,Full-size,6.0,12,A9,Z,20.5,11.5,16.4,17,384,2.0,3.0
2023,Mercedes-Benz,metris cargo van,Special purpose vehicle,2.0,4,A9,Z,12.6,10.4,11.6,24,271,4.0,6.0
2023,Mercedes-Benz,metris cargo van lwb,Special purpose vehicle,2.0,4,A9,Z,12.6,10.4,11.6,24,271,4.0,6.0
2023,Mercedes-Benz,metris passenger van,Special purpose vehicle,2.0,4,A9,Z,13.4,10.8,12.3,23,285,4.0,6.0
2023,Mercedes-Benz,s 500 4matic sedan,Full-size,3.0,6,A9,Z,12.0,8.4,10.4,27,242,5.0,6.0
2023,Mercedes-Benz,s 580 4matic sedan,Full-size,4.0,8,A9,Z,14.3,9.5,12.2,23,285,4.0,5.0
2023,MINI,cooper 3 door,Subcompact,1.5,3,AM7,Z,8.2,6.2,7.3,39,170,6.0,7.0
2023,MINI,cooper 3 door,Subcompact,1.5,3,M6,Z,8.6,6.3,7.6,37,177,6.0,7.0
2023,MINI,cooper 5 door,Subcompact,1.5,3,AM7,Z,8.2,6.2,7.3,39,170,6.0,7.0
2023,MINI,cooper 5 door,Subcompact,1.5,3,M6,Z,8.6,6.3,7.6,37,177,6.0,7.0
2023,MINI,cooper clubman all4,Mid-size,1.5,3,AS8,Z,9.6,7.1,8.5,33,199,6.0,7.0
2023,MINI,cooper convertible,Minicompact,1.5,3,AM7,Z,8.2,6.2,7.3,39,170,6.0,7.0
2023,MINI,cooper convertible,Minicompact,1.5,3,M6,Z,8.6,6.3,7.6,37,177,6.0,7.0
2023,MINI,cooper countryman,Mid-size,1.5,3,AM7,Z,9.1,7.3,8.3,34,194,6.0,7.0
2023,MINI,cooper countryman all4,Mid-size,1.5,3,AS8,Z,10.1,7.6,9.0,31,209,5.0,7.0
2023,MINI,cooper s 3 door,Subcompact,2.0,4,AM7,Z,8.5,6.2,7.5,38,174,6.0,7.0
2023,MINI,cooper s 3 door,Subcompact,2.0,4,M6,Z,10.3,7.0,8.8,32,205,5.0,7.0
2023,MINI,cooper s 5 door,Subcompact,2.0,4,AM7,Z,8.5,6.2,7.5,38,174,6.0,7.0
2023,MINI,cooper s 5 door,Subcompact,2.0,4,M6,Z,10.3,7.0,8.8,32,205,5.0,7.0
2023,MINI,cooper s clubman,Mid-size,2.0,4,AM7,Z,9.3,6.8,8.2,34,191,6.0,7.0
2023,MINI,cooper s clubman,Mid-size,2.0,4,M6,Z,10.9,7.4,9.3,30,217,5.0,7.0
2023,MINI,cooper s clubman all4,Mid-size,2.0,4,AS8,Z,10.1,7.3,8.9,32,206,5.0,7.0
2023,MINI,cooper s convertible,Minicompact,2.0,4,AM7,Z,8.8,6.5,7.8,36,182,6.0,7.0
2023,MINI,cooper s convertible,Minicompact,2.0,4,M6,Z,10.1,7.1,8.8,32,205,5.0,7.0
2023,MINI,cooper s countryman,Mid-size,2.0,4,AM7,Z,9.7,7.2,8.5,33,199,6.0,7.0
2023,MINI,cooper s countryman all4,Mid-size,2.0,4,AS8,Z,10.4,7.5,9.1,31,212,5.0,7.0
2023,MINI,john cooper works 3 door,Subcompact,2.0,4,AS8,Z,9.3,6.9,8.2,34,191,6.0,7.0
2023,MINI,john cooper works 3 door,Subcompact,2.0,4,M6,Z,10.7,7.5,9.3,30,216,5.0,7.0
2023,MINI,john cooper works clubman all4,Mid-size,2.0,4,AS8,Z,10.1,7.6,9.0,31,210,5.0,3.0
2023,MINI,john cooper works convertible,Minicompact,2.0,4,AS8,Z,9.7,7.2,8.6,33,200,6.0,7.0
2023,MINI,john cooper works countryman all4,Mid-size,2.0,4,AS8,Z,10.0,7.8,9.0,31,210,5.0,3.0
2023,Mitsubishi,eclipse cross 4wd,Sport utility vehicle: Small,1.5,4,AV8,X,9.6,8.9,9.3,30,216,5.0,5.0
2023,Mitsubishi,mirage,Compact,1.2,3,AV,X,6.6,5.6,6.2,46,143,7.0,5.0
2023,Mitsubishi,mirage,Compact,1.2,3,M5,X,7.1,5.8,6.5,43,151,7.0,5.0
2023,Mitsubishi,outlander 4wd,Sport utility vehicle: Small,2.5,4,AV8,X,9.7,7.9,8.9,32,208,5.0,6.0
2023,Mitsubishi,rvr,Sport utility vehicle: Small,2.0,4,AV6,X,9.7,7.8,8.9,32,207,5.0,5.0
2023,Mitsubishi,rvr 4wd,Sport utility vehicle: Small,2.0,4,AV6,X,10.0,8.1,9.1,31,213,5.0,5.0
2023,Mitsubishi,rvr 4wd,Sport utility vehicle: Small,2.4,4,AV6,X,10.3,8.3,9.4,30,218,5.0,5.0
2023,Nissan,altima awd,Mid-size,2.5,4,AV,X,9.3,6.9,8.2,34,193,6.0,7.0
2023,Nissan,altima awd sr/platinum,Mid-size,2.5,4,AV,X,9.1,6.9,8.1,35,191,6.0,7.0
2023,Nissan,armada 4wd,Sport utility vehicle: Standard,5.6,8,AS7,Z,17.5,12.9,15.4,18,362,2.0,3.0
2023,Nissan,frontier,Pickup truck: Standard,3.8,6,AS9,X,12.5,9.3,11.1,25,260,4.0,5.0
2023,Nissan,frontier 4wd,Pickup truck: Standard,3.8,6,AS9,X,13.9,11.1,12.6,22,296,4.0,5.0
2023,Nissan,frontier 4wd (iss),Pickup truck: Standard,3.8,6,AS9,X,13.0,10.8,12.0,24,281,4.0,5.0
2023,Nissan,frontier 4wd pro-4x,Pickup truck: Standard,3.8,6,AS9,X,14.3,11.4,13.0,22,305,4.0,5.0
2023,Nissan,frontier 4wd pro-4x (iss),Pickup truck: Standard,3.8,6,AS9,X,13.5,11.2,12.4,23,292,4.0,5.0
2023,Nissan,gt-r,Subcompact,3.8,6,AM6,Z,14.4,10.9,12.8,22,300,4.0,3.0
2023,Nissan,kicks,Mid-size,1.6,4,AV,X,7.7,6.6,7.2,39,169,6.0,7.0
2023,Nissan,maxima,Mid-size,3.5,6,AV7,Z,11.6,7.9,9.9,29,233,5.0,3.0
2023,Nissan,murano awd,Station wagon: Mid-size,3.5,6,AV7,X,12.1,8.6,10.6,27,248,5.0,5.0
2023,Nissan,pathfinder 4wd,Sport utility vehicle: Small,3.5,6,AS9,X,11.6,9.2,10.5,27,246,5.0,5.0
2023,Nissan,pathfinder 4wd rock creek,Sport utility vehicle: Small,3.5,6,AS9,Z,11.9,10.0,11.1,25,260,4.0,5.0
2023,Nissan,qashqai,Station wagon: Small,2.0,4,AV8,X,8.8,7.6,8.2,34,194,6.0,6.0
2023,Nissan,qashqai awd,Station wagon: Small,2.0,4,AV8,X,9.2,7.8,8.6,33,201,5.0,6.0
2023,Nissan,rogue,Sport utility vehicle: Small,1.5,3,AV8,X,7.8,6.5,7.2,39,170,6.0,6.0
2023,Nissan,rogue,Sport utility vehicle: Small,2.5,4,AV8,X,9.2,7.3,8.4,34,196,6.0,7.0
2023,Nissan,rogue awd,Sport utility vehicle: Small,1.5,3,AV8,X,8.4,6.7,7.6,37,179,6.0,6.0
2023,Nissan,rogue awd sl/platinum,Sport utility vehicle: Small,1.5,3,AV8,X,8.4,6.8,7.7,37,181,6.0,6.0
2023,Nissan,rogue awd,Sport utility vehicle: Small,2.5,4,AV8,X,9.2,7.2,8.3,34,195,6.0,7.0
2023,Nissan,sentra,Mid-size,2.0,4,AV,X,8.0,6.0,7.1,40,167,6.0,7.0
2023,Nissan,sentra sr,Mid-size,2.0,4,AV,X,8.2,6.1,7.3,39,171,6.0,7.0
2023,Nissan,sentra,Mid-size,2.0,4,M6,X,9.2,6.2,7.9,36,185,6.0,7.0
2023,Nissan,sentra sr,Mid-size,2.0,4,M6,X,9.4,6.4,8.1,35,189,6.0,7.0
2023,Nissan,versa,Compact,1.6,4,AV,X,7.4,5.9,6.7,42,158,7.0,7.0
2023,Nissan,versa,Compact,1.6,4,M5,X,8.6,6.7,7.7,37,181,6.0,7.0
2023,Nissan,z,Two-seater,3.0,6,AS9,Z,12.3,8.6,10.6,27,249,5.0,5.0
2023,Nissan,z,Two-seater,3.0,6,M6,Z,13.4,10.0,11.9,24,280,4.0,5.0
2023,Porsche,718 boxster,Two-seater,2.0,4,AM7,Z,11.0,8.7,10.0,28,233,5.0,1.0
2023,Porsche,718 boxster,Two-seater,2.0,4,M6,Z,12.0,9.5,10.9,26,254,5.0,1.0
2023,Porsche,718 boxster t,Two-seater,2.0,4,AM7,Z,11.2,8.7,10.1,28,236,5.0,1.0
2023,Porsche,718 boxster t,Two-seater,2.0,4,M6,Z,11.7,8.9,10.5,27,245,5.0,1.0
2023,Porsche,718 boxster s,Two-seater,2.5,4,AM7,Z,12.2,9.2,10.9,26,255,5.0,1.0
2023,Porsche,718 boxster s,Two-seater,2.5,4,M6,Z,12.5,9.6,11.2,25,263,4.0,1.0
2023,Porsche,718 boxster gts,Two-seater,4.0,6,AM7,Z,12.3,9.8,11.1,25,260,4.0,5.0
2023,Porsche,718 boxster gts,Two-seater,4.0,6,M6,Z,14.0,10.0,12.2,23,284,4.0,5.0
2023,Porsche,718 cayman,Two-seater,2.0,4,AM7,Z,11.0,8.7,10.0,28,233,5.0,1.0
2023,Porsche,718 cayman,Two-seater,2.0,4,M6,Z,12.0,9.5,10.9,26,254,5.0,1.0
2023,Porsche,718 cayman t,Two-seater,2.0,4,AM7,Z,11.2,8.7,10.1,28,236,5.0,1.0
2023,Porsche,718 cayman t,Two-seater,2.0,4,M6,Z,11.7,8.9,10.5,27,245,5.0,1.0
2023,Porsche,718 cayman s,Two-seater,2.5,4,AM7,Z,12.2,9.2,10.9,26,255,5.0,1.0
2023,Porsche,718 cayman s,Two-seater,2.5,4,M6,Z,12.5,9.6,11.2,25,263,4.0,1.0
2023,Porsche,718 cayman gt4,Two-seater,4.0,6,AM7,Z,13.0,9.9,11.6,24,271,4.0,5.0
2023,Porsche,718 cayman gt4,Two-seater,4.0,6,M6,Z,14.0,10.3,12.3,23,287,4.0,5.0
2023,Porsche,718 cayman gts,Two-seater,4.0,6,AM7,Z,12.3,9.8,11.1,25,260,4.0,5.0
2023,Porsche,718 cayman gts,Two-seater,4.0,6,M6,Z,14.0,10.0,12.2,23,284,4.0,5.0
2023,Porsche,718 gt4 rs,Two-seater,4.0,6,AM7,Z,16.0,12.5,14.4,20,338,3.0,3.0
2023,Porsche,718 spyder,Two-seater,4.0,6,AM7,Z,13.0,9.9,11.6,24,271,4.0,5.0
2023,Porsche,718 spyder,Two-seater,4.0,6,M6,Z,14.0,10.3,12.3,23,287,4.0,5.0
2023,Porsche,911 carrera,Minicompact,3.0,6,AM8,Z,13.1,9.8,11.6,24,275,4.0,5.0
2023,Porsche,911 carrera 4,Minicompact,3.0,6,AM8,Z,13.1,9.8,11.6,24,260,4.0,5.0
2023,Porsche,911 carrera cabriolet,Minicompact,3.0,6,AM8,Z,13.1,9.8,11.6,24,275,4.0,5.0
2023,Porsche,911 carrera 4 cabriolet,Minicompact,3.0,6,AM8,Z,13.1,9.7,11.6,24,264,4.0,5.0
2023,Porsche,911 carrera t,Minicompact,3.0,6,AM8,Z,13.1,9.8,11.6,24,264,4.0,5.0
2023,Porsche,911 carrera t,Minicompact,3.0,6,M7,Z,13.8,9.3,11.8,24,269,4.0,5.0
2023,Porsche,911 carrera s,Minicompact,3.0,6,AM8,Z,12.9,10.2,11.7,24,274,4.0,5.0
2023,Porsche,911 carrera s,Minicompact,3.0,6,M7,Z,12.8,9.4,11.3,25,264,4.0,5.0
2023,Porsche,911 carrera 4s,Minicompact,3.0,6,AM8,Z,13.0,10.2,11.8,24,271,4.0,5.0
2023,Porsche,911 carrera 4s,Minicompact,3.0,6,M7,Z,13.8,9.3,11.8,24,266,4.0,5.0
2023,Porsche,911 carrera s cabriolet,Minicompact,3.0,6,AM8,Z,12.9,10.2,11.7,24,273,4.0,5.0
2023,Porsche,911 carrera s cabriolet,Minicompact,3.0,6,M7,Z,13.8,9.4,11.8,24,275,4.0,5.0
2023,Porsche,911 carrera 4s cabriolet,Minicompact,3.0,6,AM8,Z,12.8,10.2,11.7,24,270,4.0,5.0
2023,Porsche,911 carrera 4s cabriolet,Minicompact,3.0,6,M7,Z,13.8,9.8,12.0,24,269,4.0,5.0
2023,Porsche,911 carrera gts,Minicompact,3.0,6,AM8,Z,13.8,10.1,12.1,23,275,4.0,5.0
2023,Porsche,911 carrera gts,Minicompact,3.0,6,M7,Z,13.5,9.8,11.9,24,273,4.0,5.0
2023,Porsche,911 carrera 4 gts,Minicompact,3.0,6,AM8,Z,13.8,10.1,12.1,23,275,4.0,5.0
2023,Porsche,911 carrera 4 gts,Minicompact,3.0,6,M7,Z,13.8,10.2,12.2,23,281,4.0,5.0
2023,Porsche,911 carrera gts cabriolet,Minicompact,3.0,6,AM8,Z,13.8,10.2,12.2,23,272,4.0,5.0
2023,Porsche,911 carrera gts cabriolet,Minicompact,3.0,6,M7,Z,13.8,9.6,11.9,24,272,4.0,5.0
2023,Porsche,911 carrera 4 gts cabriolet,Minicompact,3.0,6,AM8,Z,13.7,10.7,12.3,23,284,4.0,5.0
2023,Porsche,911 carrera 4 gts cabriolet,Minicompact,3.0,6,M7,Z,14.7,10.2,12.7,22,284,4.0,5.0
2023,Porsche,911 dakar,Minicompact,3.0,6,AM8,Z,14.7,9.8,12.5,23,284,4.0,5.0
2023,Porsche,911 gt3,Two-seater,4.0,6,AM7,Z,15.6,12.7,14.3,20,334,3.0,3.0
2023,Porsche,911 gt3,Two-seater,4.0,6,M6,Z,17.0,13.1,15.2,19,349,3.0,3.0
2023,Porsche,911 gt3 rs,Two-seater,4.0,6,AM7,Z,16.8,13.0,15.1,19,354,3.0,3.0
2023,Porsche,911 gt3 touring,Two-seater,4.0,6,AM7,Z,15.7,12.7,14.4,20,335,3.0,3.0
2023,Porsche,911 gt3 touring,Two-seater,4.0,6,M6,Z,16.9,13.1,15.2,19,348,3.0,3.0
2023,Porsche,911 sport classic,Minicompact,3.7,6,M7,Z,16.0,11.0,13.7,21,321,3.0,5.0
2023,Porsche,911 targa 4,Minicompact,3.0,6,AM8,Z,13.1,9.8,11.6,24,261,4.0,5.0
2023,Porsche,911 targa 4s,Minicompact,3.0,6,AM8,Z,13.1,10.2,11.8,24,264,4.0,5.0
2023,Porsche,911 targa 4s,Minicompact,3.0,6,M7,Z,13.7,9.8,11.9,24,274,4.0,5.0
2023,Porsche,911 targa 4 gts,Minicompact,3.0,6,AM8,Z,13.6,10.7,12.3,23,283,4.0,5.0
2023,Porsche,911 targa 4 gts,Minicompact,3.0,6,M7,Z,14.7,10.2,12.7,22,284,4.0,5.0
2023,Porsche,911 turbo,Minicompact,3.7,6,AM8,Z,15.2,11.9,13.7,21,321,3.0,5.0
2023,Porsche,911 turbo cabriolet,Minicompact,3.7,6,AM8,Z,15.6,11.8,13.9,20,320,3.0,5.0
2023,Porsche,911 turbo s,Minicompact,3.7,6,AM8,Z,15.3,11.8,13.7,21,316,3.0,5.0
2023,Porsche,911 turbo s cabriolet,Minicompact,3.7,6,AM8,Z,16.0,11.8,14.1,20,325,3.0,5.0
2023,Porsche,cayenne,Sport utility vehicle: Standard,3.0,6,AS8,Z,13.8,10.7,12.4,23,281,4.0,5.0
2023,Porsche,cayenne coupe,Sport utility vehicle: Standard,3.0,6,AS8,Z,13.8,10.7,12.4,23,281,4.0,5.0
2023,Porsche,cayenne s,Sport utility vehicle: Standard,2.9,6,AS8,Z,15.7,11.2,13.7,21,305,4.0,5.0
2023,Porsche,cayenne s coupe,Sport utility vehicle: Standard,2.9,6,AS8,Z,14.4,11.2,13.0,22,305,4.0,5.0
2023,Porsche,cayenne gts,Sport utility vehicle: Standard,4.0,8,AS8,Z,15.8,11.9,14.0,20,327,3.0,3.0
2023,Porsche,cayenne gts coupe,Sport utility vehicle: Standard,4.0,8,AS8,Z,15.2,12.4,14.0,20,319,3.0,3.0
2023,Porsche,cayenne turbo,Sport utility vehicle: Standard,4.0,8,AS8,Z,16.8,12.4,14.8,19,330,3.0,3.0
2023,Porsche,cayenne turbo coupe,Sport utility vehicle: Standard,4.0,8,AS8,Z,15.9,12.0,14.1,20,330,3.0,3.0
2023,Porsche,cayenne turbo gt,Sport utility vehicle: Standard,4.0,8,AS8,Z,16.8,12.4,14.8,19,334,3.0,3.0
2023,Porsche,macan,Sport utility vehicle: Small,2.0,4,AM7,Z,12.4,9.3,11.0,26,252,5.0,5.0
2023,Porsche,macan t,Sport utility vehicle: Small,2.0,4,AM7,Z,12.2,9.6,11.0,26,259,4.0,5.0
2023,Porsche,macan s,Sport utility vehicle: Small,2.9,6,AM7,Z,13.8,10.1,12.2,23,276,4.0,5.0
2023,Porsche,macan gts,Sport utility vehicle: Small,2.9,6,AM7,Z,13.5,10.7,12.2,23,281,4.0,5.0
2023,Porsche,panamera 4,Full-size,2.9,6,AM8,Z,12.8,9.8,11.5,25,265,4.0,5.0
2023,Porsche,panamera 4 executive,Full-size,2.9,6,AM8,Z,13.8,10.2,12.2,23,271,4.0,5.0
2023,Porsche,panamera 4 st,Full-size,2.9,6,AM8,Z,12.8,10.2,11.7,24,267,4.0,5.0
2023,Porsche,panamera 4s,Full-size,2.9,6,AM8,Z,12.8,9.8,11.4,25,266,4.0,5.0
2023,Porsche,panamera 4s executive,Full-size,2.9,6,AM8,Z,13.8,10.2,12.2,23,280,4.0,5.0
2023,Porsche,panamera 4s st,Full-size,2.9,6,AM8,Z,13.8,10.2,12.2,23,280,4.0,5.0
2023,Porsche,panamera gts,Full-size,4.0,8,AM8,Z,15.7,11.2,13.7,21,303,4.0,3.0
2023,Porsche,panamera gts st,Full-size,4.0,8,AM8,Z,15.7,11.8,13.9,20,312,4.0,3.0
2023,Porsche,panamera turbo s,Full-size,4.0,8,AM8,Z,15.3,11.2,13.5,21,315,4.0,3.0
2023,Porsche,panamera turbo s executive,Full-size,4.0,8,AM8,Z,15.3,11.2,13.5,21,315,4.0,3.0
2023,Porsche,panamera turbo s st,Full-size,4.0,8,AM8,Z,15.3,11.2,13.5,21,315,4.0,3.0
2023,Ram,1500 etorque,Pickup truck: Standard,3.6,6,A8,X,11.9,9.4,10.8,26,253,5.0,7.0
2023,Ram,1500 etorque,Pickup truck: Standard,5.7,8,A8,X,13.0,10.0,11.7,24,275,4.0,5.0
2023,Ram,1500 4x4 ecodiesel,Pickup truck: Standard,3.0,6,A8,D,11.1,8.0,9.7,29,260,4.0,1.0
2023,Ram,1500 4x4 etorque,Pickup truck: Standard,3.6,6,A8,X,12.1,9.7,11.0,26,259,4.0,7.0
2023,Ram,1500 4x4,Pickup truck: Standard,5.7,8,A8,X,16.1,11.0,13.8,20,325,3.0,5.0
2023,Ram,1500 4x4 etorque,Pickup truck: Standard,5.7,8,A8,X,13.5,10.5,12.1,23,284,4.0,5.0
2023,Ram,1500 4x4 trx,Pickup truck: Standard,6.2,8,A8,Z,22.4,16.5,19.8,14,465,1.0,1.0
2023,Ram,1500 classic,Pickup truck: Standard,3.6,6,A8,X,13.6,9.5,11.7,24,276,4.0,7.0
2023,Ram,1500 classic,Pickup truck: Standard,5.7,8,A8,X,16.1,11.1,13.8,20,322,3.0,5.0
2023,Ram,1500 classic 4x4,Pickup truck: Standard,3.6,6,A8,X,14.5,10.1,12.5,23,294,4.0,7.0
2023,Ram,1500 classic 4x4,Pickup truck: Standard,5.7,8,A8,X,16.2,11.6,14.1,20,330,3.0,5.0
2023,Rolls-Royce,cullinan,Station wagon: Mid-size,6.7,12,AS8,Z,20.1,12.4,16.6,17,389,2.0,3.0
2023,Rolls-Royce,cullinan black badge,Station wagon: Mid-size,6.7,12,AS8,Z,20.1,12.4,16.6,17,389,2.0,3.0
2023,Rolls-Royce,ghost,Full-size,6.7,12,AS8,Z,19.9,12.7,16.7,17,388,2.0,3.0
2023,Rolls-Royce,ghost black badge,Full-size,6.7,12,AS8,Z,19.9,12.7,16.7,17,388,2.0,3.0
2023,Rolls-Royce,ghost extended,Full-size,6.7,12,AS8,Z,19.9,12.7,16.7,17,388,2.0,3.0
2023,Rolls-Royce,phantom,Full-size,6.7,12,AS8,Z,20.2,13.1,17.0,17,397,2.0,3.0
2023,Rolls-Royce,phantom extended,Full-size,6.7,12,AS8,Z,20.2,13.1,17.0,17,397,2.0,3.0
2023,Subaru,ascent awd,Sport utility vehicle: Standard,2.4,4,AV8,X,12.3,9.4,11.0,26,256,5.0,5.0
2023,Subaru,brz,Minicompact,2.4,4,AS6,Z,11.0,7.7,9.5,30,224,5.0,3.0
2023,Subaru,brz,Minicompact,2.4,4,M6,Z,12.0,8.8,10.5,27,247,5.0,3.0
2023,Subaru,crosstrek awd,Sport utility vehicle: Small,2.0,4,AV8,X,8.5,7.0,7.9,36,184,6.0,7.0
2023,Subaru,crosstrek awd,Sport utility vehicle: Small,2.0,4,M6,X,10.5,8.1,9.4,30,220,5.0,7.0
2023,Subaru,crosstrek awd,Sport utility vehicle: Small,2.5,4,AV8,X,8.8,7.0,8.0,35,187,6.0,7.0
2023,Subaru,forester awd,Sport utility vehicle: Small,2.5,4,AV7,X,9.0,7.2,8.2,34,192,6.0,7.0
2023,Subaru,forester wilderness awd,Sport utility vehicle: Small,2.5,4,AV8,X,9.5,8.3,9.0,31,210,5.0,7.0
2023,Subaru,impreza 5-door awd,Station wagon: Small,2.0,4,AV7,X,8.4,6.6,7.6,37,178,6.0,7.0
2023,Subaru,impreza 5-door awd,Station wagon: Small,2.0,4,M5,X,10.1,7.7,9.0,31,211,5.0,7.0
2023,Subaru,legacy awd,Full-size,2.4,4,AV8,X,10.1,7.5,9.0,31,209,5.0,6.0
2023,Subaru,legacy awd,Full-size,2.5,4,AV8,X,8.7,6.7,7.8,36,183,6.0,7.0
2023,Subaru,outback awd,Sport utility vehicle: Small,2.4,4,AV8,X,10.6,8.1,9.5,30,221,5.0,6.0
2023,Subaru,outback awd,Sport utility vehicle: Small,2.5,4,AV8,X,9.2,7.3,8.3,34,195,6.0,7.0
2023,Subaru,outback wilderness awd,Sport utility vehicle: Small,2.4,4,AV8,X,11.0,9.0,10.1,28,235,5.0,6.0
2023,Subaru,wrx awd,Mid-size,2.4,4,AV8,Z,12.7,9.4,11.2,25,262,4.0,3.0
2023,Subaru,wrx awd,Mid-size,2.4,4,M6,Z,12.3,9.0,10.8,26,254,5.0,3.0
2023,Toyota,4runner 4wd,Sport utility vehicle: Standard,4.0,6,AS5,X,14.9,12.6,13.8,20,323,3.0,5.0
2023,Toyota,4runner 4wd (part-time 4wd),Sport utility vehicle: Standard,4.0,6,AS5,X,14.8,12.5,13.8,20,320,3.0,5.0
2023,Toyota,camry se,Mid-size,2.5,4,AS8,X,8.5,6.1,7.4,38,174,6.0,7.0
2023,Toyota,camry xse v6/trd,Mid-size,3.5,6,AS8,X,10.8,7.6,9.4,30,220,5.0,5.0
2023,Toyota,camry awd se,Mid-size,2.5,4,AS8,X,9.4,6.8,8.2,34,192,6.0,6.0
2023,Toyota,camry awd xse,Mid-size,2.5,4,AS8,X,9.5,7.0,8.4,34,195,6.0,6.0
2023,Toyota,camry hybrid le,Mid-size,2.5,4,AV6,X,4.9,4.8,4.9,58,113,8.0,7.0
2023,Toyota,camry hybrid se/xle/xse,Mid-size,2.5,4,AV6,X,5.3,5.0,5.1,55,121,8.0,7.0
2023,Toyota,corolla (1-mode),Compact,2.0,4,AV10,X,7.4,5.7,6.7,42,158,7.0,7.0
2023,Toyota,corolla (3-mode),Compact,2.0,4,AV10,X,7.6,5.9,6.8,42,160,7.0,7.0
2023,Toyota,corolla hatchback,Compact,2.0,4,AV10,X,7.5,5.9,6.8,42,159,7.0,7.0
2023,Toyota,corolla hybrid,Compact,1.8,4,AV,X,4.4,5.1,4.7,60,110,8.0,7.0
2023,Toyota,corolla hybrid awd (2-mode),Compact,1.8,4,AV,X,4.6,5.3,4.9,58,115,8.0,7.0
2023,Toyota,corolla hybrid awd (3-mode),Compact,1.8,4,AV,X,5.0,5.7,5.3,53,124,8.0,7.0
2023,Toyota,corolla cross,Sport utility vehicle: Small,2.0,4,AV10,X,7.6,7.0,7.3,39,171,6.0,7.0
2023,Toyota,corolla cross awd,Sport utility vehicle: Small,2.0,4,AV10,X,8.1,7.4,7.8,36,182,6.0,7.0
2023,Toyota,corolla cross hybrid awd,Sport utility vehicle: Small,2.0,4,AV6,X,5.2,6.2,5.6,50,130,8.0,7.0
2023,Toyota,crown awd,Mid-size,2.4,4,AS6,X,8.1,7.3,7.8,36,182,6.0,7.0
2023,Toyota,crown awd,Mid-size,2.5,4,AV,X,5.6,5.7,5.7,50,133,8.0,7.0
2023,Toyota,gr corolla,Subcompact,1.6,3,M6,Z,11.1,8.3,9.8,29,229,5.0,5.0
2023,Toyota,gr supra 2.0,Two-seater,2.0,4,AS8,Z,9.3,7.7,8.6,33,200,6.0,7.0
2023,Toyota,gr supra 3.0,Two-seater,3.0,6,AS8,Z,10.2,7.7,9.1,31,212,5.0,5.0
2023,Toyota,gr supra 3.0,Two-seater,3.0,6,M6,Z,12.7,8.8,10.9,26,255,5.0,5.0
2023,Toyota,gr86,Minicompact,2.4,4,AS6,Z,11.2,7.8,9.7,29,227,5.0,3.0
2023,Toyota,gr86,Minicompact,2.4,4,M6,Z,12.0,8.9,10.6,27,249,5.0,3.0
2023,Toyota,highlander awd,Sport utility vehicle: Small,2.4,4,AS8,X,11.0,8.4,9.9,29,231,5.0,7.0
2023,Toyota,highlander hybrid awd,Sport utility vehicle: Standard,2.5,4,AV,X,6.7,6.8,6.7,42,158,7.0,7.0
2023,Toyota,highlander hybrid awd limited/platinum,Sport utility vehicle: Standard,2.5,4,AV,X,6.6,6.8,6.7,42,156,7.0,7.0
2023,Toyota,prius awd,Mid-size,2.0,4,AV,X,4.8,4.7,4.8,59,111,8.0,7.0
2023,Toyota,rav4,Sport utility vehicle: Small,2.5,4,AS8,X,8.8,6.8,7.9,36,184,6.0,7.0
2023,Toyota,rav4 awd,Sport utility vehicle: Small,2.5,4,AS8,X,9.5,7.2,8.5,33,199,6.0,6.0
2023,Toyota,rav4 awd (stop/start),Sport utility vehicle: Small,2.5,4,AS8,X,8.8,7.1,8.0,35,187,6.0,6.0
2023,Toyota,rav4 awd le,Sport utility vehicle: Small,2.5,4,AS8,X,8.7,6.9,7.9,36,184,6.0,6.0
2023,Toyota,rav4 hybrid awd,Sport utility vehicle: Small,2.5,4,AV,X,5.8,6.3,6.0,47,141,7.0,7.0
2023,Toyota,sequoia 4wd,Sport utility vehicle: Standard,3.4,6,AS10,X,12.6,10.5,11.7,24,273,4.0,5.0
2023,Toyota,sienna,Minivan,2.5,4,AV,X,6.6,6.5,6.6,43,154,7.0,7.0
2023,Toyota,sienna awd,Minivan,2.5,4,AV,X,6.8,6.6,6.7,42,158,7.0,7.0
2023,Toyota,tacoma 4wd,Pickup truck: Small,3.5,6,AS6,X,13.0,10.5,11.9,24,278,4.0,5.0
2023,Toyota,tacoma 4wd,Pickup truck: Small,3.5,6,M6,X,13.8,11.4,12.7,22,299,4.0,5.0
2023,Toyota,tacoma 4wd d-cab trd off-road/pro,Pickup truck: Small,3.5,6,M6,X,13.8,11.7,12.9,22,300,4.0,5.0
2023,Toyota,tundra,Pickup truck: Standard,3.4,6,AS10,X,13.1,10.1,11.8,24,277,4.0,5.0
2023,Toyota,tundra 4wd,Pickup truck: Standard,3.4,6,AS10,X,13.7,10.8,12.4,23,291,4.0,5.0
2023,Toyota,tundra 4wd trd,Pickup truck: Standard,3.4,6,AS10,X,13.5,10.6,12.2,23,286,4.0,5.0
2023,Toyota,tundra hybrid 4wd,Pickup truck: Standard,3.4,6,AS10,X,12.7,10.5,11.7,24,274,4.0,5.0
2023,Toyota,tundra hybrid 4wd trd pro,Pickup truck: Standard,3.4,6,AS10,X,12.9,11.6,12.3,23,287,4.0,5.0
2023,Toyota,venza awd,Sport utility vehicle: Small,2.5,4,AV,X,5.9,6.4,6.1,46,142,7.0,7.0
2023,Volkswagen,atlas,Sport utility vehicle: Small,2.0,4,AS8,X,11.0,9.3,10.2,28,240,5.0,3.0
2023,Volkswagen,atlas 4motion,Sport utility vehicle: Small,2.0,4,AS8,X,11.8,9.8,10.9,26,255,5.0,3.0
2023,Volkswagen,atlas 4motion,Sport utility vehicle: Small,3.6,6,AS8,X,13.4,10.1,11.9,24,279,4.0,5.0
2023,Volkswagen,atlas cross sport,Sport utility vehicle: Small,2.0,4,AS8,X,11.0,9.6,10.3,27,243,5.0,3.0
2023,Volkswagen,atlas cross sport 4motion,Sport utility vehicle: Small,2.0,4,AS8,X,11.8,9.8,10.9,26,256,5.0,3.0
2023,Volkswagen,atlas cross sport 4motion,Sport utility vehicle: Small,3.6,6,AS8,X,13.1,10.0,11.7,24,275,4.0,5.0
2023,Volkswagen,golf gti,Compact,2.0,4,AM7,X,9.7,7.0,8.5,33,198,6.0,5.0
2023,Volkswagen,golf gti,Compact,2.0,4,M6,X,10.0,7.3,8.8,32,205,5.0,5.0
2023,Volkswagen,golf r,Compact,2.0,4,A7,Z,10.3,7.7,9.1,31,213,5.0,5.0
2023,Volkswagen,golf r,Compact,2.0,4,M6,Z,11.8,8.3,10.2,28,237,5.0,5.0
2023,Volkswagen,jetta,Compact,1.5,4,AS8,X,7.7,5.7,6.8,42,159,7.0,7.0
2023,Volkswagen,jetta comfortline/highline,Compact,1.5,4,AS8,X,8.1,5.8,7.1,40,167,6.0,7.0
2023,Volkswagen,jetta,Compact,1.5,4,M6,X,8.2,5.6,7.0,40,165,7.0,7.0
2023,Volkswagen,jetta gli,Compact,2.0,4,AM7,X,9.0,6.5,7.9,36,185,6.0,7.0
2023,Volkswagen,jetta gli,Compact,2.0,4,M6,X,9.1,6.4,7.9,36,186,6.0,7.0
2023,Volkswagen,taos,Sport utility vehicle: Small,1.5,4,AS8,X,8.4,6.6,7.6,37,178,6.0,7.0
2023,Volkswagen,taos 4motion,Sport utility vehicle: Small,1.5,4,AM7,X,9.5,7.3,8.5,33,200,6.0,7.0
2023,Volkswagen,tiguan 4motion,Sport utility vehicle: Small,2.0,4,AS8,X,10.6,8.0,9.4,30,222,5.0,7.0
2023,Volkswagen,tiguan r-line 4motion,Sport utility vehicle: Small,2.0,4,AS8,X,11.0,8.3,9.8,29,229,5.0,7.0
2023,Volvo,s60 b5,Compact,2.0,4,AS8,Z,9.0,6.7,8.0,35,186,6.0,5.0
2023,Volvo,s60 b5 awd,Compact,2.0,4,AS8,Z,9.4,6.9,8.3,34,193,6.0,5.0
2023,Volvo,s90 b6 awd,Mid-size,2.0,4,AS8,Z,10.3,7.5,9.0,31,211,5.0,7.0
2023,Volvo,v60 b6 awd,Station wagon: Small,2.0,4,AS8,Z,10.3,7.6,9.1,31,212,5.0,7.0
2023,Volvo,v60 cc b5 awd,Station wagon: Small,2.0,4,AS8,Z,10.1,7.7,9.0,31,211,5.0,5.0
2023,Volvo,v90 cc b6 awd,Station wagon: Mid-size,2.0,4,AS8,Z,10.9,8.3,9.7,29,227,5.0,7.0
2023,Volvo,xc40 b4 awd,Sport utility vehicle: Small,2.0,4,AS8,Z,10.0,7.6,8.9,32,208,5.0,5.0
2023,Volvo,xc40 b5 awd,Sport utility vehicle: Small,2.0,4,AS8,Z,10.2,7.9,9.2,31,215,5.0,5.0
2023,Volvo,xc60 b5 awd,Sport utility vehicle: Small,2.0,4,AS8,Z,10.3,8.2,9.4,30,218,5.0,5.0
2023,Volvo,xc60 b6 awd,Sport utility vehicle: Small,2.0,4,AS8,Z,11.1,8.7,10.0,28,233,5.0,7.0
2023,Volvo,xc90 b5 awd,Sport utility vehicle: Standard,2.0,4,AS8,Z,10.5,8.4,9.6,29,223,5.0,5.0
2023,Volvo,xc90 b6 awd,Sport utility vehicle: Standard,2.0,4,AS8,Z,11.9,9.1,10.6,27,249,5.0,7.0
2024,Acura,integra a-spec,Full-size,1.5,4,AV7,Z,8.1,6.5,7.4,38,172,6.0,7.0
2024,Acura,integra a-spec,Full-size,1.5,4,M6,Z,8.9,6.5,7.8,36,181,6.0,6.0
2024,Acura,integra type s,Full-size,2.0,4,M6,Z,11.1,8.3,9.9,29,230,5.0,6.0
2024,Acura,mdx sh-awd,Sport utility vehicle: Small,3.5,6,AS10,Z,12.6,9.4,11.2,25,263,4.0,5.0
2024,Acura,mdx sh-awd type s,Sport utility vehicle: Standard,3.0,6,AS10,Z,13.8,11.2,12.4,23,291,4.0,5.0
2024,Acura,rdx sh-awd,Sport utility vehicle: Small,2.0,4,AS10,Z,11.0,8.6,9.9,29,232,5.0,6.0
2024,Acura,rdx sh-awd a-spec,Sport utility vehicle: Small,2.0,4,AS10,Z,11.3,9.1,10.3,27,241,5.0,6.0
2024,Acura,tlx sh-awd a-spec,Compact,2.0,4,AS10,Z,11.3,8.1,9.8,29,231,5.0,7.0
2024,Acura,tlx type s (performance tire),Compact,3.0,6,AS10,Z,12.3,9.8,11.2,25,261,4.0,5.0
2024,Alfa Romeo,giulia,Mid-size,2.0,4,A8,Z,10.0,7.2,8.7,32,205,5.0,5.0
2024,Alfa Romeo,giulia awd,Mid-size,2.0,4,A8,Z,10.5,7.7,9.2,31,217,5.0,5.0
2024,Alfa Romeo,giulia quadrifoglio,Mid-size,2.9,6,A8,Z,13.5,9.3,11.6,24,271,4.0,3.0
2024,Alfa Romeo,stelvio,Sport utility vehicle: Small,2.0,4,A8,Z,10.3,8.1,9.3,30,218,5.0,5.0
2024,Alfa Romeo,stelvio awd,Sport utility vehicle: Small,2.0,4,A8,Z,10.8,8.3,9.6,29,226,5.0,5.0
2024,Alfa Romeo,stelvio awd quadrifoglio,Sport utility vehicle: Small,2.9,6,A8,Z,13.9,10.3,12.3,23,288,4.0,3.0
2024,Alfa Romeo,tonale awd,Sport utility vehicle: Small,2.0,4,A9,X,11.2,8.2,9.8,29,231,5.0,7.0
2024,Aston Martin,db12,Minicompact,4.0,8,A8,Z,15.9,10.5,13.5,21,316,3.0,5.0
2024,Aston Martin,dbs v12,Minicompact,5.2,12,A8,Z,16.4,10.7,13.8,20,324,3.0,3.0
2024,Aston Martin,dbx v8,Sport utility vehicle: Standard,4.0,8,A9,Z,16.8,11.9,14.6,19,343,3.0,5.0
2024,Aston Martin,dbx707,Sport utility vehicle: Standard,4.0,8,A9,Z,15.7,12.0,14.0,20,329,3.0,5.0
2024,Aston Martin,valour,Two-seater,5.2,12,M6,Z,18.9,13.1,16.3,17,383,2.0,3.0
2024,Audi,a3 40 tfsi quattro,Subcompact,2.0,4,AM7,X,9.2,6.9,8.1,35,191,6.0,7.0
2024,Audi,a4 45 tfsi quattro,Compact,2.0,4,AM7,Z,10.0,7.4,8.8,32,208,5.0,5.0
2024,Audi,a4 allroad 45 tfsi quattro,Station wagon: Small,2.0,4,AM7,Z,10.3,7.8,9.2,31,215,5.0,5.0
2024,Audi,a5 cabriolet 45 tfsi quattro,Subcompact,2.0,4,AM7,Z,9.8,7.1,8.6,33,202,5.0,5.0
2024,Audi,a5 coup  45 tfsi quattro,Subcompact,2.0,4,AM7,Z,10.0,7.4,8.8,32,208,5.0,5.0
2024,Audi,a5 sportback 45 tfsi quattro,Mid-size,2.0,4,AM7,Z,10.0,7.4,8.8,32,208,5.0,5.0
2024,Audi,a6 45 tfsi quattro,Mid-size,2.0,4,AM7,Z,10.4,7.2,9.0,31,210,5.0,5.0
2024,Audi,a6 55 tfsi quattro,Mid-size,3.0,6,AM7,Z,10.9,8.0,9.6,29,225,5.0,5.0
2024,Audi,a6 allroad 55 tfsi quattro,Station wagon: Mid-size,3.0,6,AM7,Z,10.9,8.0,9.6,29,225,5.0,5.0
2024,Audi,a7 sportback 55 tfsi quattro,Mid-size,3.0,6,AM7,Z,10.9,8.0,9.6,29,225,5.0,5.0
2024,Audi,a8 l 55 tfsi quattro,Full-size,3.0,6,AS8,Z,12.4,8.4,10.6,27,249,5.0,5.0
2024,Audi,q3 40 tfsi quattro,Sport utility vehicle: Small,2.0,4,AS8,X,10.7,8.1,9.5,30,224,5.0,6.0
2024,Audi,q3 45 tfsi quattro,Sport utility vehicle: Small,2.0,4,AS8,X,11.5,8.5,10.2,28,239,5.0,7.0
2024,Audi,q5 40 tfsi quattro,Sport utility vehicle: Small,2.0,4,AM7,Z,10.1,8.0,9.2,31,215,5.0,5.0
2024,Audi,q5 45 tfsi quattro,Sport utility vehicle: Small,2.0,4,AM7,Z,11.0,8.5,9.9,29,230,5.0,5.0
2024,Audi,q5 sportback 45 tfsi quattro,Sport utility vehicle: Small,2.0,4,AM7,Z,11.0,8.5,9.9,29,230,5.0,5.0
2024,Audi,q7 45 tfsi quattro,Sport utility vehicle: Standard,2.0,4,AS8,Z,12.3,9.4,11.0,26,258,4.0,5.0
2024,Audi,q7 55 tfsi quattro,Sport utility vehicle: Standard,3.0,6,AS8,Z,12.7,9.8,11.4,25,268,4.0,5.0
2024,Audi,q8 55 tfsi quattro,Sport utility vehicle: Standard,3.0,6,AS8,Z,13.6,10.4,12.1,23,285,4.0,5.0
2024,Audi,rs 5 coup ,Subcompact,2.9,6,AS8,Z,12.9,9.3,11.3,25,264,4.0,5.0
2024,Audi,rs 5 sportback,Mid-size,2.9,6,AS8,Z,13.3,9.6,11.6,24,272,4.0,5.0
2024,Audi,rs 6 avant performance,Station wagon: Mid-size,4.0,8,AS8,Z,16.9,11.0,14.2,20,335,3.0,3.0
2024,Audi,rs 7 sportback performance,Mid-size,4.0,8,AS8,Z,16.9,11.0,14.2,20,335,3.0,3.0
2024,Audi,rs q8,Sport utility vehicle: Standard,4.0,8,AS8,Z,17.7,12.4,15.3,18,357,2.0,3.0
2024,Audi,s3 quattro,Subcompact,2.0,4,AM7,Z,10.2,7.4,8.9,32,208,5.0,5.0
2024,Audi,s4 quattro,Compact,3.0,6,AS8,Z,11.1,8.1,9.7,29,228,5.0,5.0
2024,Audi,s5 cabriolet quattro,Subcompact,3.0,6,AS8,Z,11.9,8.8,10.5,27,247,5.0,5.0
2024,Audi,s5 coup  quattro,Subcompact,3.0,6,AS8,Z,11.1,8.1,9.7,29,228,5.0,5.0
2024,Audi,s5 sportback quattro,Mid-size,3.0,6,AS8,Z,11.8,8.2,10.2,28,238,5.0,5.0
2024,Audi,s6 quattro,Mid-size,2.9,6,AS8,Z,12.3,8.8,10.7,26,252,5.0,5.0
2024,Audi,s7 quattro,Mid-size,2.9,6,AS8,Z,12.3,8.8,10.7,26,252,5.0,5.0
2024,Audi,s8 quattro,Full-size,4.0,8,AS8,Z,16.0,10.0,13.3,21,312,4.0,3.0
2024,Audi,sq5 quattro,Sport utility vehicle: Small,3.0,6,AS8,Z,12.6,9.8,11.4,25,266,4.0,5.0
2024,Audi,sq5 sportback quattro,Sport utility vehicle: Small,3.0,6,AS8,Z,12.6,9.8,11.4,25,266,4.0,5.0
2024,Audi,sq7 quattro,Sport utility vehicle: Standard,4.0,8,AS8,Z,16.0,11.5,13.9,20,326,3.0,3.0
2024,Audi,sq8 quattro,Sport utility vehicle: Standard,4.0,8,AS8,Z,15.6,11.5,13.8,20,322,3.0,3.0
2024,Bentley,bentayga,Sport utility vehicle: Standard,4.0,8,AS8,Z,17.1,11.4,14.6,19,343,3.0,3.0
2024,Bentley,bentayga ewb,Sport utility vehicle: Standard,4.0,8,AS8,Z,17.1,11.4,14.6,19,343,3.0,3.0
2024,Bentley,continental gt,Subcompact,4.0,8,AM8,Z,16.4,10.5,13.7,21,322,3.0,3.0
2024,Bentley,continental gt,Subcompact,6.0,12,AM8,Z,19.2,11.4,15.7,18,367,2.0,3.0
2024,Bentley,continental gt convertible,Minicompact,4.0,8,AM8,Z,16.7,11.4,14.3,20,337,3.0,3.0
2024,Bentley,continental gt convertible,Minicompact,6.0,12,AM8,Z,19.8,12.7,16.6,17,388,2.0,3.0
2024,Bentley,flying spur,Mid-size,4.0,8,AM8,Z,16.1,11.9,14.2,20,333,3.0,3.0
2024,Bentley,flying spur,Mid-size,6.0,12,AM8,Z,19.3,12.4,16.2,17,378,2.0,3.0
2024,BMW,228i xdrive gran coupe,Compact,2.0,4,AS8,Z,10.2,7.2,8.8,32,205,5.0,7.0
2024,BMW,230i xdrive coupe,Subcompact,2.0,4,AS8,Z,9.6,7.1,8.4,34,195,6.0,3.0
2024,BMW,330i xdrive sedan,Compact,2.0,4,AS8,Z,9.8,7.0,8.6,33,200,6.0,7.0
2024,BMW,430i xdrive cabriolet,Subcompact,2.0,4,AS8,Z,10.0,7.1,8.7,32,203,5.0,7.0
2024,BMW,430i xdrive coupe,Subcompact,2.0,4,AS8,Z,10.0,7.1,8.7,32,203,5.0,7.0
2024,BMW,530i xdrive sedan,Mid-size,2.0,4,AS8,Z,8.7,6.8,7.9,36,182,6.0,7.0
2024,BMW,760i xdrive sedan,Full-size,4.4,8,AS8,Z,13.3,9.3,11.5,25,265,4.0,5.0
2024,BMW,alpina b8 gran coupe,Mid-size,4.4,8,AS8,Z,14.1,9.9,12.2,23,284,4.0,3.0
2024,BMW,alpina xb7,Sport utility vehicle: Standard,4.4,8,AS8,Z,15.2,11.6,13.6,21,314,4.0,5.0
2024,BMW,m2 coupe,Subcompact,3.0,6,AS8,Z,14.6,10.3,12.7,22,294,4.0,5.0
2024,BMW,m2 coupe,Subcompact,3.0,6,M6,Z,14.3,10.0,12.4,23,287,4.0,5.0
2024,BMW,m240i xdrive coupe,Subcompact,3.0,6,AS8,Z,10.4,7.4,9.0,31,210,5.0,5.0
2024,BMW,m3 sedan,Compact,3.0,6,M6,Z,14.7,10.1,12.6,22,293,4.0,5.0
2024,BMW,m3 competition m xdrive sedan,Compact,3.0,6,AS8,Z,14.6,10.5,12.7,22,296,4.0,5.0
2024,BMW,m3 cs sedan,Compact,3.0,6,AS8,Z,15.3,10.6,13.2,21,305,4.0,5.0
2024,BMW,m340i xdrive sedan,Compact,3.0,6,AS8,Z,10.4,7.5,9.1,31,212,5.0,5.0
2024,BMW,m4 competition m xdrive cabriolet,Subcompact,3.0,6,AS8,Z,15.1,10.4,12.9,22,301,4.0,5.0
2024,BMW,m4 competition m xdrive coupe,Subcompact,3.0,6,AS8,Z,14.6,10.5,12.7,22,296,4.0,5.0
2024,BMW,m4 coupe,Subcompact,3.0,6,M6,Z,14.7,10.1,12.6,22,293,4.0,5.0
2024,BMW,m440i xdrive cabriolet,Subcompact,3.0,6,AS8,Z,10.4,7.5,9.1,31,211,5.0,5.0
2024,BMW,m440i xdrive coupe,Subcompact,3.0,6,AS8,Z,10.7,7.5,9.3,30,216,5.0,5.0
2024,BMW,m440i xdrive gran coupe,Compact,3.0,6,AS8,Z,10.7,7.8,9.4,30,218,5.0,5.0
2024,BMW,m8 competition cabriolet,Subcompact,4.4,8,AS8,Z,16.0,10.9,13.7,21,321,3.0,3.0
2024,BMW,m8 competition coupe,Subcompact,4.4,8,AS8,Z,16.0,10.9,13.7,21,321,3.0,3.0
2024,BMW,m8 competition gran coupe,Mid-size,4.4,8,AS8,Z,16.0,10.9,13.7,21,321,3.0,3.0
2024,BMW,m850i xdrive cabriolet,Subcompact,4.4,8,AS8,Z,14.1,9.9,12.2,23,284,4.0,3.0
2024,BMW,m850i xdrive coupe,Subcompact,4.4,8,AS8,Z,14.1,9.9,12.2,23,284,4.0,3.0
2024,BMW,m850i xdrive gran coupe,Mid-size,4.4,8,AS8,Z,14.1,9.9,12.2,23,284,4.0,3.0
2024,BMW,x1 xdrive28i,Sport utility vehicle: Small,2.0,4,AM7,Z,9.6,7.0,8.4,34,195,6.0,8.0
2024,BMW,x1 m35i xdrive,Sport utility vehicle: Small,2.0,4,AM7,Z,10.1,7.6,9.0,31,208,5.0,6.0
2024,BMW,x2 xdrive28i,Sport utility vehicle: Small,2.0,4,AM7,Z,9.7,7.1,8.5,33,198,6.0,8.0
2024,BMW,x2 m35i xdrive,Sport utility vehicle: Small,2.0,4,AM7,Z,10.3,7.3,8.9,32,207,5.0,6.0
2024,BMW,x3 xdrive30i,Sport utility vehicle: Small,2.0,4,AS8,Z,11.0,8.4,9.9,29,229,5.0,7.0
2024,BMW,x3 m,Sport utility vehicle: Small,3.0,6,AS8,Z,15.7,11.7,13.9,20,323,3.0,3.0
2024,BMW,x3 m competition,Sport utility vehicle: Small,3.0,6,AS8,Z,15.7,11.7,13.9,20,323,3.0,3.0
2024,BMW,x3 m40i,Sport utility vehicle: Small,3.0,6,AS8,Z,10.9,9.0,10.1,28,235,5.0,5.0
2024,BMW,x4 xdrive30i,Sport utility vehicle: Small,2.0,4,AS8,Z,11.0,8.4,9.9,29,229,5.0,7.0
2024,BMW,x4 m,Sport utility vehicle: Small,3.0,6,AS8,Z,15.7,11.7,13.9,20,323,3.0,3.0
2024,BMW,x4 m competition,Sport utility vehicle: Small,3.0,6,AS8,Z,15.7,11.7,13.9,20,323,3.0,3.0
2024,BMW,x4 m40i,Sport utility vehicle: Small,3.0,6,AS8,Z,10.9,9.0,10.1,28,235,5.0,5.0
2024,BMW,x5 xdrive40i,Sport utility vehicle: Standard,3.0,6,AS8,Z,10.1,8.7,9.4,30,218,5.0,7.0
2024,BMW,x5 m competition,Sport utility vehicle: Standard,4.4,8,AS8,Z,18.2,12.9,15.8,18,366,2.0,5.0
2024,BMW,x5 m60i,Sport utility vehicle: Standard,4.4,8,AS8,Z,13.8,10.5,12.3,23,285,4.0,5.0
2024,BMW,x6 xdrive40i,Sport utility vehicle: Standard,3.0,6,AS8,Z,10.3,8.9,9.6,29,223,5.0,7.0
2024,BMW,x6 m competition,Sport utility vehicle: Standard,4.4,8,AS8,Z,18.2,12.9,15.8,18,366,2.0,5.0
2024,BMW,x6 m60i,Sport utility vehicle: Standard,4.4,8,AS8,Z,13.8,10.5,12.3,23,285,4.0,5.0
2024,BMW,x7 xdrive40i,Sport utility vehicle: Standard,3.0,6,AS8,Z,11.3,9.5,10.5,27,243,5.0,7.0
2024,BMW,x7 m60i,Sport utility vehicle: Standard,4.4,8,AS8,Z,14.3,11.1,12.9,22,299,4.0,5.0
2024,BMW,z4 sdrive30i,Two-seater,2.0,4,AS8,Z,9.4,7.1,8.4,34,194,6.0,7.0
2024,BMW,z4 m40i,Two-seater,3.0,6,AS8,Z,10.4,7.5,9.1,31,210,5.0,5.0
2024,Bugatti,chiron super sport,Two-seater,8.0,16,AM7,Z,30.3,20.9,26.1,11,608,1.0,1.0
2024,Buick,enclave awd,Sport utility vehicle: Standard,3.6,6,A9,X,13.8,9.6,11.9,24,280,4.0,6.0
2024,Buick,encore gx,Sport utility vehicle: Small,1.3,3,AV,X,8.0,7.6,7.8,36,183,6.0,7.0
2024,Buick,encore gx awd,Sport utility vehicle: Small,1.3,3,A9,X,9.1,8.4,8.8,32,207,5.0,7.0
2024,Buick,envision awd,Sport utility vehicle: Small,2.0,4,AS9,X,10.8,8.3,9.7,29,229,5.0,7.0
2024,Buick,envista,Station wagon: Small,1.2,3,A6,X,8.4,7.4,7.9,36,185,6.0,7.0
2024,Cadillac,ct4,Compact,2.0,4,AS8,Z,10.6,7.3,9.1,31,214,5.0,7.0
2024,Cadillac,ct4,Compact,2.7,4,AS10,Z,11.0,7.6,9.5,30,221,5.0,6.0
2024,Cadillac,ct4 awd,Compact,2.0,4,AS8,Z,11.0,7.6,9.5,30,223,5.0,7.0
2024,Cadillac,ct4 awd,Compact,2.7,4,AS10,Z,11.3,8.1,9.9,29,231,5.0,6.0
2024,Cadillac,ct4-v,Compact,2.7,4,AS10,Z,11.8,8.2,10.2,28,236,5.0,6.0
2024,Cadillac,ct4-v,Compact,3.6,6,AS10,Z,15.0,9.7,12.6,22,297,4.0,5.0
2024,Cadillac,ct4-v,Compact,3.6,6,M6,Z,15.2,10.2,13.0,22,303,4.0,5.0
2024,Cadillac,ct4-v awd,Compact,2.7,4,AS10,Z,12.0,8.4,10.4,27,244,5.0,6.0
2024,Cadillac,ct5,Mid-size,2.0,4,AS10,Z,10.3,7.1,8.8,32,207,5.0,7.0
2024,Cadillac,ct5,Mid-size,3.0,6,AS10,Z,12.4,8.7,10.8,26,252,5.0,5.0
2024,Cadillac,ct5 awd,Mid-size,2.0,4,AS10,Z,10.9,7.8,9.5,30,224,5.0,7.0
2024,Cadillac,ct5 awd,Mid-size,3.0,6,AS10,Z,13.1,9.1,11.3,25,265,4.0,5.0
2024,Cadillac,ct5-v,Mid-size,3.0,6,AS10,Z,13.1,8.8,11.2,25,263,4.0,5.0
2024,Cadillac,ct5-v,Mid-size,6.2,8,AS10,Z,17.9,11.0,14.8,19,347,3.0,3.0
2024,Cadillac,ct5-v,Mid-size,6.2,8,M6,Z,18.5,11.4,15.3,18,358,2.0,3.0
2024,Cadillac,ct5-v awd,Mid-size,3.0,6,AS10,Z,13.1,9.1,11.3,25,265,4.0,5.0
2024,Cadillac,escalade 4wd,Sport utility vehicle: Standard,3.0,6,A10,D,11.7,9.0,10.5,27,281,4.0,3.0
2024,Cadillac,escalade 4wd,Sport utility vehicle: Standard,6.2,8,A10,Z,16.6,13.0,15.0,19,350,3.0,6.0
2024,Cadillac,escalade-v awd,Sport utility vehicle: Standard,6.2,8,AS10,Z,20.8,14.7,18.1,16,425,1.0,3.0
2024,Cadillac,xt4,Sport utility vehicle: Small,2.0,4,AS9,Z,10.0,8.1,9.1,31,214,5.0,7.0
2024,Cadillac,xt4 awd,Sport utility vehicle: Small,2.0,4,AS9,Z,10.4,8.4,9.5,30,224,5.0,7.0
2024,Cadillac,xt5,Sport utility vehicle: Small,2.0,4,AS9,Z,10.9,8.2,9.7,29,228,5.0,7.0
2024,Cadillac,xt5 awd,Sport utility vehicle: Small,2.0,4,AS9,Z,11.2,8.7,10.1,28,237,5.0,7.0
2024,Cadillac,xt5 awd,Sport utility vehicle: Small,3.6,6,AS9,X,12.9,9.2,11.2,25,264,4.0,6.0
2024,Cadillac,xt6 awd,Sport utility vehicle: Small,2.0,4,AS9,Z,11.2,9.0,10.2,28,239,5.0,7.0
2024,Cadillac,xt6 awd,Sport utility vehicle: Small,3.6,6,AS9,X,13.1,9.5,11.5,25,269,4.0,6.0
2024,Chevrolet,blazer awd,Sport utility vehicle: Small,2.0,4,A9,X,10.8,8.7,9.9,29,229,5.0,7.0
2024,Chevrolet,blazer awd,Sport utility vehicle: Small,3.6,6,A9,X,12.8,9.1,11.2,25,262,4.0,6.0
2024,Chevrolet,camaro,Subcompact,3.6,6,AS10,X,12.8,8.2,10.7,26,253,5.0,6.0
2024,Chevrolet,camaro,Subcompact,3.6,6,M6,X,14.3,9.0,11.9,24,280,4.0,6.0
2024,Chevrolet,camaro ss,Subcompact,6.2,8,AS10,Z,14.6,8.9,12.0,24,281,4.0,1.0
2024,Chevrolet,camaro ss,Subcompact,6.2,8,M6,Z,14.9,9.9,12.6,22,297,4.0,1.0
2024,Chevrolet,camaro zl1,Subcompact,6.2,8,AS10,Z,18.3,11.2,15.1,19,355,3.0,1.0
2024,Chevrolet,camaro zl1,Subcompact,6.2,8,M6,Z,17.2,12.0,14.9,19,349,3.0,1.0
2024,Chevrolet,colorado,Pickup truck: Small,2.7,4,A8,X,11.8,9.9,10.9,26,256,5.0,7.0
2024,Chevrolet,colorado (turbo plus),Pickup truck: Small,2.7,4,A8,X,12.3,9.7,11.1,25,261,4.0,7.0
2024,Chevrolet,colorado 4wd,Pickup truck: Small,2.7,4,A8,X,12.7,10.8,11.8,24,278,4.0,7.0
2024,Chevrolet,colorado 4wd (turbo plus),Pickup truck: Small,2.7,4,A8,X,13.0,10.4,11.8,24,277,4.0,7.0
2024,Chevrolet,colorado 4wd mud terrain tire (turbo plus),Pickup truck: Small,2.7,4,A8,X,14.0,11.9,13.1,22,307,4.0,7.0
2024,Chevrolet,colorado zr2 4wd (turbo plus),Pickup truck: Small,2.7,4,A8,X,14.1,13.8,14.0,20,328,3.0,7.0
2024,Chevrolet,colorado zr2 bison 4wd (turbo plus),Pickup truck: Small,2.7,4,A8,X,14.8,15.1,14.9,19,350,3.0,7.0
2024,Chevrolet,corvette,Two-seater,6.2,8,AS8,Z,15.0,9.4,12.5,23,295,4.0,5.0
2024,Chevrolet,corvette e-ray,Two-seater,6.2,8,AS8,Z,15.1,9.7,12.7,22,298,4.0,3.0
2024,Chevrolet,corvette z06,Two-seater,5.5,8,AS8,Z,19.4,11.4,15.8,18,371,2.0,3.0
2024,Chevrolet,corvette z06 carbon aero,Two-seater,5.5,8,AS8,Z,20.0,12.7,16.7,17,392,2.0,3.0
2024,Chevrolet,equinox,Sport utility vehicle: Small,1.5,4,A6,X,9.2,7.7,8.5,33,193,6.0,7.0
2024,Chevrolet,equinox awd,Sport utility vehicle: Small,1.5,4,A6,X,9.7,7.9,8.9,32,207,5.0,7.0
2024,Chevrolet,malibu,Mid-size,1.5,4,AV,X,8.4,6.7,7.7,37,178,6.0,7.0
2024,Chevrolet,silverado,Pickup truck: Standard,2.7,4,A8,X,12.9,10.9,12.0,24,281,4.0,7.0
2024,Chevrolet,silverado (with sport mode),Pickup truck: Standard,2.7,4,A8,X,13.4,11.2,12.5,23,292,4.0,7.0
2024,Chevrolet,silverado,Pickup truck: Standard,3.0,6,A10,D,10.1,8.1,9.2,31,247,5.0,5.0
2024,Chevrolet,silverado,Pickup truck: Standard,5.3,8,A10,X,14.7,11.4,13.2,21,309,4.0,7.0
2024,Chevrolet,silverado ffv,Pickup truck: Standard,5.3,8,A10,X,14.3,11.7,13.1,22,308,4.0,5.0
2024,Chevrolet,silverado ffv,Pickup truck: Standard,5.3,8,A10,E,19.6,15.3,17.7,16,293,4.0,5.0
2024,Chevrolet,silverado 4wd,Pickup truck: Standard,2.7,4,A8,X,13.2,11.2,12.3,23,289,4.0,7.0
2024,Chevrolet,silverado 4wd (with sport mode),Pickup truck: Standard,2.7,4,A8,X,14.0,12.7,13.4,21,314,4.0,7.0
2024,Chevrolet,silverado 4wd mud terrain tire,Pickup truck: Standard,2.7,4,A8,X,14.9,13.9,14.4,20,337,3.0,7.0
2024,Chevrolet,silverado 4wd mud terrain tire (with sport mode),Pickup truck: Standard,2.7,4,A8,X,14.6,13.6,14.2,20,332,3.0,7.0
2024,Chevrolet,silverado 4wd,Pickup truck: Standard,3.0,6,A10,D,11.0,9.7,10.4,27,280,4.0,5.0
2024,Chevrolet,silverado 4wd (with sport mode),Pickup truck: Standard,3.0,6,A10,D,10.4,8.7,9.6,29,259,4.0,5.0
2024,Chevrolet,silverado 4wd mud terrain tire,Pickup truck: Standard,3.0,6,A10,D,11.3,10.4,10.9,26,293,4.0,5.0
2024,Chevrolet,silverado 4wd,Pickup truck: Standard,5.3,8,A10,X,15.5,12.6,14.2,20,332,3.0,7.0
2024,Chevrolet,silverado 4wd ffv,Pickup truck: Standard,5.3,8,A10,X,15.2,12.2,13.9,20,326,3.0,5.0
2024,Chevrolet,silverado 4wd ffv,Pickup truck: Standard,5.3,8,A10,E,21.3,16.6,19.2,15,318,3.0,5.0
2024,Chevrolet,silverado 4wd mud terrain tire,Pickup truck: Standard,5.3,8,A10,X,15.8,13.1,14.6,19,342,3.0,7.0
2024,Chevrolet,silverado 4wd mud terrain tire ffv,Pickup truck: Standard,5.3,8,A10,X,15.2,12.2,13.9,20,326,3.0,5.0
2024,Chevrolet,silverado 4wd mud terrain tire ffv,Pickup truck: Standard,5.3,8,A10,E,21.3,16.6,19.2,15,318,3.0,5.0
2024,Chevrolet,silverado 4wd,Pickup truck: Standard,6.2,8,A10,Z,15.6,11.9,13.9,20,327,3.0,6.0
2024,Chevrolet,silverado 4wd mud terrain tire,Pickup truck: Standard,6.2,8,A10,Z,17.1,14.0,15.7,18,367,2.0,6.0
2024,Chevrolet,silverado 4wd zr2,Pickup truck: Standard,3.0,6,A10,D,11.9,10.8,11.4,25,306,4.0,5.0
2024,Chevrolet,silverado 4wd zr2,Pickup truck: Standard,6.2,8,A10,Z,16.8,14.1,15.6,18,367,2.0,6.0
2024,Chevrolet,suburban,Sport utility vehicle: Standard,3.0,6,A10,D,11.2,8.7,10.1,28,272,4.0,3.0
2024,Chevrolet,suburban,Sport utility vehicle: Standard,5.3,8,A10,X,15.8,11.8,14.0,20,327,3.0,6.0
2024,Chevrolet,suburban 4wd,Sport utility vehicle: Standard,3.0,6,A10,D,11.7,9.0,10.5,27,281,4.0,3.0
2024,Chevrolet,suburban 4wd,Sport utility vehicle: Standard,5.3,8,A10,X,16.2,13.2,14.8,19,346,3.0,6.0
2024,Chevrolet,suburban 4wd,Sport utility vehicle: Standard,6.2,8,A10,Z,16.6,13.0,15.0,19,350,3.0,6.0
2024,Chevrolet,tahoe,Sport utility vehicle: Standard,3.0,6,A10,D,11.0,8.4,9.8,29,263,4.0,3.0
2024,Chevrolet,tahoe,Sport utility vehicle: Standard,5.3,8,A10,X,15.8,11.8,14.0,20,327,3.0,6.0
2024,Chevrolet,tahoe 4wd,Sport utility vehicle: Standard,3.0,6,A10,D,11.7,9.0,10.5,27,281,4.0,3.0
2024,Chevrolet,tahoe 4wd,Sport utility vehicle: Standard,5.3,8,A10,X,15.8,11.8,14.0,20,327,3.0,6.0
2024,Chevrolet,tahoe 4wd,Sport utility vehicle: Standard,6.2,8,A10,Z,16.6,13.0,15.0,19,350,3.0,6.0
2024,Chevrolet,trailblazer,Sport utility vehicle: Small,1.2,3,AV,X,7.8,7.7,7.8,36,183,6.0,7.0
2024,Chevrolet,trailblazer,Sport utility vehicle: Small,1.3,3,AV,X,8.1,7.2,7.7,37,181,6.0,7.0
2024,Chevrolet,trailblazer awd,Sport utility vehicle: Small,1.3,3,A9,X,9.0,8.1,8.6,33,204,5.0,7.0
2024,Chevrolet,traverse awd,Sport utility vehicle: Standard,2.5,4,A8,X,12.4,9.9,11.3,25,264,4.0,6.0
2024,Chevrolet,traverse limited awd,Sport utility vehicle: Standard,3.6,6,A9,X,13.8,9.6,11.9,24,280,4.0,6.0
2024,Chevrolet,trax,Station wagon: Small,1.2,3,A6,X,8.3,7.4,7.9,36,185,6.0,7.0
2024,Chrysler,grand caravan,Minivan,3.6,6,A9,X,12.4,8.4,10.6,27,249,5.0,7.0
2024,Chrysler,pacifica,Minivan,3.6,6,A9,X,12.4,8.4,10.6,27,249,5.0,7.0
2024,Chrysler,pacifica awd,Minivan,3.6,6,A9,X,14.1,9.4,12.0,24,279,4.0,7.0
2024,Dodge,durango awd,Sport utility vehicle: Standard,3.6,6,A8,X,13.0,9.4,11.3,25,266,4.0,7.0
2024,Dodge,durango awd,Sport utility vehicle: Standard,5.7,8,A8,X,16.7,10.9,14.1,20,331,3.0,5.0
2024,Dodge,durango awd srt,Sport utility vehicle: Standard,6.4,8,A8,Z,18.3,12.2,15.6,18,363,2.0,1.0
2024,Dodge,durango awd srt hellcat,Sport utility vehicle: Standard,6.2,8,A8,Z,20.5,13.8,17.4,16,410,1.0,1.0
2024,Dodge,hornet awd,Sport utility vehicle: Small,2.0,4,A9,X,11.2,8.2,9.9,29,231,5.0,7.0
2024,Ferrari,812 competizione,Two-seater,6.5,12,AM7,Z,19.3,15.0,17.4,16,405,2.0,3.0
2024,Ferrari,812 competizione a,Two-seater,6.5,12,AM7,Z,19.4,14.7,17.3,16,402,2.0,3.0
2024,Ferrari,daytona sp3,Two-seater,6.5,12,AM7,Z,19.9,14.8,17.6,16,410,1.0,3.0
2024,Ferrari,purosangue,Sport utility vehicle: Standard,6.5,12,AM8,Z,22.0,15.3,19.0,15,442,1.0,6.0
2024,Ferrari,roma,Subcompact,3.9,8,AM8,Z,14.2,10.6,12.6,22,293,4.0,6.0
2024,Ferrari,roma spider,Minicompact,3.9,8,AM8,Z,13.9,10.5,12.4,23,290,4.0,6.0
2024,Ford,bronco 4wd,Sport utility vehicle: Small,2.3,4,AS10,X,12.0,11.2,11.6,24,273,4.0,5.0
2024,Ford,bronco 4wd,Sport utility vehicle: Small,2.3,4,M7,X,11.9,11.1,11.6,24,271,4.0,5.0
2024,Ford,bronco 4wd,Sport utility vehicle: Small,2.7,6,AS10,X,12.4,11.3,11.9,24,281,4.0,6.0
2024,Ford,bronco badlands 4wd,Sport utility vehicle: Small,2.3,4,M7,X,14.7,13.3,14.0,20,329,3.0,5.0
2024,Ford,bronco badlands 4wd,Sport utility vehicle: Small,2.7,6,AS10,X,13.8,13.8,13.8,20,324,3.0,6.0
2024,Ford,bronco black diamond 4wd,Sport utility vehicle: Small,2.3,4,AS10,X,13.1,13.1,13.1,22,308,4.0,5.0
2024,Ford,bronco black diamond 4wd,Sport utility vehicle: Small,2.3,4,M7,X,14.7,13.1,14.0,20,328,3.0,5.0
2024,Ford,bronco black diamond 4wd,Sport utility vehicle: Small,2.7,6,AS10,X,13.1,13.1,13.1,22,308,4.0,6.0
2024,Ford,bronco raptor 4wd,Sport utility vehicle: Standard,3.0,6,AS10,X,15.7,14.8,15.3,18,358,2.0,6.0
2024,Ford,bronco sasquatch 4wd,Sport utility vehicle: Small,2.3,4,AS10,X,13.1,13.8,13.4,21,315,4.0,5.0
2024,Ford,bronco sasquatch 4wd,Sport utility vehicle: Small,2.3,4,M7,X,14.7,13.1,14.0,20,328,3.0,5.0
2024,Ford,bronco sasquatch 4wd,Sport utility vehicle: Small,2.7,6,AS10,X,14.0,13.7,13.9,20,326,3.0,6.0
2024,Ford,bronco sport 4wd,Sport utility vehicle: Small,1.5,3,A8,X,9.3,8.1,9.0,31,211,5.0,7.0
2024,Ford,bronco sport 4wd,Sport utility vehicle: Small,2.0,4,AS8,X,11.2,9.0,10.2,28,240,5.0,6.0
2024,Ford,edge awd,Sport utility vehicle: Small,2.0,4,A8,X,11.5,8.3,10.0,28,236,5.0,6.0
2024,Ford,edge awd,Sport utility vehicle: Small,2.0,4,AS8,X,11.5,8.4,10.1,28,238,5.0,6.0
2024,Ford,edge awd,Sport utility vehicle: Small,2.7,6,AS8,X,12.6,9.2,11.1,25,260,4.0,5.0
2024,Ford,escape,Sport utility vehicle: Small,1.5,3,A8,X,8.9,6.9,8.0,35,187,6.0,7.0
2024,Ford,escape awd,Sport utility vehicle: Small,1.5,3,A8,X,9.2,7.4,8.4,34,197,6.0,7.0
2024,Ford,escape awd,Sport utility vehicle: Small,2.0,4,A8,X,10.2,7.6,9.1,31,213,5.0,7.0
2024,Ford,escape hybrid,Sport utility vehicle: Small,2.5,4,AV,X,5.6,6.5,6.0,47,140,7.0,8.0
2024,Ford,escape hybrid awd,Sport utility vehicle: Small,2.5,4,AV,X,5.6,6.5,6.0,47,140,7.0,8.0
2024,Ford,expedition 4x4,Sport utility vehicle: Standard,3.5,6,AS10,X,14.8,10.6,12.9,22,304,4.0,6.0
2024,Ford,expedition timberline 4x4,Sport utility vehicle: Standard,3.5,6,AS10,X,14.5,12.3,13.5,21,318,3.0,6.0
2024,Ford,explorer awd,Sport utility vehicle: Standard,2.3,4,A10,X,11.5,8.7,10.3,27,241,5.0,6.0
2024,Ford,explorer timberline awd,Sport utility vehicle: Standard,2.3,4,AS10,X,12.2,10.5,11.5,25,269,4.0,6.0
2024,Ford,explorer awd,Sport utility vehicle: Standard,3.0,6,A10,X,13.3,9.8,11.7,24,275,4.0,5.0
2024,Ford,explorer awd,Sport utility vehicle: Standard,3.0,6,AS10,X,13.4,9.8,11.8,24,277,4.0,5.0
2024,Ford,f-150,Pickup truck: Standard,2.7,6,AS10,X,12.7,9.6,11.3,25,266,4.0,7.0
2024,Ford,f-150,Pickup truck: Standard,3.5,6,AS10,X,14.2,9.4,12.0,24,282,4.0,7.0
2024,Ford,f-150,Pickup truck: Standard,5.0,8,AS10,X,14.5,10.0,12.5,23,293,4.0,6.0
2024,Ford,f-150 4x4,Pickup truck: Standard,2.7,6,AS10,X,13.2,10.2,11.8,24,278,4.0,7.0
2024,Ford,f-150 4x4,Pickup truck: Standard,3.5,6,AS10,X,14.5,9.7,12.3,23,289,4.0,7.0
2024,Ford,f-150 4x4,Pickup truck: Standard,5.0,8,AS10,X,14.9,10.2,12.8,22,300,4.0,6.0
2024,Ford,f-150 raptor 4x4,Pickup truck: Standard,3.5,6,AS10,X,16.6,13.1,15.0,19,353,3.0,7.0
2024,Ford,f-150 raptor r 4x4,Pickup truck: Standard,5.2,8,AS10,X,22.8,15.9,19.7,14,460,1.0,5.0
2024,Ford,f-150 tremor 4x4,Pickup truck: Standard,3.5,6,AS10,X,14.3,11.2,12.9,22,303,4.0,7.0
2024,Ford,f-150 tremor 4x4,Pickup truck: Standard,5.0,8,AS10,X,15.2,11.9,13.7,21,322,3.0,6.0
2024,Ford,f-150 hybrid 4x4,Pickup truck: Standard,3.5,6,AS10,X,11.4,10.1,10.8,26,253,5.0,7.0
2024,Ford,maverick awd,Pickup truck: Small,2.0,4,A8,X,10.8,8.1,9.6,29,225,5.0,6.0
2024,Ford,maverick tremor awd,Pickup truck: Small,2.0,4,A8,X,11.9,9.9,11.0,26,257,4.0,6.0
2024,Ford,maverick hybrid,Pickup truck: Small,2.5,4,AV,X,5.6,7.1,6.3,45,147,7.0,7.0
2024,Ford,mustang,Subcompact,2.3,4,A10,X,10.8,7.1,9.2,31,214,5.0,7.0
2024,Ford,mustang (performance pack),Subcompact,2.3,4,AS10,X,11.1,8.2,9.8,29,228,5.0,7.0
2024,Ford,mustang,Subcompact,5.0,8,AS10,X,15.8,9.8,13.1,22,307,4.0,5.0
2024,Ford,mustang (stop-start),Subcompact,5.0,8,AS10,X,15.0,9.8,12.6,22,296,4.0,5.0
2024,Ford,mustang,Subcompact,5.0,8,M6,X,16.6,10.2,13.8,20,321,3.0,5.0
2024,Ford,mustang (stop-start),Subcompact,5.0,8,M6,X,15.5,10.0,13.0,22,306,4.0,5.0
2024,Ford,mustang dark horse,Subcompact,5.0,8,AS10,X,16.5,10.9,13.9,20,326,3.0,5.0
2024,Ford,mustang dark horse,Subcompact,5.0,8,M6,X,17.1,10.7,14.2,20,333,3.0,5.0
2024,Ford,ranger 4wd,Pickup truck: Standard,2.3,4,AS10,X,11.9,9.8,11.0,26,257,5.0,6.0
2024,Ford,ranger 4wd,Pickup truck: Standard,2.7,6,AS10,X,12.6,10.2,11.5,25,270,4.0,6.0
2024,Ford,ranger raptor 4wd,Pickup truck: Standard,3.0,6,AS10,X,14.9,12.8,14.0,20,326,3.0,6.0
2024,Genesis,g70 awd,Compact,2.5,4,AS8,Z,11.7,8.4,10.2,28,239,5.0,6.0
2024,Genesis,g70 awd,Compact,3.3,6,AS8,Z,14.0,9.4,11.9,24,282,4.0,3.0
2024,Genesis,g80 awd,Full-size,2.5,4,AS8,Z,10.8,7.9,9.5,30,225,5.0,5.0
2024,Genesis,g80 awd,Full-size,3.5,6,AS8,Z,14.8,9.9,12.6,22,298,4.0,5.0
2024,Genesis,g90,Full-size,3.5,6,AS8,Z,13.6,9.6,11.8,24,274,4.0,5.0
2024,Genesis,gv70 awd,Sport utility vehicle: Small,2.5,4,AS8,Z,11.7,9.0,10.5,27,247,5.0,5.0
2024,Genesis,gv70 awd,Sport utility vehicle: Small,3.5,6,AS8,Z,12.9,10.0,11.6,24,275,4.0,5.0
2024,Genesis,gv80 awd,Sport utility vehicle: Standard,2.5,4,AS8,Z,11.3,9.5,10.5,27,248,5.0,5.0
2024,Genesis,gv80 awd,Sport utility vehicle: Standard,3.5,6,AS8,Z,12.9,10.4,11.8,24,279,4.0,5.0
2024,GMC,acadia awd,Sport utility vehicle: Standard,2.5,4,A8,X,12.4,9.9,11.3,25,264,4.0,6.0
2024,GMC,canyon,Pickup truck: Small,2.7,4,A8,X,12.4,10.3,11.5,25,270,4.0,7.0
2024,GMC,canyon 4wd,Pickup truck: Small,2.7,4,A8,X,13.2,10.9,12.2,23,286,4.0,7.0
2024,GMC,canyon 4wd mud terrain tire,Pickup truck: Small,2.7,4,A8,X,14.0,11.9,13.1,22,307,4.0,7.0
2024,GMC,canyon at4x 4wd,Pickup truck: Small,2.7,4,A8,X,14.1,13.8,14.0,20,328,3.0,7.0
2024,GMC,canyon at4x aev 4wd,Pickup truck: Small,2.7,4,A8,X,14.8,15.1,14.9,19,350,3.0,7.0
2024,GMC,sierra,Pickup truck: Standard,2.7,4,A8,X,12.9,10.9,12.0,24,281,4.0,7.0
2024,GMC,sierra (with sport mode),Pickup truck: Standard,2.7,4,A8,X,13.4,11.2,12.5,23,292,4.0,7.0
2024,GMC,sierra,Pickup truck: Standard,3.0,6,A10,D,10.1,8.2,9.2,31,248,5.0,5.0
2024,GMC,sierra,Pickup truck: Standard,5.3,8,A10,X,14.8,11.7,13.4,21,314,4.0,7.0
2024,GMC,sierra ffv,Pickup truck: Standard,5.3,8,A10,X,14.3,11.7,13.1,22,308,4.0,5.0
2024,GMC,sierra ffv,Pickup truck: Standard,5.3,8,A10,E,19.6,15.3,17.7,16,293,4.0,5.0
2024,GMC,sierra 4wd,Pickup truck: Standard,2.7,4,A8,X,13.8,11.8,12.9,22,302,4.0,7.0
2024,GMC,sierra 4wd (with sport mode),Pickup truck: Standard,2.7,4,A8,X,14.2,12.9,13.6,21,319,3.0,7.0
2024,GMC,sierra 4wd mud terrain tire,Pickup truck: Standard,2.7,4,A8,X,14.9,13.9,14.4,20,337,3.0,7.0
2024,GMC,sierra 4wd,Pickup truck: Standard,3.0,6,A10,D,10.4,8.7,9.6,29,259,4.0,5.0
2024,GMC,sierra 4wd mud terrain tire,Pickup truck: Standard,3.0,6,A10,D,11.3,10.4,10.9,26,293,4.0,5.0
2024,GMC,sierra 4wd,Pickup truck: Standard,5.3,8,A10,X,15.6,12.3,14.1,20,331,3.0,7.0
2024,GMC,sierra 4wd ffv,Pickup truck: Standard,5.3,8,A10,X,15.2,12.2,13.9,20,326,3.0,5.0
2024,GMC,sierra 4wd ffv,Pickup truck: Standard,5.3,8,A10,E,21.3,16.6,19.2,15,318,3.0,5.0
2024,GMC,sierra 4wd mud terrain tire,Pickup truck: Standard,5.3,8,A10,X,16.0,13.3,14.8,19,346,3.0,7.0
2024,GMC,sierra 4wd mud terrain tire ffv,Pickup truck: Standard,5.3,8,A10,X,15.2,12.2,13.9,20,326,3.0,5.0
2024,GMC,sierra 4wd mud terrain tire ffv,Pickup truck: Standard,5.3,8,A10,E,21.3,16.6,19.2,15,318,3.0,5.0
2024,GMC,sierra 4wd,Pickup truck: Standard,6.2,8,A10,Z,16.0,12.1,14.3,20,335,3.0,6.0
2024,GMC,sierra 4wd mud terrain tire,Pickup truck: Standard,6.2,8,A10,Z,17.1,14.0,15.7,18,367,2.0,6.0
2024,GMC,sierra 4wd at4x,Pickup truck: Standard,3.0,6,A10,D,12.2,12.0,12.1,23,326,3.0,5.0
2024,GMC,sierra 4wd at4x,Pickup truck: Standard,6.2,8,A10,Z,16.8,14.7,15.9,18,375,2.0,6.0
2024,GMC,terrain,Sport utility vehicle: Small,1.5,4,A9,X,9.8,8.1,9.0,31,212,5.0,7.0
2024,GMC,terrain awd,Sport utility vehicle: Small,1.5,4,A9,X,10.1,8.4,9.3,30,219,5.0,7.0
2024,GMC,yukon,Sport utility vehicle: Standard,3.0,6,A10,D,11.2,8.7,10.1,28,272,4.0,3.0
2024,GMC,yukon,Sport utility vehicle: Standard,5.3,8,A10,X,15.8,11.8,14.0,20,327,3.0,6.0
2024,GMC,yukon 4wd,Sport utility vehicle: Standard,3.0,6,A10,D,11.7,9.0,10.5,27,281,4.0,3.0
2024,GMC,yukon 4wd,Sport utility vehicle: Standard,5.3,8,A10,X,15.8,11.8,14.0,20,327,3.0,6.0
2024,GMC,yukon 4wd,Sport utility vehicle: Standard,6.2,8,A10,Z,16.6,13.0,15.0,19,350,3.0,6.0
2024,GMC,yukon xl,Sport utility vehicle: Standard,3.0,6,A10,D,11.2,8.7,10.1,28,272,4.0,3.0
2024,GMC,yukon xl,Sport utility vehicle: Standard,5.3,8,A10,X,15.8,11.8,14.0,20,327,3.0,6.0
2024,GMC,yukon xl 4wd,Sport utility vehicle: Standard,3.0,6,A10,D,11.7,9.0,10.5,27,281,4.0,3.0
2024,GMC,yukon xl 4wd,Sport utility vehicle: Standard,5.3,8,A10,X,16.2,13.2,14.8,19,346,3.0,6.0
2024,GMC,yukon xl 4wd,Sport utility vehicle: Standard,6.2,8,A10,Z,16.6,13.0,15.0,19,350,3.0,6.0
2024,Honda,accord,Full-size,1.5,4,AV,X,8.1,6.4,7.3,39,171,6.0,7.0
2024,Honda,accord hybrid sport/touring,Mid-size,2.0,4,AV,X,5.0,5.7,5.3,53,124,8.0,7.0
2024,Honda,civic hatchback,Full-size,1.5,4,AV7,X,7.7,6.3,7.1,40,166,6.0,7.0
2024,Honda,civic hatchback,Full-size,1.5,4,M6,X,8.5,6.3,7.5,38,175,6.0,6.0
2024,Honda,civic hatchback,Full-size,2.0,4,AV,X,8.0,6.2,7.2,39,167,6.0,7.0
2024,Honda,civic hatchback,Full-size,2.0,4,M6,X,9.1,6.6,8.0,35,186,6.0,6.0
2024,Honda,civic sedan,Mid-size,1.5,4,AV7,X,7.6,6.1,6.9,41,162,7.0,7.0
2024,Honda,civic sedan,Mid-size,2.0,4,AV,X,7.7,6.0,6.9,41,162,7.0,7.0
2024,Honda,civic sedan,Mid-size,2.0,4,AV7,X,7.8,6.3,7.1,40,165,6.0,7.0
2024,Honda,civic sedan si,Mid-size,1.5,4,M6,Z,8.7,6.4,7.7,37,180,6.0,6.0
2024,Honda,civic type r,Full-size,2.0,4,M6,Z,10.8,8.3,9.7,29,224,5.0,6.0
2024,Honda,cr-v,Sport utility vehicle: Small,1.5,4,AV,X,8.4,7.1,7.8,36,181,6.0,7.0
2024,Honda,cr-v awd,Sport utility vehicle: Small,1.5,4,AV,X,9.1,7.6,8.4,34,197,6.0,6.0
2024,Honda,cr-v hybrid awd,Sport utility vehicle: Small,2.0,4,AV,X,6.0,6.9,6.4,44,151,7.0,7.0
2024,Honda,hr-v,Station wagon: Small,2.0,4,AV,X,9.1,7.4,8.3,34,194,6.0,7.0
2024,Honda,hr-v awd,Station wagon: Small,2.0,4,AV,X,9.4,7.8,8.7,32,203,5.0,7.0
2024,Honda,odyssey,Minivan,3.5,6,AS10,X,12.2,8.5,10.6,27,248,5.0,5.0
2024,Honda,passport awd,Sport utility vehicle: Small,3.5,6,AS9,X,12.5,9.8,11.3,25,265,4.0,5.0
2024,Honda,pilot awd,Sport utility vehicle: Standard,3.5,6,AS10,X,12.4,9.3,11.0,26,258,4.0,7.0
2024,Honda,pilot awd touring/elite/black,Sport utility vehicle: Standard,3.5,6,AS10,X,12.7,9.4,11.2,25,262,4.0,7.0
2024,Honda,pilot awd trailsport,Sport utility vehicle: Standard,3.5,6,AS10,X,13.0,10.3,11.8,24,275,4.0,7.0
2024,Honda,ridgeline awd,Pickup truck: Standard,3.5,6,AS9,X,12.8,9.9,11.5,25,271,4.0,5.0
2024,Honda,ridgeline awd trailsport,Pickup truck: Standard,3.5,6,AS9,X,12.8,10.2,11.6,24,273,4.0,5.0
2024,Hyundai,elantra,Mid-size,1.6,4,AM7,X,8.3,6.8,7.6,37,179,6.0,5.0
2024,Hyundai,elantra,Mid-size,2.0,4,AV1,X,7.6,5.9,6.8,42,160,7.0,7.0
2024,Hyundai,elantra (stop/start),Mid-size,2.0,4,AV1,X,7.3,5.7,6.5,43,153,7.0,7.0
2024,Hyundai,elantra n,Mid-size,2.0,4,AM8,Z,11.8,8.6,10.4,27,244,5.0,3.0
2024,Hyundai,elantra n,Mid-size,2.0,4,M6,Z,11.0,8.1,9.7,29,227,5.0,3.0
2024,Hyundai,elantra hybrid,Mid-size,1.6,4,AM6,X,4.8,4.5,4.7,60,110,8.0,7.0
2024,Hyundai,kona,Sport utility vehicle: Small,2.0,4,AV1,X,8.4,6.7,7.6,37,179,6.0,7.0
2024,Hyundai,kona (stop/start),Sport utility vehicle: Small,2.0,4,AV1,X,8.1,6.8,7.5,38,177,6.0,7.0
2024,Hyundai,kona awd,Sport utility vehicle: Small,1.6,4,AS8,X,9.7,8.3,9.1,31,214,5.0,7.0
2024,Hyundai,kona awd,Sport utility vehicle: Small,2.0,4,AV1,X,9.0,8.1,8.6,33,201,6.0,7.0
2024,Hyundai,kona awd (stop/start),Sport utility vehicle: Small,2.0,4,AV1,X,8.8,8.1,8.5,33,198,6.0,7.0
2024,Hyundai,palisade awd,Sport utility vehicle: Small,3.8,6,AS8,X,12.2,9.7,11.1,25,261,4.0,6.0
2024,Hyundai,santa cruz awd,Pickup truck: Small,2.5,4,AM8,X,12.2,8.7,10.6,27,251,5.0,5.0
2024,Hyundai,santa fe awd,Sport utility vehicle: Small,2.5,4,AM8,X,12.1,8.8,10.6,27,249,5.0,7.0
2024,Hyundai,santa fe awd xrt,Sport utility vehicle: Small,2.5,4,AM8,X,12.2,9.1,10.8,26,254,5.0,7.0
2024,Hyundai,santa fe hybrid awd,Sport utility vehicle: Small,1.6,4,AM6,X,6.8,6.9,6.9,41,161,7.0,7.0
2024,Hyundai,sonata,Full-size,2.5,4,AM8,X,10.1,7.3,8.8,32,207,5.0,5.0
2024,Hyundai,sonata,Full-size,2.5,4,AS8,X,9.6,6.5,8.2,34,193,6.0,7.0
2024,Hyundai,sonata awd,Full-size,2.5,4,AS8,X,9.9,7.0,8.6,33,203,5.0,7.0
2024,Hyundai,sonata hybrid,Full-size,2.0,4,AM6,X,5.3,4.6,5.0,56,117,8.0,7.0
2024,Hyundai,tucson awd,Sport utility vehicle: Small,2.5,4,AS8,X,10.0,7.9,9.1,31,213,5.0,7.0
2024,Hyundai,tucson hybrid,Sport utility vehicle: Small,1.6,4,AM6,X,6.3,6.6,6.4,44,152,7.0,7.0
2024,Hyundai,venue,Sport utility vehicle: Small,1.6,4,AV1,X,7.9,6.9,7.5,38,177,6.0,5.0
2024,Infiniti,q50 awd,Mid-size,3.0,6,AS7,Z,12.5,8.7,10.8,26,254,5.0,3.0
2024,Infiniti,q50 awd red sport,Mid-size,3.0,6,AS7,Z,12.5,9.3,11.1,25,261,4.0,3.0
2024,Infiniti,qx50 awd,Sport utility vehicle: Small,2.0,4,AV8,Z,10.8,8.3,9.7,29,228,5.0,6.0
2024,Infiniti,qx55 awd,Sport utility vehicle: Small,2.0,4,AV8,Z,10.4,8.3,9.4,30,222,5.0,6.0
2024,Infiniti,qx60 awd,Sport utility vehicle: Standard,3.5,6,AS9,Z,11.9,9.3,10.7,26,252,5.0,5.0
2024,Infiniti,qx80 4wd,Sport utility vehicle: Standard,5.6,8,AS7,Z,17.5,12.4,15.2,19,358,2.0,5.0
2024,Jaguar,e-pace p250,Sport utility vehicle: Small,2.0,4,AS9,Z,11.5,9.2,10.4,27,247,5.0,7.0
2024,Jaguar,f-pace p250,Sport utility vehicle: Small,2.0,4,AS8,Z,10.8,8.8,9.9,29,234,5.0,7.0
2024,Jaguar,f-pace p400,Sport utility vehicle: Small,3.0,6,AS8,Z,12.6,9.4,11.1,25,261,4.0,7.0
2024,Jaguar,f-pace p550 svr,Sport utility vehicle: Small,5.0,8,AS8,Z,15.7,11.4,13.8,20,322,3.0,3.0
2024,Jaguar,f-type p450 convertible,Two-seater,5.0,8,AS8,Z,14.1,9.7,12.1,23,286,4.0,3.0
2024,Jaguar,f-type p450 convertible awd,Two-seater,5.0,8,AS8,Z,15.2,9.8,12.7,22,299,4.0,3.0
2024,Jaguar,f-type p450 coupe,Two-seater,5.0,8,AS8,Z,14.1,9.7,12.1,23,286,4.0,3.0
2024,Jaguar,f-type p450 coupe awd,Two-seater,5.0,8,AS8,Z,15.2,9.8,12.7,22,299,4.0,3.0
2024,Jaguar,f-type p575 convertible awd,Two-seater,5.0,8,AS8,Z,15.2,9.8,12.7,22,299,4.0,3.0
2024,Jaguar,f-type p575 coupe awd,Two-seater,5.0,8,AS8,Z,15.2,9.8,12.7,22,299,4.0,3.0
2024,Jaguar,xf p250,Mid-size,2.0,4,AS8,Z,10.2,7.7,9.1,31,215,5.0,7.0
2024,Jaguar,xf p300 awd,Mid-size,2.0,4,AS8,Z,11.1,8.3,9.8,29,231,5.0,7.0
2024,Jeep,compass 4x4,Sport utility vehicle: Small,2.0,4,A8,X,9.9,7.4,8.8,32,205,5.0,7.0
2024,Jeep,gladiator 4x4,Pickup truck: Standard,3.6,6,A8,X,13.7,10.7,12.3,23,290,4.0,7.0
2024,Jeep,gladiator 4x4,Pickup truck: Standard,3.6,6,M6,X,15.0,11.1,13.2,21,311,4.0,7.0
2024,Jeep,grand cherokee 4x4,Sport utility vehicle: Standard,3.6,6,A8,X,12.3,9.2,10.9,26,256,5.0,7.0
2024,Jeep,grand cherokee l 4x4,Sport utility vehicle: Standard,3.6,6,A8,X,13.0,9.4,11.3,25,266,4.0,7.0
2024,Jeep,grand cherokee l 4x4,Sport utility vehicle: Standard,5.7,8,A8,X,16.7,10.9,14.1,20,331,3.0,5.0
2024,Jeep,grand wagoneer 4x4 (high output),Sport utility vehicle: Standard,3.0,6,A8,Z,16.3,11.8,14.3,20,334,3.0,5.0
2024,Jeep,grand wagoneer 4x4,Sport utility vehicle: Standard,6.4,8,A8,Z,18.6,12.8,16.0,18,374,2.0,1.0
2024,Jeep,grand wagoneer l 4x4 (high output),Sport utility vehicle: Standard,3.0,6,A8,Z,16.3,11.8,14.3,20,334,3.0,5.0
2024,Jeep,wagoneer 4x4,Sport utility vehicle: Standard,3.0,6,A8,X,14.5,10.1,12.5,23,293,4.0,7.0
2024,Jeep,wagoneer l 4x4,Sport utility vehicle: Standard,3.0,6,A8,X,14.5,10.4,12.7,22,297,4.0,7.0
2024,Jeep,wrangler jl 4x4,Sport utility vehicle: Small,2.0,4,A8,X,11.5,11.4,11.5,25,269,4.0,7.0
2024,Jeep,wrangler jl 4x4,Sport utility vehicle: Small,3.6,6,A8,X,13.0,9.9,11.6,24,272,4.0,7.0
2024,Jeep,wrangler jl 4x4 rubicon,Sport utility vehicle: Small,3.6,6,A8,X,14.5,11.8,13.3,21,311,4.0,7.0
2024,Jeep,wrangler jl 4x4,Sport utility vehicle: Small,3.6,6,M6,X,13.9,10.2,12.2,23,287,4.0,7.0
2024,Jeep,wrangler jl unlimited 4x4,Sport utility vehicle: Small,2.0,4,A8,X,11.8,11.6,11.7,24,271,4.0,7.0
2024,Jeep,wrangler jl unlimited 4x4,Sport utility vehicle: Small,3.6,6,A8,X,13.4,10.1,11.9,24,280,4.0,7.0
2024,Jeep,wrangler jl unlimited 4x4 rubicon,Sport utility vehicle: Small,3.6,6,A8,X,15.0,12.2,13.7,21,322,3.0,7.0
2024,Jeep,wrangler jl unlimited 4x4,Sport utility vehicle: Small,3.6,6,M6,X,14.3,10.5,12.6,22,296,4.0,7.0
2024,Jeep,wrangler jl unlimited 4x4 392,Sport utility vehicle: Small,6.4,8,A8,Z,18.7,14.5,16.8,17,393,2.0,1.0
2024,Kia,carnival,Minivan,3.5,6,AS8,X,12.1,9.0,10.7,26,253,5.0,5.0
2024,Kia,forte,Mid-size,1.6,4,AM7,X,8.7,6.6,7.8,36,184,6.0,5.0
2024,Kia,forte,Mid-size,2.0,4,AV,X,8.2,6.0,7.2,39,170,6.0,7.0
2024,Kia,forte 5,Full-size,1.6,4,AM7,X,8.9,6.9,8.0,35,190,6.0,5.0
2024,Kia,forte 5,Full-size,2.0,4,AV,X,8.6,6.5,7.7,37,182,6.0,7.0
2024,Kia,k5,Full-size,2.5,4,AM8,X,9.9,7.3,8.7,32,207,5.0,5.0
2024,Kia,k5 awd,Full-size,1.6,4,AS8,X,9.3,7.0,8.3,34,196,6.0,5.0
2024,Kia,niro,Sport utility vehicle: Small,1.6,4,AM6,X,4.5,5.2,4.8,59,112,8.0,7.0
2024,Kia,niro fe,Sport utility vehicle: Small,1.6,4,AM6,X,4.5,4.4,4.4,64,104,8.0,7.0
2024,Kia,seltos,Sport utility vehicle: Small,2.0,4,AV8,X,8.3,6.8,7.6,37,179,6.0,7.0
2024,Kia,seltos awd,Sport utility vehicle: Small,1.6,4,AS8,X,9.4,8.7,9.1,31,213,5.0,5.0
2024,Kia,seltos awd,Sport utility vehicle: Small,2.0,4,AV8,X,8.8,7.5,8.2,34,192,6.0,7.0
2024,Kia,sorento awd,Sport utility vehicle: Small,2.5,4,AM8,X,11.5,8.7,10.3,27,241,5.0,7.0
2024,Kia,sorento awd,Sport utility vehicle: Small,2.5,4,AS8,X,10.2,8.5,9.4,30,222,5.0,7.0
2024,Kia,sorento hybrid awd,Sport utility vehicle: Small,1.6,4,AM6,X,6.5,7.1,6.8,42,160,7.0,7.0
2024,Kia,soul,Station wagon: Small,2.0,4,AV,X,8.5,7.0,7.8,36,186,6.0,7.0
2024,Kia,sportage,Sport utility vehicle: Small,2.5,4,AS8,X,9.3,7.1,8.3,34,195,6.0,7.0
2024,Kia,sportage awd,Sport utility vehicle: Small,2.5,4,AS8,X,10.1,8.7,9.5,30,222,5.0,7.0
2024,Kia,sportage hybrid awd,Sport utility vehicle: Small,1.6,4,AM6,X,6.1,6.3,6.2,46,145,7.0,7.0
2024,Kia,telluride awd,Sport utility vehicle: Small,3.8,6,AS8,X,13.1,10.0,11.7,24,275,4.0,6.0
2024,Lamborghini,huracan evo spyder,Two-seater,5.2,10,AM7,Z,18.4,13.3,16.1,18,375,2.0,1.0
2024,Lamborghini,huracan sterrato,Two-seater,5.2,10,AM7,Z,18.4,13.3,16.1,18,375,2.0,1.0
2024,Lamborghini,huracan sto,Two-seater,5.2,10,AM7,Z,18.3,12.9,15.9,18,370,2.0,1.0
2024,Lamborghini,huracan tecnica,Two-seater,5.2,10,AM7,Z,18.3,12.9,15.9,18,370,2.0,1.0
2024,Lamborghini,urus performante,Mid-size,4.0,8,AS8,Z,16.6,12.5,14.8,19,345,3.0,3.0
2024,Lamborghini,urus s,Sport utility vehicle: Standard,4.0,8,AS8,Z,16.6,12.5,14.8,19,345,3.0,3.0
2024,Land Rover,defender 90 p300,Sport utility vehicle: Standard,2.0,4,AS8,Z,13.1,11.4,12.3,23,289,4.0,7.0
2024,Land Rover,defender 90 p400,Sport utility vehicle: Standard,3.0,6,AS8,Z,12.9,10.8,12.0,24,281,4.0,7.0
2024,Land Rover,defender 90 v8,Sport utility vehicle: Standard,5.0,8,AS8,Z,15.8,12.4,14.3,20,339,3.0,3.0
2024,Land Rover,defender 110 p300,Sport utility vehicle: Standard,2.0,4,AS8,Z,13.2,11.9,12.6,22,294,4.0,7.0
2024,Land Rover,defender 110 p400,Sport utility vehicle: Standard,3.0,6,AS8,Z,13.8,11.6,12.8,22,301,4.0,7.0
2024,Land Rover,defender 110 v8 p500/p525,Sport utility vehicle: Standard,5.0,8,AS8,Z,16.4,12.7,14.7,19,350,3.0,3.0
2024,Land Rover,defender 130 outbound,Sport utility vehicle: Standard,3.0,6,AS8,Z,14.9,12.8,14.0,20,329,3.0,7.0
2024,Land Rover,defender 130 p300,Sport utility vehicle: Standard,3.0,6,AS8,Z,14.0,11.7,12.9,22,304,4.0,7.0
2024,Land Rover,defender 130 p400,Sport utility vehicle: Standard,3.0,6,AS8,Z,14.1,11.6,13.0,22,305,4.0,7.0
2024,Land Rover,defender 130 v8 p500,Sport utility vehicle: Standard,5.0,8,AS8,Z,17.0,12.5,15.0,19,353,3.0,3.0
2024,Land Rover,discovery p300,Sport utility vehicle: Standard,2.0,4,AS8,Z,12.2,9.8,11.1,25,262,4.0,7.0
2024,Land Rover,discovery p360,Sport utility vehicle: Standard,3.0,6,AS8,Z,13.6,10.3,12.1,23,284,4.0,7.0
2024,Land Rover,discovery sport p250,Sport utility vehicle: Small,2.0,4,AS9,Z,12.7,10.0,11.5,25,271,4.0,7.0
2024,Land Rover,range rover p400,Sport utility vehicle: Standard,3.0,6,AS8,Z,13.3,9.8,11.7,24,276,4.0,7.0
2024,Land Rover,range rover p400 lwb,Sport utility vehicle: Standard,3.0,6,AS8,Z,13.3,9.8,11.7,24,276,4.0,7.0
2024,Land Rover,range rover p530,Sport utility vehicle: Standard,4.4,8,AS8,Z,14.5,10.2,12.6,22,296,4.0,7.0
2024,Land Rover,range rover p530 lwb,Sport utility vehicle: Standard,4.4,8,AS8,Z,15.2,10.8,13.2,21,311,4.0,7.0
2024,Land Rover,range rover sv p615,Sport utility vehicle: Standard,4.4,8,AS8,Z,15.2,10.8,13.2,21,311,4.0,7.0
2024,Land Rover,range rover sv p615 lwb,Sport utility vehicle: Standard,4.4,8,AS8,Z,15.2,10.8,13.2,21,311,4.0,7.0
2024,Land Rover,range rover sport p360,Sport utility vehicle: Standard,3.0,6,AS8,Z,12.9,9.6,11.5,25,269,4.0,7.0
2024,Land Rover,range rover sport p400,Sport utility vehicle: Standard,3.0,6,AS8,Z,12.5,9.4,11.1,25,262,4.0,7.0
2024,Land Rover,range rover sport sv,Sport utility vehicle: Standard,4.4,8,AS8,Z,15.0,10.8,13.1,22,309,4.0,7.0
2024,Land Rover,range rover evoque p250,Sport utility vehicle: Small,2.0,4,AS9,Z,11.9,8.8,10.5,27,247,5.0,7.0
2024,Land Rover,range rover velar p250,Sport utility vehicle: Small,2.0,4,AS8,Z,10.9,8.9,10.0,28,237,5.0,7.0
2024,Land Rover,range rover velar p340,Sport utility vehicle: Small,3.0,6,AS8,Z,12.1,9.0,10.7,26,253,5.0,7.0
2024,Land Rover,range rover velar p400,Sport utility vehicle: Small,3.0,6,AS8,Z,12.6,9.4,11.1,25,261,4.0,7.0
2024,Lexus,es 250 awd,Mid-size,2.5,4,AS8,X,9.5,7.0,8.4,34,195,6.0,6.0
2024,Lexus,es 300h,Mid-size,2.5,4,AV6,X,5.5,5.2,5.3,53,124,8.0,7.0
2024,Lexus,es 350,Mid-size,3.5,6,AS8,X,10.7,7.3,9.2,31,214,5.0,5.0
2024,Lexus,es 350 f sport,Mid-size,3.5,6,AS8,X,10.9,7.5,9.4,30,219,5.0,5.0
2024,Lexus,gx 550,Sport utility vehicle: Standard,3.4,6,AS10,Z,15.3,11.2,13.5,21,313,4.0,5.0
2024,Lexus,is 300 awd,Compact,3.5,6,AS6,Z,12.2,9.0,10.8,26,253,5.0,5.0
2024,Lexus,is 350 awd,Compact,3.5,6,AS6,Z,12.2,9.0,10.8,26,253,5.0,5.0
2024,Lexus,is 500,Compact,5.0,8,AS8,Z,14.1,9.3,11.9,24,280,4.0,5.0
2024,Lexus,lc 500,Subcompact,5.0,8,AS10,Z,15.2,9.7,12.7,22,299,4.0,5.0
2024,Lexus,lc 500 convertible,Minicompact,5.0,8,AS10,Z,16.0,9.5,13.0,22,304,4.0,5.0
2024,Lexus,lc 500h,Subcompact,3.5,6,AV10,Z,9.0,7.1,8.1,35,189,6.0,7.0
2024,Lexus,ls 500 awd,Mid-size,3.4,6,AS10,Z,13.8,8.7,11.2,25,270,4.0,5.0
2024,Lexus,ls 500h awd,Mid-size,3.5,6,AV10,Z,10.1,8.1,9.2,31,217,5.0,7.0
2024,Lexus,lx 600,Sport utility vehicle: Standard,3.4,6,AS10,Z,14.2,10.8,12.7,22,298,4.0,5.0
2024,Lexus,nx 250 awd,Sport utility vehicle: Small,2.5,4,AS8,X,9.4,7.4,8.4,34,198,6.0,6.0
2024,Lexus,nx 350 awd,Sport utility vehicle: Small,2.4,4,AS8,Z,10.8,8.5,9.8,29,228,5.0,7.0
2024,Lexus,nx 350 awd f sport,Sport utility vehicle: Small,2.4,4,AS8,Z,11.2,8.3,9.7,29,230,5.0,7.0
2024,Lexus,nx 350h awd,Sport utility vehicle: Small,2.5,4,AV6,Z,5.7,6.4,6.0,47,140,7.0,7.0
2024,Lexus,rc 300 awd,Subcompact,3.5,6,AS6,Z,12.2,9.0,10.8,26,253,5.0,5.0
2024,Lexus,rc 350 awd,Subcompact,3.5,6,AS6,Z,12.2,9.0,10.8,26,253,5.0,5.0
2024,Lexus,rc f,Subcompact,5.0,8,AS8,Z,14.4,9.6,12.2,23,285,4.0,5.0
2024,Lexus,rx 350 awd,Sport utility vehicle: Small,2.4,4,AS8,Z,11.2,8.4,9.9,29,231,5.0,7.0
2024,Lexus,rx 350h awd,Sport utility vehicle: Small,2.5,4,AV6,Z,6.3,6.8,6.5,43,151,7.0,7.0
2024,Lexus,rx 500h awd,Sport utility vehicle: Small,2.4,4,AS6,Z,8.7,8.4,8.6,33,199,6.0,7.0
2024,Lexus,tx 350 awd,Sport utility vehicle: Standard,2.4,4,AS8,Z,11.5,8.9,10.3,27,241,5.0,7.0
2024,Lexus,tx 500h awd,Sport utility vehicle: Standard,2.4,4,AS6,Z,8.7,8.4,8.6,33,200,6.0,7.0
2024,Lexus,ux 250h awd,Compact,2.0,4,AV6,X,5.7,6.2,6.0,47,140,7.0,7.0
2024,Lincoln,aviator awd,Sport utility vehicle: Standard,3.0,6,AS10,X,13.7,9.7,11.9,24,280,4.0,5.0
2024,Lincoln,corsair awd,Sport utility vehicle: Small,2.0,4,AS8,X,11.2,8.3,9.9,29,232,5.0,7.0
2024,Lincoln,nautilus awd,Sport utility vehicle: Small,2.0,4,A8,X,11.2,8.1,9.8,29,231,5.0,7.0
2024,Lincoln,nautilus hybrid awd,Sport utility vehicle: Small,2.0,4,AV,X,7.9,7.6,7.7,37,180,6.0,7.0
2024,Lincoln,navigator 4wd,Sport utility vehicle: Standard,3.5,6,AS10,X,15.2,10.8,13.2,21,310,4.0,6.0
2024,Maserati,ghibli gt,Mid-size,3.0,6,A8,Z,13.4,9.4,11.6,24,271,4.0,3.0
2024,Maserati,ghibli modena,Mid-size,3.0,6,A8,Z,13.4,9.4,11.6,24,271,4.0,3.0
2024,Maserati,ghibli modena awd,Mid-size,3.0,6,A8,Z,14.1,9.5,12.0,24,284,4.0,3.0
2024,Maserati,ghibli trofeo,Mid-size,3.8,8,A8,Z,17.4,11.9,14.9,19,348,3.0,1.0
2024,Maserati,granturismo modena,Subcompact,3.0,6,A8,Z,13.1,8.6,11.1,25,256,5.0,5.0
2024,Maserati,granturismo trofeo,Subcompact,3.0,6,A8,Z,13.1,8.6,11.1,25,256,5.0,5.0
2024,Maserati,grecale gt,Sport utility vehicle: Small,2.0,4,A8,Z,10.6,8.0,9.4,30,218,5.0,5.0
2024,Maserati,grecale modena,Sport utility vehicle: Small,2.0,4,A8,Z,10.6,8.0,9.4,30,218,5.0,5.0
2024,Maserati,grecale trofeo,Sport utility vehicle: Small,3.0,6,A8,Z,13.3,9.5,11.6,24,268,4.0,5.0
2024,Maserati,levante gt,Sport utility vehicle: Standard,3.0,6,A8,Z,15.1,10.9,13.2,21,308,4.0,3.0
2024,Maserati,levante modena,Sport utility vehicle: Standard,3.0,6,A8,Z,15.1,10.9,13.2,21,308,4.0,3.0
2024,Maserati,levante modena v8,Sport utility vehicle: Standard,3.8,8,A8,Z,17.4,12.0,15.0,19,349,3.0,1.0
2024,Maserati,levante trofeo,Sport utility vehicle: Standard,3.8,8,A8,Z,17.4,12.0,15.0,19,349,3.0,1.0
2024,Maserati,mc20,Two-seater,3.0,6,AS8,Z,15.4,9.5,12.8,22,295,4.0,5.0
2024,Maserati,mc20 spyder,Two-seater,3.0,6,AS8,Z,15.6,9.4,12.8,22,299,4.0,5.0
2024,Maserati,quattroporte gt,Full-size,3.0,6,A8,Z,14.4,9.3,12.1,23,281,4.0,3.0
2024,Maserati,quattroporte modena,Full-size,3.0,6,A8,Z,14.4,9.3,12.1,23,281,4.0,3.0
2024,Maserati,quattroporte modena awd,Full-size,3.0,6,A8,Z,14.1,9.5,12.0,24,284,4.0,3.0
2024,Maserati,quattroporte trofeo,Full-size,3.8,8,A8,Z,17.4,11.9,14.9,19,348,3.0,1.0
2024,Mazda,cx-30 4wd,Sport utility vehicle: Small,2.5,4,AS6,X,9.0,7.1,8.2,34,192,6.0,7.0
2024,Mazda,cx-30 turbo 4wd,Sport utility vehicle: Small,2.5,4,AS6,X,10.5,7.9,9.3,30,220,5.0,5.0
2024,Mazda,cx-5 4wd,Sport utility vehicle: Small,2.5,4,AS6,X,10.2,8.2,9.3,30,216,5.0,7.0
2024,Mazda,cx-5 4wd (cylinder deactivation),Sport utility vehicle: Small,2.5,4,AS6,X,9.1,7.7,8.5,33,199,6.0,7.0
2024,Mazda,cx-5 turbo 4wd,Sport utility vehicle: Small,2.5,4,AS6,X,10.8,8.7,9.8,29,230,5.0,5.0
2024,Mazda,cx-50 4wd,Sport utility vehicle: Small,2.5,4,AS6,X,9.7,7.9,8.9,32,209,5.0,7.0
2024,Mazda,cx-50 turbo 4wd,Sport utility vehicle: Small,2.5,4,AS6,X,10.4,8.2,9.4,30,221,5.0,5.0
2024,Mazda,cx-90 4wd,Sport utility vehicle: Standard,3.3,6,AS8,X,9.9,8.4,9.3,30,216,5.0,6.0
2024,Mazda,cx-90 4wd (high power),Sport utility vehicle: Standard,3.3,6,AS8,Z,10.3,8.5,9.5,30,222,5.0,6.0
2024,Mazda,mazda3 4-door,Compact,2.5,4,AS6,X,8.4,6.3,7.5,38,175,6.0,7.0
2024,Mazda,mazda3 4-door 4wd,Compact,2.5,4,AS6,X,8.9,6.6,7.9,36,185,6.0,7.0
2024,Mazda,mazda3 4-door turbo 4wd,Compact,2.5,4,AS6,X,10.1,7.3,8.8,32,207,5.0,5.0
2024,Mazda,mazda3 5-door,Mid-size,2.5,4,AS6,X,8.5,6.5,7.6,37,178,6.0,7.0
2024,Mazda,mazda3 5-door (sil),Mid-size,2.5,4,M6,X,9.0,6.4,7.8,36,184,6.0,7.0
2024,Mazda,mazda3 5-door 4wd,Mid-size,2.5,4,AS6,X,9.0,7.1,8.1,35,191,6.0,7.0
2024,Mazda,mazda3 5-door turbo 4wd,Mid-size,2.5,4,AS6,X,10.1,7.5,8.9,32,209,5.0,5.0
2024,Mazda,mx-5,Two-seater,2.0,4,AS6,Z,9.0,6.7,8.0,35,187,6.0,3.0
2024,Mazda,mx-5 (sil),Two-seater,2.0,4,M6,Z,9.0,7.0,8.1,35,189,6.0,3.0
2024,Mercedes-Benz,amg c 43 4matic sedan,Compact,2.0,4,A9,Z,11.8,8.4,10.3,27,242,5.0,5.0
2024,Mercedes-Benz,amg cla 35 4matic coupe,Compact,2.0,4,AM8,Z,10.8,8.0,9.6,29,225,5.0,6.0
2024,Mercedes-Benz,amg cla 45 s 4matic coupe,Compact,2.0,4,AM8,Z,11.9,8.3,10.3,27,242,5.0,3.0
2024,Mercedes-Benz,amg cle 53 4matic+ coupe,Subcompact,3.0,6,A9,Z,11.7,8.7,10.4,27,243,5.0,7.0
2024,Mercedes-Benz,amg g 63 suv,Sport utility vehicle: Standard,4.0,8,A9,Z,19.5,15.5,17.7,16,415,1.0,3.0
2024,Mercedes-Benz,amg g 63 4x4 squared suv,Sport utility vehicle: Standard,4.0,8,A9,Z,23.5,19.4,21.7,13,508,1.0,3.0
2024,Mercedes-Benz,amg gla 35 4matic coupe,Station wagon: Small,2.0,4,AM8,Z,11.0,8.6,9.9,29,230,5.0,6.0
2024,Mercedes-Benz,amg glb 35 4matic coupe,Station wagon: Small,2.0,4,AM8,Z,11.5,9.0,10.4,27,238,5.0,6.0
2024,Mercedes-Benz,amg glc 43 4matic coupe,Sport utility vehicle: Small,2.0,4,A9,Z,12.7,9.8,11.4,25,269,4.0,5.0
2024,Mercedes-Benz,amg glc 43 4matic+ suv,Sport utility vehicle: Small,2.0,4,A9,Z,12.6,9.4,11.2,25,263,4.0,5.0
2024,Mercedes-Benz,amg gle 53 4matic+ suv,Sport utility vehicle: Standard,3.0,6,A9,Z,12.9,10.2,11.7,24,273,4.0,7.0
2024,Mercedes-Benz,amg gle 53 4matic+ coupe,Sport utility vehicle: Standard,3.0,6,A9,Z,12.8,10.1,11.6,24,273,4.0,7.0
2024,Mercedes-Benz,amg gle 63 s 4matic+ suv,Sport utility vehicle: Standard,4.0,8,A9,Z,16.6,12.3,14.7,19,343,3.0,5.0
2024,Mercedes-Benz,amg gle 63 s 4matic+ coupe,Sport utility vehicle: Standard,4.0,8,A9,Z,16.6,12.3,14.7,19,343,3.0,5.0
2024,Mercedes-Benz,amg gls 63 4matic+ suv,Sport utility vehicle: Standard,4.0,8,A9,Z,16.8,13.2,15.2,19,357,2.0,5.0
2024,Mercedes-Benz,amg gt 53 4matic+ ,Compact,3.0,6,A9,Z,12.3,9.8,11.2,25,262,4.0,6.0
2024,Mercedes-Benz,amg gt 55 4matic+ coupe,Subcompact,4.0,8,A9,Z,17.8,11.6,15.0,19,353,3.0,5.0
2024,Mercedes-Benz,amg gt 63 4matic+ ,Compact,4.0,8,A9,Z,15.3,11.3,13.5,21,318,3.0,5.0
2024,Mercedes-Benz,amg gt 63 4matic+ coupe,Subcompact,4.0,8,A9,Z,17.8,11.6,15.0,19,353,3.0,5.0
2024,Mercedes-Benz,amg sl 55 4matic+ roadster,Minicompact,4.0,8,A9,Z,17.0,11.3,14.5,19,340,3.0,5.0
2024,Mercedes-Benz,amg sl 63 4matic+ roadster,Minicompact,4.0,8,A9,Z,17.0,11.3,14.5,19,340,3.0,5.0
2024,Mercedes-Benz,c 300 4matic sedan,Compact,2.0,4,A9,Z,10.1,7.1,8.8,32,206,5.0,8.0
2024,Mercedes-Benz,cla 250 4matic coupe,Compact,2.0,4,AM8,Z,9.5,6.8,8.3,34,194,6.0,6.0
2024,Mercedes-Benz,cle 300 4matic cabriolet,Subcompact,2.0,4,A9,Z,10.1,7.3,8.9,32,209,5.0,8.0
2024,Mercedes-Benz,cle 300 4matic coupe,Subcompact,2.0,4,A9,Z,9.9,7.0,8.6,33,201,5.0,8.0
2024,Mercedes-Benz,e 350 4matic sedan,Mid-size,2.0,4,A9,Z,9.9,7.1,8.6,33,203,5.0,8.0
2024,Mercedes-Benz,e 450 4matic sedan,Mid-size,3.0,6,A9,Z,10.8,7.7,9.4,30,221,5.0,7.0
2024,Mercedes-Benz,g 550 suv,Sport utility vehicle: Standard,4.0,8,A9,Z,17.9,14.4,16.3,17,383,2.0,3.0
2024,Mercedes-Benz,gla 250 4matic suv,Sport utility vehicle: Small,2.0,4,AM8,Z,9.7,7.3,8.6,33,202,5.0,6.0
2024,Mercedes-Benz,glb 250 4matic suv,Sport utility vehicle: Small,2.0,4,AM8,Z,9.9,7.4,8.7,32,205,5.0,6.0
2024,Mercedes-Benz,glc 300 4matic suv,Sport utility vehicle: Small,2.0,4,A9,Z,10.0,7.8,9.0,31,212,5.0,7.0
2024,Mercedes-Benz,glc 300 4matic coupe,Sport utility vehicle: Small,2.0,4,A9,Z,10.0,7.8,9.0,31,212,5.0,7.0
2024,Mercedes-Benz,gle 350 4matic suv,Sport utility vehicle: Standard,2.0,4,A9,Z,11.5,8.6,10.2,28,238,5.0,7.0
2024,Mercedes-Benz,gle 450 4matic suv,Sport utility vehicle: Standard,3.0,6,A9,Z,12.1,9.2,10.8,26,252,5.0,7.0
2024,Mercedes-Benz,gle 450 4matic coupe,Sport utility vehicle: Standard,3.0,6,A9,Z,12.2,9.0,10.8,26,252,5.0,7.0
2024,Mercedes-Benz,gls 450 4matic suv,Sport utility vehicle: Standard,3.0,6,A9,Z,12.7,9.6,11.3,25,266,4.0,7.0
2024,Mercedes-Benz,gls 580 4matic suv,Sport utility vehicle: Standard,4.0,8,A9,Z,16.8,11.9,14.6,19,344,3.0,5.0
2024,Mercedes-Benz,gls 600 4matic maybach suv,Sport utility vehicle: Standard,4.0,8,A9,Z,17.8,12.8,15.6,18,364,2.0,5.0
2024,Mercedes-Benz,s 500 4matic sedan,Full-size,3.0,6,A9,Z,11.3,7.7,9.7,29,226,5.0,7.0
2024,Mercedes-Benz,s 580 4matic sedan,Full-size,4.0,8,A9,Z,13.0,8.6,11.0,26,260,4.0,5.0
2024,Mercedes-Benz,maybach s 580 4matic sedan,Full-size,4.0,8,A9,Z,13.3,8.9,11.3,25,266,4.0,5.0
2024,Mercedes-Benz,maybach s 680 4matic sedan,Full-size,6.0,12,A9,Z,19.8,11.7,16.1,18,379,2.0,3.0
2024,MINI,cooper 3 door,Subcompact,1.5,3,AM7,Z,8.2,6.2,7.3,39,170,6.0,7.0
2024,MINI,cooper 3 door,Subcompact,1.5,3,M6,Z,8.6,6.3,7.5,38,176,6.0,7.0
2024,MINI,cooper 5 door,Subcompact,1.5,3,AM7,Z,8.2,6.2,7.3,39,170,6.0,7.0
2024,MINI,cooper 5 door,Subcompact,1.5,3,M6,Z,8.6,6.3,7.5,38,176,6.0,7.0
2024,MINI,cooper convertible,Minicompact,1.5,3,AM7,Z,8.2,6.2,7.3,39,170,6.0,7.0
2024,MINI,cooper convertible,Minicompact,1.5,3,M6,Z,8.6,6.3,7.5,38,176,6.0,7.0
2024,MINI,cooper countryman all4,Mid-size,1.5,3,AS8,Z,10.1,7.6,9.0,31,209,5.0,7.0
2024,MINI,cooper s 3 door,Subcompact,2.0,4,AM7,Z,8.5,6.2,7.5,38,174,6.0,7.0
2024,MINI,cooper s 3 door,Subcompact,2.0,4,M6,Z,10.2,7.0,8.8,32,205,5.0,7.0
2024,MINI,cooper s 5 door,Subcompact,2.0,4,AM7,Z,8.5,6.2,7.5,38,174,6.0,7.0
2024,MINI,cooper s 5 door,Subcompact,2.0,4,M6,Z,10.2,7.0,8.8,32,205,5.0,7.0
2024,MINI,cooper s convertible,Minicompact,2.0,4,AM7,Z,8.8,6.5,7.8,36,182,6.0,7.0
2024,MINI,cooper s convertible,Minicompact,2.0,4,M6,Z,10.1,7.1,8.8,32,205,5.0,7.0
2024,MINI,cooper s countryman all4,Mid-size,2.0,4,AS8,Z,10.4,7.5,9.1,31,212,5.0,7.0
2024,MINI,john cooper works 3 door,Subcompact,2.0,4,AS8,Z,9.1,6.7,8.0,35,186,6.0,7.0
2024,MINI,john cooper works 3 door,Subcompact,2.0,4,M6,Z,10.6,7.4,9.2,31,215,5.0,7.0
2024,MINI,john cooper works convertible,Minicompact,2.0,4,AS8,Z,9.6,7.1,8.5,33,197,6.0,7.0
2024,MINI,john cooper works countryman all4,Mid-size,2.0,4,AS8,Z,10.0,7.8,9.0,31,210,5.0,3.0
2024,Mitsubishi,eclipse cross 4wd,Sport utility vehicle: Small,1.5,4,AV8,X,9.6,8.9,9.3,30,216,5.0,5.0
2024,Mitsubishi,mirage,Compact,1.2,3,AV,X,6.6,5.6,6.2,46,143,7.0,5.0
2024,Mitsubishi,outlander 4wd,Sport utility vehicle: Small,2.5,4,AV8,X,9.7,7.9,8.9,32,208,5.0,6.0
2024,Mitsubishi,rvr,Sport utility vehicle: Small,2.0,4,AV6,X,9.7,7.8,8.9,32,207,5.0,5.0
2024,Mitsubishi,rvr 4wd,Sport utility vehicle: Small,2.0,4,AV6,X,10.0,8.1,9.1,31,213,5.0,5.0
2024,Mitsubishi,rvr 4wd,Sport utility vehicle: Small,2.4,4,AV6,X,10.3,8.3,9.4,30,218,5.0,5.0
2024,Nissan,altima awd,Mid-size,2.5,4,AV,X,9.3,6.9,8.2,34,193,6.0,7.0
2024,Nissan,altima awd sr/platinum,Mid-size,2.5,4,AV8,X,9.1,6.9,8.1,35,191,6.0,7.0
2024,Nissan,armada 4wd,Sport utility vehicle: Standard,5.6,8,AS7,Z,17.5,12.9,15.4,18,363,2.0,5.0
2024,Nissan,frontier,Pickup truck: Standard,3.8,6,AS9,X,12.5,9.3,11.1,25,260,4.0,5.0
2024,Nissan,frontier 4wd,Pickup truck: Standard,3.8,6,AS9,X,13.0,10.8,12.0,24,281,4.0,5.0
2024,Nissan,frontier 4wd pro-4x,Pickup truck: Standard,3.8,6,AS9,X,13.4,11.1,12.4,23,291,4.0,5.0
2024,Nissan,gt-r,Subcompact,3.8,6,AM6,Z,14.4,10.9,12.8,22,300,4.0,3.0
2024,Nissan,kicks,Mid-size,1.6,4,AV,X,7.7,6.6,7.2,39,169,6.0,7.0
2024,Nissan,murano awd,Station wagon: Mid-size,3.5,6,AV7,X,12.1,8.6,10.6,27,248,5.0,5.0
2024,Nissan,pathfinder 4wd,Sport utility vehicle: Small,3.5,6,AS9,X,11.7,9.3,10.6,27,248,5.0,5.0
2024,Nissan,pathfinder 4wd rock creek,Sport utility vehicle: Standard,3.5,6,AS9,Z,11.9,10.0,11.1,25,260,4.0,5.0
2024,Nissan,rogue,Sport utility vehicle: Small,1.5,3,AV8,X,7.8,6.5,7.2,39,169,6.0,6.0
2024,Nissan,rogue awd,Sport utility vehicle: Small,1.5,3,AV8,X,8.4,6.7,7.6,37,179,6.0,6.0
2024,Nissan,rogue awd sl/platinum,Sport utility vehicle: Small,1.5,3,AV8,X,8.4,6.8,7.7,37,181,6.0,6.0
2024,Nissan,sentra,Mid-size,2.0,4,AV,X,7.3,5.9,6.7,42,157,7.0,7.0
2024,Nissan,sentra sr,Mid-size,2.0,4,AV,X,7.4,6.1,6.8,42,161,7.0,7.0
2024,Nissan,sentra,Mid-size,2.0,4,M6,X,9.4,6.4,8.0,35,189,6.0,7.0
2024,Nissan,sentra sr,Mid-size,2.0,4,M6,X,9.5,6.7,8.2,34,194,6.0,7.0
2024,Nissan,versa,Compact,1.6,4,AV,X,7.4,5.9,6.7,42,158,7.0,7.0
2024,Nissan,versa,Compact,1.6,4,M5,X,8.6,6.7,7.7,37,181,6.0,7.0
2024,Nissan,z,Two-seater,3.0,6,AS9,Z,12.3,8.6,10.6,27,250,5.0,5.0
2024,Nissan,z,Two-seater,3.0,6,M6,Z,13.4,10.0,11.9,24,280,4.0,5.0
2024,Nissan,z nismo,Two-seater,3.0,6,AS9,Z,14.1,9.9,12.2,23,287,4.0,5.0
2024,Porsche,718 boxster,Two-seater,2.0,4,AM7,Z,11.0,8.7,10.0,28,233,5.0,1.0
2024,Porsche,718 boxster,Two-seater,2.0,4,M6,Z,12.0,9.5,10.9,26,254,5.0,1.0
2024,Porsche,718 boxster s,Two-seater,2.5,4,AM7,Z,12.2,9.2,10.9,26,255,5.0,1.0
2024,Porsche,718 boxster s,Two-seater,2.5,4,M6,Z,12.5,9.6,11.2,25,263,4.0,1.0
2024,Porsche,718 boxster gts 4.0,Two-seater,4.0,6,AM7,Z,12.3,9.8,11.1,25,260,4.0,5.0
2024,Porsche,718 boxster gts 4.0,Two-seater,4.0,6,M6,Z,14.0,10.0,12.2,23,284,4.0,5.0
2024,Porsche,718 cayman,Two-seater,2.0,4,AM7,Z,11.0,8.7,10.0,28,233,5.0,1.0
2024,Porsche,718 cayman,Two-seater,2.0,4,M6,Z,12.0,9.5,10.9,26,254,5.0,1.0
2024,Porsche,718 cayman s,Two-seater,2.5,4,AM7,Z,12.2,9.2,10.9,26,255,5.0,1.0
2024,Porsche,718 cayman s,Two-seater,2.5,4,M6,Z,12.5,9.6,11.2,25,263,4.0,1.0
2024,Porsche,718 cayman gts 4.0,Two-seater,4.0,6,AM7,Z,12.3,9.8,11.1,25,260,4.0,5.0
2024,Porsche,718 cayman gts 4.0,Two-seater,4.0,6,M6,Z,14.0,10.0,12.2,23,284,4.0,5.0
2024,Porsche,718 gt4 rs,Two-seater,4.0,6,AM7,Z,16.0,12.5,14.4,20,338,3.0,3.0
2024,Porsche,718 spyder rs,Two-seater,4.0,6,AM7,Z,16.5,12.4,14.6,19,342,3.0,3.0
2024,Porsche,911 carrera,Minicompact,3.0,6,AM8,Z,13.1,9.8,11.6,24,275,4.0,5.0
2024,Porsche,911 carrera 4,Minicompact,3.0,6,AM8,Z,13.1,9.8,11.6,24,275,4.0,5.0
2024,Porsche,911 carrera cabriolet,Minicompact,3.0,6,AM8,Z,13.1,9.8,11.6,24,275,4.0,5.0
2024,Porsche,911 carrera 4 cabriolet,Minicompact,3.0,6,AM8,Z,13.1,9.7,11.6,24,275,4.0,5.0
2024,Porsche,911 carrera t,Minicompact,3.0,6,AM8,Z,12.7,9.7,11.4,25,276,4.0,5.0
2024,Porsche,911 carrera t,Minicompact,3.0,6,M7,Z,13.8,9.3,11.8,24,275,4.0,5.0
2024,Porsche,911 carrera s,Minicompact,3.0,6,AM8,Z,12.9,10.2,11.7,24,274,4.0,5.0
2024,Porsche,911 carrera s,Minicompact,3.0,6,M7,Z,12.8,9.4,11.3,25,264,4.0,5.0
2024,Porsche,911 carrera 4s,Minicompact,3.0,6,AM8,Z,13.0,10.2,11.8,24,275,4.0,5.0
2024,Porsche,911 carrera 4s,Minicompact,3.0,6,M7,Z,13.8,9.3,11.8,24,275,4.0,5.0
2024,Porsche,911 carrera s cabriolet,Minicompact,3.0,6,AM8,Z,12.9,10.2,11.7,24,273,4.0,5.0
2024,Porsche,911 carrera s cabriolet,Minicompact,3.0,6,M7,Z,13.8,9.4,11.8,24,275,4.0,5.0
2024,Porsche,911 carrera 4s cabriolet,Minicompact,3.0,6,AM8,Z,12.8,10.2,11.7,24,273,4.0,5.0
2024,Porsche,911 carrera 4s cabriolet,Minicompact,3.0,6,M7,Z,13.8,9.8,12.0,24,281,4.0,5.0
2024,Porsche,911 carrera gts,Minicompact,3.0,6,AM8,Z,13.8,10.1,12.1,23,289,4.0,5.0
2024,Porsche,911 carrera gts,Minicompact,3.0,6,M7,Z,13.5,9.8,11.9,24,276,4.0,5.0
2024,Porsche,911 carrera 4 gts,Minicompact,3.0,6,AM8,Z,13.8,10.1,12.1,23,288,4.0,5.0
2024,Porsche,911 carrera 4 gts,Minicompact,3.0,6,M7,Z,13.8,10.2,12.2,23,289,4.0,5.0
2024,Porsche,911 carrera gts cabriolet,Minicompact,3.0,6,AM8,Z,13.8,10.2,12.2,23,289,4.0,5.0
2024,Porsche,911 carrera gts cabriolet,Minicompact,3.0,6,M7,Z,13.8,9.6,11.9,24,278,4.0,5.0
2024,Porsche,911 carrera 4 gts cabriolet,Minicompact,3.0,6,AM8,Z,13.7,10.7,12.3,23,288,4.0,5.0
2024,Porsche,911 carrera 4 gts cabriolet,Minicompact,3.0,6,M7,Z,14.7,10.2,12.7,22,296,4.0,5.0
2024,Porsche,911 dakar,Minicompact,3.0,6,AM8,Z,14.7,9.8,12.5,23,293,4.0,5.0
2024,Porsche,911 gt3,Two-seater,4.0,6,AM7,Z,16.7,13.0,15.1,19,355,3.0,3.0
2024,Porsche,911 gt3,Two-seater,4.0,6,M6,Z,17.5,12.5,15.3,18,356,3.0,3.0
2024,Porsche,911 gt3 rs,Two-seater,4.0,6,AM7,Z,16.8,13.0,15.1,19,354,3.0,3.0
2024,Porsche,911 gt3 touring,Two-seater,4.0,6,AM7,Z,16.7,13.0,15.1,19,355,3.0,3.0
2024,Porsche,911 gt3 touring,Two-seater,4.0,6,M6,Z,17.5,12.5,15.3,18,356,3.0,3.0
2024,Porsche,911 s/t,Two-seater,4.0,6,M6,Z,18.1,12.3,15.5,18,363,2.0,3.0
2024,Porsche,911 targa 4,Minicompact,3.0,6,AM8,Z,13.1,9.8,11.6,24,275,4.0,5.0
2024,Porsche,911 targa 4s,Minicompact,3.0,6,AM8,Z,13.1,10.2,11.8,24,274,4.0,5.0
2024,Porsche,911 targa 4s,Minicompact,3.0,6,M7,Z,13.7,9.8,11.9,24,278,4.0,5.0
2024,Porsche,911 targa 4 gts,Minicompact,3.0,6,AM8,Z,13.6,10.7,12.3,23,286,4.0,5.0
2024,Porsche,911 targa 4 gts,Minicompact,3.0,6,M7,Z,14.7,10.2,12.7,22,296,4.0,5.0
2024,Porsche,911 turbo,Minicompact,3.7,6,AM8,Z,16.5,11.4,14.2,20,332,3.0,5.0
2024,Porsche,911 turbo cabriolet,Minicompact,3.7,6,AM8,Z,16.9,11.5,14.5,19,339,3.0,5.0
2024,Porsche,911 turbo s,Minicompact,3.7,6,AM8,Z,16.6,11.8,14.4,20,345,3.0,5.0
2024,Porsche,911 turbo s cabriolet,Minicompact,3.7,6,AM8,Z,16.7,11.8,14.5,19,341,3.0,5.0
2024,Porsche,cayenne,Sport utility vehicle: Standard,3.0,6,AS8,Z,13.8,10.2,12.2,23,291,4.0,5.0
2024,Porsche,cayenne coupe,Sport utility vehicle: Standard,3.0,6,AS8,Z,13.8,10.2,12.2,23,291,4.0,5.0
2024,Porsche,cayenne s,Sport utility vehicle: Standard,4.0,8,AS8,Z,15.3,11.2,13.5,21,324,3.0,3.0
2024,Porsche,cayenne s coupe,Sport utility vehicle: Standard,4.0,8,AS8,Z,15.7,11.0,13.6,21,324,3.0,3.0
2024,Porsche,cayenne turbo gt coupe,Sport utility vehicle: Standard,4.0,8,AS8,Z,15.5,11.8,13.8,20,324,3.0,3.0
2024,Porsche,macan,Sport utility vehicle: Small,2.0,4,AM7,Z,12.4,9.3,11.0,26,263,4.0,5.0
2024,Porsche,macan t,Sport utility vehicle: Small,2.0,4,AM7,Z,12.2,9.6,11.0,26,259,4.0,5.0
2024,Porsche,macan s,Sport utility vehicle: Small,2.9,6,AM7,Z,13.8,10.1,12.2,23,289,4.0,5.0
2024,Porsche,macan gts,Sport utility vehicle: Small,2.9,6,AM7,Z,13.5,10.7,12.2,23,290,4.0,5.0
2024,Porsche,panamera 4,Full-size,2.9,6,AM8,Z,12.5,9.0,10.9,26,258,4.0,5.0
2024,Ram,1500 etorque,Pickup truck: Standard,3.6,6,A8,X,11.9,9.4,10.8,26,253,5.0,7.0
2024,Ram,1500 etorque,Pickup truck: Standard,5.7,8,A8,X,13.0,10.0,11.7,24,275,4.0,5.0
2024,Ram,1500 4x4 etorque,Pickup truck: Standard,3.6,6,A8,X,12.1,9.7,11.0,26,259,4.0,7.0
2024,Ram,1500 4x4 etorque,Pickup truck: Standard,5.7,8,A8,X,13.4,10.5,12.1,23,284,4.0,5.0
2024,Ram,1500 4x4 trx,Pickup truck: Standard,6.2,8,A8,Z,22.4,16.5,19.8,14,465,1.0,1.0
2024,Ram,1500 classic,Pickup truck: Standard,3.6,6,A8,X,13.9,9.6,11.9,24,280,4.0,7.0
2024,Ram,1500 classic,Pickup truck: Standard,5.7,8,A8,X,16.1,11.1,13.8,20,325,3.0,5.0
2024,Ram,1500 classic 4x4,Pickup truck: Standard,3.6,6,A8,X,14.5,10.1,12.5,23,294,4.0,7.0
2024,Ram,1500 classic 4x4,Pickup truck: Standard,5.7,8,A8,X,16.2,11.6,14.1,20,330,3.0,5.0
2024,Rolls-Royce,cullinan,Station wagon: Mid-size,6.7,12,AS8,Z,20.1,12.4,16.7,17,390,2.0,3.0
2024,Rolls-Royce,cullinan black badge,Station wagon: Mid-size,6.7,12,AS8,Z,20.1,12.4,16.7,17,390,2.0,3.0
2024,Rolls-Royce,ghost,Full-size,6.7,12,AS8,Z,19.9,12.7,16.7,17,388,2.0,3.0
2024,Rolls-Royce,ghost black badge,Full-size,6.7,12,AS8,Z,19.9,12.7,16.7,17,388,2.0,3.0
2024,Rolls-Royce,ghost extended,Full-size,6.7,12,AS8,Z,19.9,12.7,16.7,17,388,2.0,3.0
2024,Rolls-Royce,phantom,Full-size,6.7,12,AS8,Z,20.2,13.1,17.0,17,397,2.0,3.0
2024,Rolls-Royce,phantom extended,Full-size,6.7,12,AS8,Z,20.2,13.1,17.0,17,397,2.0,3.0
2024,Subaru,ascent awd,Sport utility vehicle: Standard,2.4,4,AV8,X,12.3,9.4,11.0,26,256,5.0,5.0
2024,Subaru,brz,Minicompact,2.4,4,AS6,Z,11.0,7.7,9.5,30,224,5.0,3.0
2024,Subaru,brz,Minicompact,2.4,4,M6,Z,12.0,8.8,10.5,27,247,5.0,3.0
2024,Subaru,crosstrek awd,Sport utility vehicle: Small,2.0,4,AV8,X,8.8,7.1,8.0,35,188,6.0,7.0
2024,Subaru,crosstrek awd,Sport utility vehicle: Small,2.5,4,AV8,X,8.9,7.2,8.1,35,190,6.0,7.0
2024,Subaru,crosstrek wilderness awd,Sport utility vehicle: Small,2.5,4,AV8,X,9.4,8.1,8.8,32,206,5.0,7.0
2024,Subaru,forester awd,Sport utility vehicle: Small,2.5,4,AV8,X,9.0,7.2,8.2,34,192,6.0,7.0
2024,Subaru,forester wilderness awd,Sport utility vehicle: Small,2.5,4,AV8,X,9.5,8.3,9.0,31,210,5.0,7.0
2024,Subaru,impreza awd,Station wagon: Small,2.0,4,AV8,X,8.8,6.9,8.0,35,185,6.0,7.0
2024,Subaru,impreza awd,Station wagon: Small,2.5,4,AV8,X,9.0,7.2,8.2,34,190,6.0,7.0
2024,Subaru,legacy awd,Mid-size,2.4,4,AV8,X,10.1,7.5,9.0,31,209,5.0,6.0
2024,Subaru,outback awd,Sport utility vehicle: Small,2.4,4,AV8,X,10.6,8.1,9.5,30,221,5.0,6.0
2024,Subaru,outback awd,Sport utility vehicle: Small,2.5,4,AV8,X,9.2,7.3,8.3,34,195,6.0,7.0
2024,Subaru,outback wilderness awd,Sport utility vehicle: Small,2.4,4,AV8,X,11.0,9.0,10.1,28,235,5.0,6.0
2024,Subaru,wrx awd,Mid-size,2.4,4,AV8,Z,12.7,9.4,11.2,25,262,4.0,3.0
2024,Subaru,wrx awd,Mid-size,2.4,4,M6,Z,12.3,9.0,10.8,26,254,5.0,3.0
2024,Toyota,4runner 4wd,Sport utility vehicle: Standard,4.0,6,AS5,X,14.9,12.6,13.8,20,323,3.0,5.0
2024,Toyota,4runner 4wd (part-time 4wd),Sport utility vehicle: Standard,4.0,6,AS5,X,14.8,12.5,13.8,20,320,3.0,5.0
2024,Toyota,camry se,Mid-size,2.5,4,AS8,X,8.5,6.1,7.4,38,174,6.0,7.0
2024,Toyota,camry xse v6/trd,Mid-size,3.5,6,AS8,X,10.7,7.4,9.2,31,215,5.0,5.0
2024,Toyota,camry awd se,Mid-size,2.5,4,AS8,X,9.4,6.8,8.2,34,192,6.0,6.0
2024,Toyota,camry awd xse,Mid-size,2.5,4,AS8,X,9.5,7.0,8.4,34,195,6.0,6.0
2024,Toyota,camry hybrid le,Mid-size,2.5,4,AV6,X,4.9,4.8,4.9,58,113,8.0,7.0
2024,Toyota,camry hybrid se/xle/xse,Mid-size,2.5,4,AV6,X,5.3,5.0,5.1,55,121,8.0,7.0
2024,Toyota,corolla (1-mode),Compact,2.0,4,AV10,X,7.4,5.7,6.7,42,158,7.0,7.0
2024,Toyota,corolla (3-mode),Compact,2.0,4,AV10,X,7.6,5.9,6.8,42,160,7.0,7.0
2024,Toyota,corolla hatchback,Compact,2.0,4,AV10,X,7.5,5.9,6.8,42,159,7.0,7.0
2024,Toyota,corolla hybrid,Compact,1.8,4,AV,X,4.4,5.1,4.7,60,110,8.0,7.0
2024,Toyota,corolla hybrid awd (2-mode),Compact,1.8,4,AV,X,4.6,5.3,4.9,58,115,8.0,7.0
2024,Toyota,corolla hybrid awd (3-mode),Compact,1.8,4,AV,X,5.0,5.7,5.3,53,124,8.0,7.0
2024,Toyota,corolla cross,Sport utility vehicle: Small,2.0,4,AV10,X,7.6,7.2,7.4,38,172,6.0,7.0
2024,Toyota,corolla cross awd,Sport utility vehicle: Small,2.0,4,AV10,X,8.1,7.5,7.8,36,183,6.0,7.0
2024,Toyota,corolla cross hybrid awd,Sport utility vehicle: Small,2.0,4,AV6,X,5.2,6.2,5.6,50,130,8.0,7.0
2024,Toyota,crown awd,Mid-size,2.4,4,AS6,X,8.1,7.3,7.8,36,182,6.0,7.0
2024,Toyota,crown awd,Mid-size,2.5,4,AV,X,5.6,5.7,5.7,50,133,7.0,7.0
2024,Toyota,gr corolla,Subcompact,1.6,3,M6,Z,11.1,8.3,9.8,29,229,5.0,5.0
2024,Toyota,gr supra 2.0,Two-seater,2.0,4,AS8,Z,9.3,7.7,8.6,33,200,6.0,7.0
2024,Toyota,gr supra 3.0,Two-seater,3.0,6,AS8,Z,10.2,7.7,9.1,31,212,5.0,5.0
2024,Toyota,gr supra 3.0,Two-seater,3.0,6,M6,Z,12.7,8.8,10.9,26,255,5.0,5.0
2024,Toyota,gr86,Minicompact,2.4,4,AS6,Z,11.2,7.8,9.7,29,227,5.0,3.0
2024,Toyota,gr86,Minicompact,2.4,4,M6,Z,12.0,8.9,10.6,27,249,5.0,3.0
2024,Toyota,grand highlander awd limited,Sport utility vehicle: Standard,2.4,4,AS8,X,11.6,9.0,10.7,26,249,5.0,7.0
2024,Toyota,grand highlander awd xle,Sport utility vehicle: Standard,2.4,4,AS8,X,11.2,8.6,10.0,28,236,5.0,7.0
2024,Toyota,grand highlander hybrid awd limited,Sport utility vehicle: Standard,2.5,4,AV6,X,6.6,7.4,7.0,40,161,7.0,7.0
2024,Toyota,grand highlander hybrid awd xle,Sport utility vehicle: Standard,2.5,4,AV6,X,6.6,7.4,7.0,40,161,7.0,7.0
2024,Toyota,grand highlander platinum hybrid max awd,Sport utility vehicle: Standard,2.4,4,AS6,X,9.0,8.6,8.8,32,206,5.0,7.0
2024,Toyota,highlander awd,Sport utility vehicle: Small,2.4,4,AS8,X,11.0,8.4,9.9,29,232,5.0,7.0
2024,Toyota,highlander hybrid awd,Sport utility vehicle: Standard,2.5,4,AV,X,6.7,6.8,6.7,42,158,7.0,7.0
2024,Toyota,highlander hybrid awd limited/platinum,Sport utility vehicle: Standard,2.5,4,AV,X,6.6,6.8,6.7,42,156,7.0,7.0
2024,Toyota,land cruiser,Sport utility vehicle: Standard,2.4,4,AS8,Z,10.7,9.5,10.1,28,236,5.0,6.0
2024,Toyota,prius awd,Mid-size,2.0,4,AV,X,4.8,4.7,4.8,59,111,8.0,7.0
2024,Toyota,rav4 awd,Sport utility vehicle: Small,2.5,4,AS8,X,9.5,7.2,8.5,33,199,6.0,6.0
2024,Toyota,rav4 awd (stop/start),Sport utility vehicle: Small,2.5,4,AS8,X,8.8,7.1,8.0,35,187,6.0,6.0
2024,Toyota,rav4 awd le,Sport utility vehicle: Small,2.5,4,AS8,X,8.7,6.9,7.9,36,184,6.0,6.0
2024,Toyota,rav4 hybrid awd,Sport utility vehicle: Small,2.5,4,AV,X,5.8,6.3,6.0,47,139,7.0,7.0
2024,Toyota,rav4 hybrid awd woodland edition,Sport utility vehicle: Small,2.5,4,AV,X,6.1,6.8,6.4,44,149,7.0,7.0
2024,Toyota,sequoia 4wd,Sport utility vehicle: Standard,3.4,6,AS10,X,12.6,10.5,11.7,24,273,4.0,5.0
2024,Toyota,sienna,Minivan,2.5,4,AV,X,6.6,6.5,6.6,43,153,7.0,7.0
2024,Toyota,sienna awd,Minivan,2.5,4,AV,X,6.8,6.6,6.7,42,158,7.0,7.0
2024,Toyota,tacoma 4wd (2-mode),Pickup truck: Small,2.4,4,AS8,X,12.5,9.6,11.2,25,264,4.0,7.0
2024,Toyota,tacoma 4wd (3-mode),Pickup truck: Small,2.4,4,AS8,X,12.4,10.2,11.4,25,269,4.0,7.0
2024,Toyota,tacoma 4wd,Pickup truck: Small,2.4,4,M6,X,13.2,10.3,11.9,24,279,4.0,5.0
2024,Toyota,tacoma hybrid 4wd,Pickup truck: Standard,2.4,4,AS8,X,10.5,9.9,10.3,27,241,5.0,7.0
2024,Toyota,tacoma hybrid 4wd limited,Pickup truck: Standard,2.4,4,AS8,X,10.3,9.7,10.0,28,235,5.0,7.0
2024,Toyota,tundra,Pickup truck: Standard,3.4,6,AS10,X,13.3,10.5,12.0,24,283,4.0,5.0
2024,Toyota,tundra 4wd,Pickup truck: Standard,3.4,6,AS10,X,13.7,10.8,12.4,23,291,4.0,5.0
2024,Toyota,tundra 4wd trd,Pickup truck: Standard,3.4,6,AS10,X,13.5,10.6,12.2,23,286,4.0,5.0
2024,Toyota,tundra hybrid 4wd,Pickup truck: Standard,3.4,6,AS10,X,12.7,10.5,11.7,24,274,4.0,5.0
2024,Toyota,tundra hybrid 4wd trd pro,Pickup truck: Standard,3.4,6,AS10,X,12.9,11.6,12.3,23,287,4.0,5.0
2024,Toyota,venza awd,Sport utility vehicle: Small,2.5,4,AV,X,5.9,6.4,6.1,46,141,7.0,7.0
2024,Volkswagen,atlas 4motion comfortline,Sport utility vehicle: Small,2.0,4,AS8,X,12.2,9.2,10.8,26,253,5.0,3.0
2024,Volkswagen,atlas 4motion highline/execline,Sport utility vehicle: Small,2.0,4,AS8,X,12.6,9.4,11.2,25,262,4.0,3.0
2024,Volkswagen,atlas 4motion peak edition,Sport utility vehicle: Small,2.0,4,AS8,X,13.0,9.7,11.5,25,270,4.0,3.0
2024,Volkswagen,atlas cross sport 4motion,Sport utility vehicle: Small,2.0,4,AS8,X,12.2,9.2,10.8,26,253,5.0,3.0
2024,Volkswagen,golf gti,Compact,2.0,4,AM7,X,9.9,7.4,8.8,32,205,5.0,5.0
2024,Volkswagen,golf gti,Compact,2.0,4,M6,X,10.1,7.0,8.7,32,203,5.0,5.0
2024,Volkswagen,golf r,Compact,2.0,4,AM7,Z,10.5,7.7,9.3,30,217,5.0,5.0
2024,Volkswagen,golf r,Compact,2.0,4,M6,Z,11.8,8.3,10.2,28,237,5.0,5.0
2024,Volkswagen,jetta,Compact,1.5,4,AS8,X,7.9,5.7,6.9,41,162,7.0,7.0
2024,Volkswagen,jetta comfortline/highline,Compact,1.5,4,AS8,X,8.1,5.9,7.1,40,168,6.0,7.0
2024,Volkswagen,jetta,Compact,1.5,4,M6,X,8.2,5.6,7.0,40,165,7.0,7.0
2024,Volkswagen,jetta gli,Compact,2.0,4,AM7,X,9.0,6.5,7.9,36,185,6.0,7.0
2024,Volkswagen,jetta gli,Compact,2.0,4,M6,X,9.8,6.7,8.4,34,198,6.0,7.0
2024,Volkswagen,taos,Sport utility vehicle: Small,1.5,4,AS8,X,8.4,6.5,7.5,38,178,6.0,7.0
2024,Volkswagen,taos 4motion,Sport utility vehicle: Small,1.5,4,AM7,X,9.9,7.5,8.8,32,208,5.0,7.0
2024,Volkswagen,tiguan 4motion,Sport utility vehicle: Small,2.0,4,AS8,X,10.6,8.0,9.4,30,222,5.0,7.0
2024,Volkswagen,tiguan r-line 4motion,Sport utility vehicle: Small,2.0,4,AS8,X,10.9,8.1,9.7,29,228,5.0,7.0
2024,Volvo,s60 b5 awd,Compact,2.0,4,AS8,Z,9.5,7.1,8.4,34,196,6.0,5.0
2024,Volvo,s90 b6 awd,Mid-size,2.0,4,AS8,Z,10.6,7.6,9.2,31,216,5.0,7.0
2024,Volvo,v60 cc b5 awd,Station wagon: Small,2.0,4,AS8,Z,10.0,7.5,8.9,32,207,5.0,5.0
2024,Volvo,v90 cc b6 awd,Station wagon: Mid-size,2.0,4,AS8,Z,10.7,8.1,9.5,30,223,5.0,7.0
2024,Volvo,xc40 b5 awd,Sport utility vehicle: Small,2.0,4,AS8,Z,9.9,7.8,9.0,31,210,5.0,5.0
2024,Volvo,xc60 b5 awd,Sport utility vehicle: Small,2.0,4,AS8,Z,10.6,8.3,9.6,29,226,5.0,5.0
2024,Volvo,xc90 b6 awd,Sport utility vehicle: Standard,2.0,4,AS8,Z,10.9,8.6,9.8,29,230,5.0,7.0
